-5.	0.	0.	0.	0.	0.	0	0
-4.95	0.	0.	0.	0.	0.	0	0
-4.9	0.	0.	0.	0.	0.	0	0
-4.85	0.	0.	0.	0.	0.	0	0
-4.8	0.	0.	0.	0.	0.	0	0
-4.75	0.	0.	0.	0.	0.	0	0
-4.7	0.	0.	0.	0.	0.	0	0
-4.65	0.	0.	0.	0.	0.	0	0
-4.6	0.	0.	0.	0.	0.	0	0
-4.55	0.	0.	0.	0.	0.	0	0
-4.5	0.	0.	0.	0.	0.	0	0
-4.45	0.	0.	0.	0.	0.	0	0
-4.4	0.	0.	0.	0.	0.	0	0
-4.35	0.	0.	0.	0.	0.	0	0
-4.3	0.	0.	0.	0.	0.	0	0
-4.25	0.	0.	0.	0.	0.	0	0
-4.2	0.	0.	0.	0.	0.	0	0
-4.15	0.	0.	0.	0.	0.	0	0
-4.1	0.	0.	0.	0.	0.	0	0
-4.05	0.	0.	0.	0.	0.	0	0
-4.	0.	0.	0.	0.	0.	0	0
-3.95	0.	0.	0.	0.	0.	0	0
-3.9	0.	0.	0.	0.	0.	0	0
-3.8499999999999996	0.	0.	0.	0.	0.	0	0
-3.8	0.	0.	0.	0.	0.	0	0
-3.75	0.	0.	0.	0.	0.	0	0
-3.7	0.	0.	0.	0.	0.	0	0
-3.65	0.	0.	0.	0.	0.	0	0
-3.5999999999999996	0.	0.	0.	0.	0.	0	0
-3.55	0.	0.	0.	0.	0.	0	0
-3.5	0.	0.	0.	0.	0.	0	0
-3.45	0.	0.	0.	0.	0.	0	0
-3.4	0.	0.	0.	0.	0.	0	0
-3.3499999999999996	0.	0.	0.	0.	0.	0	0
-3.3	0.	0.	0.	0.	0.	0	0
-3.25	0.	0.	0.	0.	0.	0	0
-3.2	0.	0.	0.	0.	0.	0	0
-3.15	0.	0.	0.	0.	0.	0	0
-3.0999999999999996	0.	0.	0.	0.	0.	0	0
-3.05	0.	0.	0.	0.	0.	0	0
-3.	0.	0.	0.	0.	0.	0	0
-2.9499999999999997	0.	0.	0.	0.	0.	0	0
-2.9	0.	0.	0.	0.	0.	0	0
-2.85	0.	0.	0.	0.	0.	0	0
-2.8	0.	0.	0.	0.	0.	0	0
-2.75	0.	0.	0.	0.	0.	0	0
-2.6999999999999997	0.	0.	0.	0.	0.	0	0
-2.65	0.	0.	0.	0.	0.	0	0
-2.5999999999999996	0.	0.	0.	0.	0.	0	0
-2.55	0.	0.	0.	0.	0.	0	0
-2.5	0.	0.	0.	0.	0.	0	0
-2.4499999999999997	0.	0.	0.	0.	0.	0	0
-2.4	0.	0.	0.	0.	0.	0	0
-2.3499999999999996	0.	0.	0.	0.	0.	0	0
-2.3	0.	0.	0.	0.	0.	0	0
-2.25	0.	0.	0.	0.	0.	0	0
-2.1999999999999997	0.	0.	0.	0.	0.	0	0
-2.15	0.	0.	0.	0.	0.	0	0
-2.0999999999999996	0.	0.	0.	0.	0.	0	0
-2.05	0.	0.	0.	0.	0.	0	0
-2.	0.	0.	0.	0.	0.	0	0
-1.9499999999999997	0.	0.	0.	0.	0.	0	0
-1.9	0.	0.	0.	0.	0.	0	0
-1.8499999999999996	0.	0.	0.	0.	0.	0	0
-1.7999999999999998	0.	0.	0.	0.	0.	0	0
-1.75	0.	0.	0.	0.	0.	0	0
-1.6999999999999997	0.	0.	0.	0.	0.	0	0
-1.65	0.	0.	0.	0.	0.	0	0
-1.5999999999999996	0.	0.	0.	0.	0.	0	0
-1.5499999999999998	0.	0.	0.	0.	0.	0	0
-1.5	0.	0.	0.	0.	0.	0	0
-1.4499999999999997	0.	0.	0.	0.	0.	0	0
-1.4	0.	0.	0.	0.	0.	0	0
-1.3499999999999996	0.	0.	0.	0.	0.	0	0
-1.2999999999999998	0.	0.	0.	0.	0.	0	0
-1.25	0.	0.	0.	0.	0.	0	0
-1.1999999999999997	0.	0.	0.	0.	0.	0	0
-1.15	0.	0.	0.	0.	0.	0	0
-1.0999999999999996	0.	0.	0.	0.	0.	0	0
-1.0499999999999998	0.	0.	0.	0.	0.	0	0
-1.	0.	0.	0.	0.	0.	0	0
-0.9500000000000002	0.	0.	0.	0.	0.	0	0
-0.8999999999999995	0.	0.	0.	0.	0.	0	0
-0.8499999999999996	0.	0.	0.	0.	0.	0	0
-0.7999999999999998	0.	0.	0.	0.	0.	0	0
-0.75	0.	0.	0.	0.	0.	0	0
-0.7000000000000002	0.	0.	0.	0.	0.	0	0
-0.6499999999999995	0.	0.	0.	0.	0.	0	0
-0.5999999999999996	0.	0.	0.	0.	0.	0	0
-0.5499999999999998	0.	0.	0.	0.	0.	0	0
-0.5	0.	0.	0.	0.	0.	0	0
-0.4500000000000002	0.0001941157671339411	0.	0.	0.	0.	0	0
-0.39999999999999947	0.00037646694232037385	0.	0.	0.	0.	0	0
-0.34999999999999964	0.00053528893361178	0.	0.	0.	0.	0	0
-0.2999999999999998	0.0006588171490606513	0.	0.	0.	0.	0	0
-0.25	0.0007352869967194764	0.	0.	0.	0.	0	0
-0.1999999999999993	0.0007529338846407437	0.	0.	0.	0.	0	0
-0.14999999999999947	0.0006999932208769405	0.	0.	0.	0.	0	0
-0.09999999999999964	0.0005647004134805567	0.	0.	0.	0.	0	0
-0.04999999999999982	0.00033529087050408025	0.	0.	0.	0.	0	0
0.	0.	0.	0.	0.	0.	0	0
0.05000000000000071	-0.0001122798219482992	-0.00005276373624636839	-1.922885488495432e-6	-2.2979246851270585e-6	-2.3997722240286e-6	0.028488648017000757	-0.0002974802777242523
0.10000000000000053	-0.0003746160321695807	-0.0004018084882771036	-0.000028137232602837285	-0.00003390032148852983	-0.00003542470196783005	0.10114424466758495	-0.0021987533101517818
0.15000000000000036	-0.0008194190994617167	-0.0012867436288255694	-0.00013272194932671525	-0.00015979912098158078	-0.00016699900398210493	0.2005680308686049	-0.006835624795046138
0.20000000000000018	-0.0014790994926225758	-0.002884683979194097	-0.0003904815937898769	-0.0004696617167424593	-0.0004908469484140725	0.31173736142674535	-0.014877545762148314
0.25	-0.0023860676804500266	-0.0053111397928068006	-0.0008857791332408298	-0.0010642160659751535	-0.0011122661972731375	0.4219479107050208	-0.026589406906679568
0.3000000000000007	-0.003572734131741962	-0.008621799283445383	-0.0017029714769433708	-0.002043706853675546	-0.002136074903608616	0.5207558782892738	-0.04188933292284453
0.35000000000000053	-0.005071509315296209	-0.012816247000159294	-0.002918655028247649	-0.003498552376868258	-0.003656850905147952	0.5999201946546665	-0.06040647683733291
0.40000000000000036	-0.006914803699910656	-0.017842609423083026	-0.004595404607211452	-0.005501784255810865	-0.005750980348775362	0.6533447268321867	-0.08153881434282387
0.4500000000000002	-0.009135027754383171	-0.02360370046739921	-0.0067769812470581175	-0.008103618456224695	-0.008471053092760606	0.6770204840751388	-0.10451093813148794
0.5	-0.011764591947511623	-0.029964394600239686	-0.009485591438949392	-0.011327938553826942	-0.011842136130134712	0.668967823525644	-0.12843185222849
0.5500000000000007	-0.016193339642485254	-0.036760281557044305	-0.012719921356011573	-0.015170296762573256	-0.01585971559360322	0.6291786558811339	-0.15235276632549247
0.6000000000000005	-0.021013979753444344	-0.04380749034991331	-0.016455152954737835	-0.019598096470709744	-0.02048982607396728	0.5595586510608532	-0.1753248901141565
0.6500000000000004	-0.026176654088920705	-0.05091368232240627	-0.02064426045723075	-0.024552149917588428	-0.025670683378863385	0.4638694438723512	-0.19645722761964726
0.7000000000000002	-0.03163150445744605	-0.057890245946529334	-0.025220710124027445	-0.029950094926325818	-0.031316319925771705	0.34767083967798107	-0.2149743715341357
0.75	-0.03732867266755214	-0.06456566213508258	-0.03010257009343951	-0.0356914937301301	-0.037321860767895995	0.21826302006139994	-0.2302742975503004
0.8000000000000007	-0.04321830052777079	-0.07079984148965966	-0.03519751421308997	-0.04166407328860344	-0.043569931632049204	0.08462874849406116	-0.24198615869483164
0.8500000000000005	-0.04925052984663352	-0.07649960967459672	-0.040410052737051456	-0.04775226401877642	-0.04993998290591654	-0.04262442399828287	-0.2500280796619338
0.9000000000000004	-0.05537550243267218	-0.08163523707222463	-0.045649601519019534	-0.053846624992043374	-0.05631727454980075	-0.15132195316909303	-0.2546649511468282
0.9500000000000002	-0.061543360094418485	-0.08625826941887481	-0.05083846794220691	-0.05985462351116148	-0.06260537766720913	-0.22778009588453083	-0.2565662241792558
1.	-0.06770424464040417	-0.09051902528998299	-0.05592346096404323	-0.06571315111999632	-0.06873832433420621	-0.25686370445698	-0.25686370445698
1.0500000000000007	-0.07311947615028076	-0.09462609519601765	-0.060884698707209764	-0.0713994844581838	-0.07469211589560537	-0.25686370445698000458248840975942399449829757553414788501201825679651383791603715235913298467707705721892167517783330530049287	-0.25686370445698000458248840975942399449829757553414788501201825679651383791603715235913298467707705721892167517783330530049287
1.1000000000000005	-0.07846976493290739	-0.09863176053142118	-0.06572344141670688	-0.0769166657687267	-0.0804699504495796	-0.25686370445698000458248840975942399449829757553414788501201825679651383791603715235913298467707705721892167517783330530049287	-0.25686370445698000458248840975942399449829757553414788501201825679651383791603715235913298467707705721892167517783330530049287
1.1500000000000004	-0.08374699956826319	-0.1025385177561154	-0.07044270616977981	-0.0822697138484082	-0.08607701695156489	-0.25686370445698000458248840975942399449829757553414788501201825679651383791603715235913298467707705721892167517783330530049287	-0.25686370445698000458248840975942399449829757553414788501201825679651383791603715235913298467707705721892167517783330530049287
1.2000000000000002	-0.08894306863632714	-0.10634881929957447	-0.07504546205088482	-0.08746352697742016	-0.09151837483189933	-0.25686370445698000458248840975942399449829757553414788501201825679651383791603715235913298467707705721892167517783330530049287	-0.25686370445698000458248840975942399449829757553414788501201825679651383791603715235913298467707705721892167517783330530049287
1.25	-0.0940498607170783	-0.11006505323209399	-0.0795345723906807	-0.09250282907690954	-0.09679891313738925	-0.25686370445698000458248840975942399449829757553414788501201825679651383791603715235913298467707705721892167517783330530049287	-0.25686370445698000458248840975942399449829757553414788501201825679651383791603715235913298467707705721892167517783330530049287
1.3000000000000007	-0.09905926439049577	-0.11368952283422509	-0.08391284594685115	-0.09739222647724927	-0.10192338855750922	-0.25686370445698000458248840975942399449829757553414788501201825679651383791603715235913298467707705721892167517783330530049287	-0.25686370445698000458248840975942399449829757553414788501201825679651383791603715235913298467707705721892167517783330530049287
1.3500000000000005	-0.10396316823655839	-0.1172245117429222	-0.08818301999265848	-0.10213617223208417	-0.10689641463442356	-0.25686370445698000458248840975942399449829757553414788501201825679651383791603715235913298467707705721892167517783330530049287	-0.25686370445698000458248840975942399449829757553414788501201825679651383791603715235913298467707705721892167517783330530049287
1.4000000000000004	-0.10875346083524526	-0.12067221549105378	-0.09234775967610723	-0.10673899568138986	-0.11172246165196875	-0.25686370445698000458248840975942399449829757553414788501201825679651383791603715235913298467707705721892167517783330530049287	-0.25686370445698000458248840975942399449829757553414788501201825679651383791603715235913298467707705721892167517783330530049287
1.4500000000000002	-0.11342203076653543	-0.12403479528495856	-0.09640967689525597	-0.11120489618770968	-0.11640588289142005	-0.25686370445698000458248840975942399449829757553414788501201825679651383791603715235913298467707705721892167517783330530049287	-0.25686370445698000458248840975942399449829757553414788501201825679651383791603715235913298467707705721892167517783330530049287
1.5	-0.11796076661040789	-0.12731435750550135	-0.1003712982514643	-0.11553794219500506	-0.12095088197538638	-0.25686370445698000458248840975942399449829757553414788501201825679651383791603715235913298467707705721892167517783330530049287	-0.25686370445698000458248840975942399449829757553414788501201825679651383791603715235913298467707705721892167517783330530049287
1.5500000000000007	-0.12216309696341002	-0.13051293884336526	-0.10423511431174581	-0.11974209359659407	-0.1253615621466645	-0.25686370445698000458248840975942399449829757553414788501201825679651383791603715235913298467707705721892167517783330530049287	-0.25686370445698000458248840975942399449829757553414788501201825679651383791603715235913298467707705721892167517783330530049287
1.6000000000000005	-0.12623139826673616	-0.1336325556487301	-0.10800352516580804	-0.12382117464767063	-0.12964188610747612	-0.25686370445698000458248840975942399449829757553414788501201825679651383791603715235913298467707705721892167517783330530049287	-0.25686370445698000458248840975942399449829757553414788501201825679651383791603715235913298467707705721892167517783330530049287
1.6500000000000004	-0.13016958697814918	-0.13667514315398382	-0.11167891096832593	-0.12777895549541946	-0.13379576545951646	-0.25686370445698000458248840975942399449829757553414788501201825679651383791603715235913298467707705721892167517783330530049287	-0.25686370445698000458248840975942399449829757553414788501201825679651383791603715235913298467707705721892167517783330530049287
1.7000000000000002	-0.13398157955541176	-0.1396426125882561	-0.11526355197542419	-0.1316190081026218	-0.137826848302477	-0.25686370445698000458248840975942399449829757553414788501201825679651383791603715235913298467707705721892167517783330530049287	-0.25686370445698000458248840975942399449829757553414788501201825679651383791603715235913298467707705721892167517783330530049287
1.75	-0.13767129245628676	-0.14253683098267989	-0.11875966164873746	-0.13534475977984908	-0.1417387226426568	-0.25686370445698000458248840975942399449829757553414788501201825679651383791603715235913298467707705721892167517783330530049287	-0.25686370445698000458248840975942399449829757553414788501201825679651383791603715235913298467707705721892167517783330530049287
1.8000000000000007	-0.14124264213853693	-0.14535957284823756	-0.12216945264375932	-0.1389596373117912	-0.14553497648635522	-0.25686370445698000458248840975942399449829757553414788501201825679651383791603715235913298467707705721892167517783330530049287	-0.25686370445698000458248840975942399449829757553414788501201825679651383791603715235913298467707705721892167517783330530049287
1.8500000000000005	-0.14469954505992494	-0.14811260443884047	-0.1254950796278793	-0.14246704891000264	-0.14921912532875284	-0.25686370445698000458248840975942399449829757553414788501201825679651383791603715235913298467707705721892167517783330530049287	-0.25686370445698000458248840975942399449829757553414788501201825679651383791603715235913298467707705721892167517783330530049287
1.9000000000000004	-0.14804591767821362	-0.15079768264736257	-0.12873858067034558	-0.1458701665052598	-0.15279439402901535	-0.25686370445698000458248840975942399449829757553414788501201825679651383791603715235913298467707705721892167517783330530049287	-0.25686370445698000458248840975942399449829757553414788501201825679651383791603715235913298467707705721892167517783330530049287
1.9500000000000002	-0.15128567645116572	-0.15341647131528682	-0.13190198002962325	-0.14917200075063225	-0.1562639355239259	-0.25686370445698000458248840975942399449829757553414788501201825679651383791603715235913298467707705721892167517783330530049287	-0.25686370445698000458248840975942399449829757553414788501201825679651383791603715235913298467707705721892167517783330530049287
2.	-0.154422737836544	-0.15597058158254276	-0.1349872959179013	-0.15237555929437616	-0.15963090275759173	-0.25686370445698000458248840975942399449829757553414788501201825679651383791603715235913298467707705721892167517783330530049287	-0.25686370445698000458248840975942399449829757553414788501201825679651383791603715235913298467707705721892167517783330530049287
2.0500000000000007	-0.15747999154823775	-0.15846162403029027	-0.13799644997058527	-0.1554838476025017	-0.16289842709748775	-0.25686370445698000458248840975942399449829757553414788501201825679651383791603715235913298467707705721892167517783330530049287	-0.25686370445698000458248840975942399449829757553414788501201825679651383791603715235913298467707705721892167517783330530049287
2.1000000000000005	-0.16044123089357246	-0.160891189259349	-0.14093128804257238	-0.15849973567590198	-0.16606941493137112	-0.25686370445698000458248840975942399449829757553414788501201825679651383791603715235913298467707705721892167517783330530049287	-0.25686370445698000458248840975942399449829757553414788501201825679651383791603715235913298467707705721892167517783330530049287
2.1500000000000004	-0.16330922243600024	-0.16326076874341652	-0.1437936541191966	-0.16142588253891182	-0.1691466396545489	-0.25686370445698000458248840975942399449829757553414788501201825679651383791603715235913298467707705721892167517783330530049287	-0.25686370445698000458248840975942399449829757553414788501201825679651383791603715235913298467707705721892167517783330530049287
2.2	-0.16608673273897318	-0.16557182438362728	-0.1465853733272287	-0.16426492910324667	-0.17213287298447294	-0.25686370445698000458248840975942399449829757553414788501201825679651383791603715235913298467707705721892167517783330530049287	-0.25686370445698000458248840975942399449829757553414788501201825679651383791603715235913298467707705721892167517783330530049287
2.25	-0.16877652836594334	-0.16782581810336006	-0.1493081645969132	-0.16701951628062187	-0.17503088297544525	-0.25686370445698000458248840975942399449829757553414788501201825679651383791603715235913298467707705721892167517783330530049287	-0.25686370445698000458248840975942399449829757553414788501201825679651383791603715235913298467707705721892167517783330530049287
2.3000000000000007	-0.1713813758803628	-0.17002418295968336	-0.15196371000246872	-0.1696922268312912	-0.17784329758077788	-0.25686370445698000458248840975942399449829757553414788501201825679651383791603715235913298467707705721892167517783330530049287	-0.25686370445698000458248840975942399449829757553414788501201825679651383791603715235913298467707705721892167517783330530049287
2.3500000000000005	-0.17390404184568362	-0.1721682644444741	-0.154553691366176	-0.17228542905292338	-0.18057256543865355	-0.25686370445698000458248840975942399449829757553414788501201825679651383791603715235913298467707705721892167517783330530049287	-0.25686370445698000458248840975942399449829757553414788501201825679651383791603715235913298467707705721892167517783330530049287
2.4000000000000004	-0.17634729282535783	-0.17425939168019763	-0.15707974755954643	-0.17480144227603814	-0.1832211235963829	-0.25686370445698000458248840975942399449829757553414788501201825679651383791603715235913298467707705721892167517783330530049287	-0.25686370445698000458248840975942399449829757553414788501201825679651383791603715235913298467707705721892167517783330530049287
2.45	-0.17871389538283752	-0.1762988933366082	-0.1595434250169037	-0.17724258583122926	-0.18579140904548153	-0.25686370445698000458248840975942399449829757553414788501201825679651383791603715235913298467707705721892167517783330530049287	-0.25686370445698000458248840975942399449829757553414788501201825679651383791603715235913298467707705721892167517783330530049287
2.5	-0.18100661608157478	-0.1782880572312866	-0.16194625826638484	-0.17961116114451453	-0.1882857913746008	-0.25686370445698000458248840975942399449829757553414788501201825679651383791603715235913298467707705721892167517783330530049287	-0.25686370445698000458248840975942399449829757553414788501201825679651383791603715235913298467707705721892167517783330530049287
2.5500000000000007	-0.18324144278933402	-0.1802280991571804	-0.16428977831918862	-0.18190929922250765	-0.19070644698362074	-0.25686370445698000458248840975942399449829757553414788501201825679651383791603715235913298467707705721892167517783330530049287	-0.25686370445698000458248840975942399449829757553414788501201825679651383791603715235913298467707705721892167517783330530049287
2.6000000000000005	-0.18540711947408445	-0.18212022763960173	-0.16657544824382364	-0.18413903745627003	-0.19305551822298725	-0.25686370445698000458248840975942399449829757553414788501201825679651383791603715235913298467707705721892167517783330530049287	-0.25686370445698000458248840975942399449829757553414788501201825679651383791603715235913298467707705721892167517783330530049287
2.6500000000000004	-0.18750561140810776	-0.18396564920937233	-0.16880467002775246	-0.18630241231738212	-0.19533514744314642	-0.25686370445698000458248840975942399449829757553414788501201825679651383791603715235913298467707705721892167517783330530049287	-0.25686370445698000458248840975942399449829757553414788501201825679651383791603715235913298467707705721892167517783330530049287
2.7	-0.18953888386368556	-0.18576551917335285	-0.17097884351458723	-0.18840145726687083	-0.1975474534542052	-0.25686370445698000458248840975942399449829757553414788501201825679651383791603715235913298467707705721892167517783330530049287	-0.25686370445698000458248840975942399449829757553414788501201825679651383791603715235913298467707705721892167517783330530049287
2.75	-0.19150890211309948	-0.18752093884884022	-0.17309937068280704	-0.19043809948956386	-0.19969438997655162	-0.25686370445698000458248840975942399449829757553414788501201825679651383791603715235913298467707705721892167517783330530049287	-0.25686370445698000458248840975942399449829757553414788501201825679651383791603715235913298467707705721892167517783330530049287
2.8000000000000007	-0.19341763142863116	-0.1892330070132154	-0.17516756698837008	-0.19241413518453085	-0.20177784064148027	-0.25686370445698000458248840975942399449829757553414788501201825679651383791603715235913298467707705721892167517783330530049287	-0.25686370445698000458248840975942399449829757553414788501201825679651383791603715235913298467707705721892167517783330530049287
2.8500000000000005	-0.1952670370825622	-0.190902824882475	-0.17718467617377992	-0.19433135258166517	-0.20379968885416275	-0.25686370445698000458248840975942399449829757553414788501201825679651383791603715235913298467707705721892167517783330530049287	-0.25686370445698000458248840975942399449829757553414788501201825679651383791603715235913298467707705721892167517783330530049287
2.9000000000000004	-0.19705908434717426	-0.1925314434600261	-0.17915194120914069	-0.19619153986790416	-0.20576181263454532	-0.25686370445698000458248840975942399449829757553414788501201825679651383791603715235913298467707705721892167517783330530049287	-0.25686370445698000458248840975942399449829757553414788501201825679651383791603715235913298467707705721892167517783330530049287
2.95	-0.1987957384947489	-0.19411983915898984	-0.1810706050645564	-0.19799643515649387	-0.2076659774670383	-0.25686370445698000458248840975942399449829757553414788501201825679651383791603715235913298467707705721892167517783330530049287	-0.25686370445698000458248840975942399449829757553414788501201825679651383791603715235913298467707705721892167517783330530049287
3.	-0.20047896479756783	-0.19566898491608967	-0.1829419107101312	-0.19974763369095486	-0.2095138430847726	-0.25686370445698000458248840975942399449829757553414788501201825679651383791603715235913298467707705721892167517783330530049287	-0.25686370445698000458248840975942399449829757553414788501201825679651383791603715235913298467707705721892167517783330530049287
3.0500000000000007	-0.202119993786297	-0.1971798536680489	-0.18476707204861817	-0.201446705663743	-0.21130706519394352	-0.25686370445698000458248840975942399449829757553414788501201825679651383791603715235913298467707705721892167517783330530049287	-0.25686370445698000458248840975942399449829757553414788501201825679651383791603715235913298467707705721892167517783330530049287
3.0999999999999996	-0.2037109639440224	-0.19865341835159095	-0.1865471883537957	-0.20309522126731394	-0.21304729988587526	-0.25686370445698000458248840975942399449829757553414788501201825679651383791603715235913298467707705721892167517783330530049287	-0.25686370445698000458248840975942399449829757553414788501201825679651383791603715235913298467707705721892167517783330530049287
3.1500000000000004	-0.20525327901221466	-0.20009064344440242	-0.18828333138876263	-0.20469474411974029	-0.2147361626831723	-0.25686370445698000458248840975942399449829757553414788501201825679651383791603715235913298467707705721892167517783330530049287	-0.25686370445698000458248840975942399449829757553414788501201825679651383791603715235913298467707705721892167517783330530049287
3.200000000000001	-0.20674834273234413	-0.20149241146363364	-0.18997657292410294	-0.20624671621594973	-0.21637511457563516	-0.25686370445698000458248840975942399449829757553414788501201825679651383791603715235913298467707705721892167517783330530049287	-0.25686370445698000458248840975942399449829757553414788501201825679651383791603715235913298467707705721892167517783330530049287
3.25	-0.20819755884588126	-0.20285955980307252	-0.19162798473040066	-0.20775249288875733	-0.2179655854208924	-0.25686370445698000458248840975942399449829757553414788501201825679651383791603715235913298467707705721892167517783330530049287	-0.25686370445698000458248840975942399449829757553414788501201825679651383791603715235913298467707705721892167517783330530049287
3.3000000000000007	-0.20960233109429655	-0.2041929254514802	-0.19323863855684364	-0.20921342819382877	-0.21950900507657278	-0.25686370445698000458248840975942399449829757553414788501201825679651383791603715235913298467707705721892167517783330530049287	-0.25686370445698000458248840975942399449829757553414788501201825679651383791603715235913298467707705721892167517783330530049287
3.3499999999999996	-0.21096406321906036	-0.2054933453976176	-0.1948095732654725	-0.21063087618682955	-0.22100680340030482	-0.25686370445698000458248840975942399449829757553414788501201825679651383791603715235913298467707705721892167517783330530049287	-0.25686370445698000458248840975942399449829757553414788501201825679651383791603715235913298467707705721892167517783330530049287
3.4000000000000004	-0.21228415896164324	-0.20676165663024584	-0.19634173154880832	-0.21200618989336778	-0.2224603947302945	-0.25686370445698000458248840975942399449829757553414788501201825679651383791603715235913298467707705721892167517783330530049287	-0.25686370445698000458248840975942399449829757553414788501201825679651383791603715235913298467707705721892167517783330530049287
3.450000000000001	-0.21356402206351563	-0.2079986886353844	-0.1978360388179764	-0.2133406475554785	-0.2238710594857362	-0.25686370445698000458248840975942399449829757553414788501201825679651383791603715235913298467707705721892167517783330530049287	-0.25686370445698000458248840975942399449829757553414788501201825679651383791603715235913298467707705721892167517783330530049287
3.5	-0.2148050562661479	-0.20920520078103153	-0.19929342048410198	-0.21463540640416812	-0.22524001085706175	-0.25686370445698000458248840975942399449829757553414788501201825679651383791603715235913298467707705721892167517783330530049287	-0.25686370445698000458248840975942399449829757553414788501201825679651383791603715235913298467707705721892167517783330530049287
3.5500000000000007	-0.21601519476175537	-0.21038191451886723	-0.20071480195831046	-0.21589161295444503	-0.2265684616110252	-0.25686370445698000458248840975942399449829757553414788501201825679651383791603715235913298467707705721892167517783330530049287	-0.25686370445698000458248840975942399449829757553414788501201825679651383791603715235913298467707705721892167517783330530049287
3.5999999999999996	-0.21718891611677607	-0.21152955095092968	-0.20210110841394716	-0.2171104137213175	-0.2278576245143805	-0.25686370445698000458248840975942399449829757553414788501201825679651383791603715235913298467707705721892167517783330530049287	-0.25686370445698000458248840975942399449829757553414788501201825679651383791603715235913298467707705721892167517783330530049287
3.6500000000000004	-0.21832722834839297	-0.21264883117925718	-0.20345322666895974	-0.21829295521979397	-0.22910871180777995	-0.25686370445698000458248840975942399449829757553414788501201825679651383791603715235913298467707705721892167517783330530049287	-0.25686370445698000458248840975942399449829757553414788501201825679651383791603715235913298467707705721892167517783330530049287
3.700000000000001	-0.21943113947378895	-0.21374047630588794	-0.20477196517213964	-0.21944036870240227	-0.23032287560890916	-0.25686370445698000458248840975942399449829757553414788501201825679651383791603715235913298467707705721892167517783330530049287	-0.25686370445698000458248840975942399449829757553414788501201825679651383791603715235913298467707705721892167517783330530049287
3.75	-0.22050165751014683	-0.21480519994845737	-0.20605812298619403	-0.2205536737160393	-0.23150115632869078	-0.25686370445698000458248840975942399449829757553414788501201825679651383791603715235913298467707705721892167517783330530049287	-0.25686370445698000458248840975942399449829757553414788501201825679651383791603715235913298467707705721892167517783330530049287
3.8000000000000007	-0.2215397904746496	-0.21584365373140457	-0.20731249917383024	-0.22163384113190185	-0.23264458254480183	-0.25686370445698000458248840975942399449829757553414788501201825679651383791603715235913298467707705721892167517783330530049287	-0.25686370445698000458248840975942399449829757553414788501201825679651383791603715235913298467707705721892167517783330530049287
3.8499999999999996	-0.22254654638448007	-0.21685645909671294	-0.20853589279775547	-0.22268184167658953	-0.2337541828349191	-0.25686370445698000458248840975942399449829757553414788501201825679651383791603715235913298467707705721892167517783330530049287	-0.25686370445698000458248840975942399449829757553414788501201825679651383791603715235913298467707705721892167517783330530049287
3.9000000000000004	-0.22352293325682118	-0.21784423731284475	-0.20972910215675825	-0.22369864607670206	-0.2348309857767196	-0.25686370445698000458248840975942399449829757553414788501201825679651383791603715235913298467707705721892167517783330530049287	-0.25686370445698000458248840975942399449829757553414788501201825679651383791603715235913298467707705721892167517783330530049287
3.950000000000001	-0.2244699591088558	-0.21880760964826207	-0.21089288349294066	-0.22468522446619008	-0.2358760078954238	-0.25686370445698000458248840975942399449829757553414788501201825679651383791603715235913298467707705721892167517783330530049287	-0.25686370445698000458248840975942399449829757553414788501201825679651383791603715235913298467707705721892167517783330530049287
4.	-0.22538863195776682	-0.21974719737142706	-0.21202793128716976	-0.22564249548002302	-0.23689016818042813	-0.25686370445698000458248840975942399449829757553414788501201825679651383791603715235913298467707705721892167517783330530049287	-0.25686370445698000458248840975942399449829757553414788501201825679651383791603715235913298467707705721892167517783330530049287
4.050000000000001	-0.2262845868429522	-0.22066361444431737	-0.21313493522543195	-0.2265712894556934	-0.23787433922876605	-0.25686370445698000458248840975942399449829757553414788501201825679651383791603715235913298467707705721892167517783330530049287	-0.25686370445698000458248840975942399449829757553414788501201825679651383791603715235913298467707705721892167517783330530049287
4.1	-0.22715392433379092	-0.22155742022425431	-0.21421458499371343	-0.22747242829088404	-0.23882939341000067	-0.25686370445698000458248840975942399449829757553414788501201825679651383791603715235913298467707705721892167517783330530049287	-0.25686370445698000458248840975942399449829757553414788501201825679651383791603715235913298467707705721892167517783330530049287
4.15	-0.2279973720218772	-0.22242914981831904	-0.21526757027800061	-0.22834673388327795	-0.23975620309369525	-0.25686370445698000458248840975942399449829757553414788501201825679651383791603715235913298467707705721892167517783330530049287	-0.25686370445698000458248840975942399449829757553414788501201825679651383791603715235913298467707705721892167517783330530049287
4.200000000000001	-0.22881565749880506	-0.22327933825147306	-0.2162945791844724	-0.229195028130558	-0.24065564017726374	-0.25686370445698000458248840975942399449829757553414788501201825679651383791603715235913298467707705721892167517783330530049287	-0.25686370445698000458248840975942399449829757553414788501201825679651383791603715235913298467707705721892167517783330530049287
4.25	-0.22960950835616858	-0.22410852054867775	-0.21729625635757036	-0.2300181228528772	-0.24152853163441118	-0.25686370445698000458248840975942399449829757553414788501201825679651383791603715235913298467707705721892167517783330530049287	-0.25686370445698000458248840975942399449829757553414788501201825679651383791603715235913298467707705721892167517783330530049287
4.300000000000001	-0.23037965218556195	-0.22491723173489467	-0.21827319946322546	-0.23081675075863983	-0.2423756252237798	-0.25686370445698000458248840975942399449829757553414788501201825679651383791603715235913298467707705721892167517783330530049287	-0.25686370445698000458248840975942399449829757553414788501201825679651383791603715235913298467707705721892167517783330530049287
4.35	-0.23112681657857917	-0.22570599990234907	-0.2192260039102975	-0.2315916079092679	-0.24319766084830036	-0.25686370445698000458248840975942399449829757553414788501201825679651383791603715235913298467707705721892167517783330530049287	-0.25686370445698000458248840975942399449829757553414788501201825679651383791603715235913298467707705721892167517783330530049287
4.4	-0.23185172912681443	-0.22647530555423392	-0.2201552651076464	-0.2323433902103934	-0.24399537841090374	-0.25686370445698000458248840975942399449829757553414788501201825679651383791603715235913298467707705721892167517783330530049287	-0.25686370445698000458248840975942399449829757553414788501201825679651383791603715235913298467707705721892167517783330530049287
4.450000000000001	-0.23255511742186177	-0.22722560959437182	-0.221061578464132	-0.2330727935676483	-0.24476951781452078	-0.25686370445698000458248840975942399449829757553414788501201825679651383791603715235913298467707705721892167517783330530049287	-0.25686370445698000458248840975942399449829757553414788501201825679651383791603715235913298467707705721892167517783330530049287
4.5	-0.2332377090553153	-0.22795737288665258	-0.22194553669524744	-0.23378051355169596	-0.2455208096190222	-0.25686370445698000458248840975942399449829757553414788501201825679651383791603715235913298467707705721892167517783330530049287	-0.25686370445698000458248840975942399449829757553414788501201825679651383791603715235913298467707705721892167517783330530049287
4.550000000000001	-0.23390352838316747	-0.2286710562949661	-0.22280768910826668	-0.23446721032596127	-0.2462499134267333	-0.25686370445698000458248840975942399449829757553414788501201825679651383791603715235913298467707705721892167517783330530049287	-0.25686370445698000458248840975942399449829757553414788501201825679651383791603715235913298467707705721892167517783330530049287
4.600000000000001	-0.2345498064287111	-0.22936712068320222	-0.22364855053929572	-0.2351334797213555	-0.2469574568869322	-0.25686370445698000458248840975942399449829757553414788501201825679651383791603715235913298467707705721892167517783330530049287	-0.25686370445698000458248840975942399449829757553414788501201825679651383791603715235913298467707705721892167517783330530049287
4.65	-0.23517707097963733	-0.23004602030708007	-0.2244686349281684	-0.23577991094636666	-0.24764406753194562	-0.25686370445698000458248840975942399449829757553414788501201825679651383791603715235913298467707705721892167517783330530049287	-0.25686370445698000458248840975942399449829757553414788501201825679651383791603715235913298467707705721892167517783330530049287
4.700000000000001	-0.23578584982363743	-0.23070816787088455	-0.2252684562147186	-0.2364070932094828	-0.24831037289410035	-0.25686370445698000458248840975942399449829757553414788501201825679651383791603715235913298467707705721892167517783330530049287	-0.25686370445698000458248840975942399449829757553414788501201825679651383791603715235913298467707705721892167517783330530049287
4.75	-0.2363766707484025	-0.2313539603017789	-0.22604852833878014	-0.23701561571919189	-0.24895700008809302	-0.25686370445698000458248840975942399449829757553414788501201825679651383791603715235913298467707705721892167517783330530049287	-0.25686370445698000458248840975942399449829757553414788501201825679651383791603715235913298467707705721892167517783330530049287
4.800000000000001	-0.2369500615416237	-0.2319837945132736	-0.22680936477071975	-0.23760606103928852	-0.24958454268395106	-0.25686370445698000458248840975942399449829757553414788501201825679651383791603715235913298467707705721892167517783330530049287	-0.25686370445698000458248840975942399449829757553414788501201825679651383791603715235913298467707705721892167517783330530049287
4.850000000000001	-0.23750654999099227	-0.2325980674188791	-0.22755144217331325	-0.2381789557465378	-0.25019353811907985	-0.25686370445698000458248840975942399449829757553414788501201825679651383791603715235913298467707705721892167517783330530049287	-0.25686370445698000458248840975942399449829757553414788501201825679651383791603715235913298467707705721892167517783330530049287
4.9	-0.23804666388419932	-0.23319717593210576	-0.22827519734569351	-0.23873479887806243	-0.2507845186304117	-0.25686370445698000458248840975942399449829757553414788501201825679651383791603715235913298467707705721892167517783330530049287	-0.25686370445698000458248840975942399449829757553414788501201825679651383791603715235913298467707705721892167517783330530049287
4.950000000000001	-0.23857093100893606	-0.23378151580151119	-0.22898106561606202	-0.23927408931352714	-0.2513580164548788	-0.25686370445698000458248840975942399449829757553414788501201825679651383791603715235913298467707705721892167517783330530049287	-0.25686370445698000458248840975942399449829757553414788501201825679651383791603715235913298467707705721892167517783330530049287
5.	-0.2390798791528936	-0.23435144705611932	-0.2296694823126201	-0.23979732593259662	-0.25191456382941346	-0.25686370445698000458248840975942399449829757553414788501201825679651383791603715235913298467707705721892167517783330530049287	-0.25686370445698000458248840975942399449829757553414788501201825679651383791603715235913298467707705721892167517783330530049287
5.050000000000001	-0.23957639754969626	-0.23490730450629926	-0.2303408827635692	-0.24030500769996777	-0.25245468978115754	-0.25686370445698000458248840975942399449829757553414788501201825679651383791603715235913298467707705721892167517783330530049287	-0.25686370445698000458248840975942399449829757553414788501201825679651383791603715235913298467707705721892167517783330530049287
5.100000000000001	-0.24005850942316678	-0.23544942270229632	-0.23099570229711075	-0.24079761632846117	-0.25297887318623064	-0.25686370445698000458248840975942399449829757553414788501201825679651383791603715235913298467707705721892167517783330530049287	-0.25686370445698000458248840975942399449829757553414788501201825679651383791603715235913298467707705721892167517783330530049287
5.15	-0.24052659944306096	-0.2359781361943558	-0.23163437588003827	-0.24127557757700346	-0.25348755820172536	-0.25686370445698000458248840975942399449829757553414788501201825679651383791603715235913298467707705721892167517783330530049287	-0.25686370445698000458248840975942399449829757553414788501201825679651383791603715235913298467707705721892167517783330530049287
5.200000000000001	-0.24098105227913466	-0.236493779532723	-0.23225731164718774	-0.24173930691706896	-0.2539811884585764	-0.25686370445698000458248840975942399449829757553414788501201825679651383791603715235913298467707705721892167517783330530049287	-0.25686370445698000458248840975942399449829757553414788501201825679651383791603715235913298467707705721892167517783330530049287
5.25	-0.24142225260114372	-0.23699668726764322	-0.23286487499115013	-0.24218921982013192	-0.2544602075877185	-0.25686370445698000458248840975942399449829757553414788501201825679651383791603715235913298467707705721892167517783330530049287	-0.25686370445698000458248840975942399449829757553414788501201825679651383791603715235913298467707705721892167517783330530049287
5.300000000000001	-0.241850585078844	-0.23748719389789413	-0.23345742772374556	-0.2426257317576666	-0.2549250592200862	-0.25686370445698000458248840975942399449829757553414788501201825679651383791603715235913298467707705721892167517783330530049287	-0.25686370445698000458248840975942399449829757553414788501201825679651383791603715235913298467707705721892167517783330530049287
5.350000000000001	-0.24226643438199127	-0.23796561733196714	-0.23403533165679402	-0.24304925820114728	-0.2553761869430395	-0.25686370445698000458248840975942399449829757553414788501201825679651383791603715235913298467707705721892167517783330530049287	-0.25686370445698000458248840975942399449829757553414788501201825679651383791603715235913298467707705721892167517783330530049287
5.4	-0.2426701851803414	-0.2384322382616996	-0.23459894860211558	-0.24346021110393715	-0.25581401266553916	-0.25686370445698000458248840975942399449829757553414788501201825679651383791603715235913298467707705721892167517783330530049287	-0.25686370445698000458248840975942399449829757553414788501201825679651383791603715235913298467707705721892167517783330530049287
5.450000000000001	-0.24306222214365025	-0.2388873326294722	-0.23514864037153033	-0.243858959072917	-0.2562389067825906	-0.25686370445698000458248840975942399449829757553414788501201825679651383791603715235913298467707705721892167517783330530049287	-0.25686370445698000458248840975942399449829757553414788501201825679651383791603715235913298467707705721892167517783330530049287
5.5	-0.2434429299416736	-0.23933117637766563	-0.2356847687768583	-0.24424584281823603	-0.2566512327267174	-0.25686370445698000458248840975942399449829757553414788501201825679651383791603715235913298467707705721892167517783330530049287	-0.25686370445698000458248840975942399449829757553414788501201825679651383791603715235913298467707705721892167517783330530049287
5.550000000000001	-0.24381439345405337	-0.23976404544866062	-0.2362076877617492	-0.24462120270302354	-0.25705135393044326	-0.25686370445698000458248840975942399449829757553414788501201825679651383791603715235913298467707705721892167517783330530049287	-0.25686370445698000458248840975942399449829757553414788501201825679651383791603715235913298467707705721892167517783330530049287
5.600000000000001	-0.24417519409763594	-0.24018621578483784	-0.23671771052464646	-0.2449853790904088	-0.25743963382629176	-0.25686370445698000458248840975942399449829757553414788501201825679651383791603715235913298467707705721892167517783330530049287	-0.25686370445698000458248840975942399449829757553414788501201825679651383791603715235913298467707705721892167517783330530049287
5.65	-0.24452561349915375	-0.240597963328578	-0.23721513771046154	-0.24533871234352106	-0.25781643584678654	-0.25686370445698000458248840975942399449829757553414788501201825679651383791603715235913298467707705721892167517783330530049287	-0.25686370445698000458248840975942399449829757553414788501201825679651383791603715235913298467707705721892167517783330530049287
5.700000000000001	-0.24486593328533923	-0.24099956311334816	-0.23770026998546515	-0.24568154282548957	-0.25818212196213575	-0.25686370445698000458248840975942399449829757553414788501201825679651383791603715235913298467707705721892167517783330530049287	-0.25686370445698000458248840975942399449829757553414788501201825679651383791603715235913298467707705721892167517783330530049287
5.75	-0.24519643508292485	-0.24139126703486	-0.23817340801592793	-0.24601419918471282	-0.2585370213136001	-0.25686370445698000458248840975942399449829757553414788501201825679651383791603715235913298467707705721892167517783330530049287	-0.25686370445698000458248840975942399449829757553414788501201825679651383791603715235913298467707705721892167517783330530049287
5.800000000000001	-0.24551740051864301	-0.2417733035857652	-0.23863485246812058	-0.2463369685066442	-0.2588814324133974	-0.25686370445698000458248840975942399449829757553414788501201825679651383791603715235913298467707705721892167517783330530049287	-0.25686370445698000458248840975942399449829757553414788501201825679651383791603715235913298467707705721892167517783330530049287
5.850000000000001	-0.2458291112192262	-0.2421459003318044	-0.23908490400831378	-0.24665012942940773	-0.2592156527929319	-0.25686370445698000458248840975942399449829757553414788501201825679651383791603715235913298467707705721892167517783330530049287	-0.25686370445698000458248840975942399449829757553414788501201825679651383791603715235913298467707705721892167517783330530049287
5.9	-0.2461318488114068	-0.24250928483871806	-0.2395238621872063	-0.24695396059661842	-0.25953997998360784	-0.25686370445698000458248840975942399449829757553414788501201825679651383791603715235913298467707705721892167517783330530049287	-0.25686370445698000458248840975942399449829757553414788501201825679651383791603715235913298467707705721892167517783330530049287
5.950000000000001	-0.2464258949219173	-0.24286368467224684	-0.2399520015136238	-0.24724874065189129	-0.2598547115168296	-0.25686370445698000458248840975942399449829757553414788501201825679651383791603715235913298467707705721892167517783330530049287	-0.25686370445698000458248840975942399449829757553414788501201825679651383791603715235913298467707705721892167517783330530049287
6.	-0.2467115311774901	-0.24320932739813128	-0.2403695726980275	-0.24753474823884125	-0.2601601449240013	-0.25686370445698000458248840975942399449829757553414788501201825679651383791603715235913298467707705721892167517783330530049287	-0.25686370445698000458248840975942399449829757553414788501201825679651383791603715235913298467707705721892167517783330530049287
6.050000000000001	-0.24699026942316893	-0.24354644058211197	-0.2407768256014344	-0.24781226142828977	-0.26045657225610597	-0.25686370445698000458248840975942399449829757553414788501201825679651383791603715235913298467707705721892167517783330530049287	-0.25686370445698000458248840975942399449829757553414788501201825679651383791603715235913298467707705721892167517783330530049287
6.100000000000001	-0.24726108650868941	-0.24387524864907956	-0.24117401008486147	-0.24808153639902558	-0.2607442502404128	-0.25686370445698000458248840975942399449829757553414788501201825679651383791603715235913298467707705721892167517783330530049287	-0.25686370445698000458248840975942399449829757553414788501201825679651383791603715235913298467707705721892167517783330530049287
6.15	-0.24752418950209848	-0.24419595086569643	-0.24156137600932576	-0.24834280267399056	-0.2610234223994513	-0.25686370445698000458248840975942399449829757553414788501201825679651383791603715235913298467707705721892167517783330530049287	-0.25686370445698000458248840975942399449829757553414788501201825679651383791603715235913298467707705721892167517783330530049287
6.200000000000001	-0.24777978547144303	-0.24450873493013695	-0.2419391732358442	-0.24859628834225925	-0.2612943322820205	-0.25686370445698000458248840975942399449829757553414788501201825679651383791603715235913298467707705721892167517783330530049287	-0.25686370445698000458248840975942399449829757553414788501201825679651383791603715235913298467707705721892167517783330530049287
6.25	-0.24802808148476993	-0.24481378851597202	-0.2423076516227579	-0.24884222149290622	-0.26155722343691906	-0.25686370445698000458248840975942399449829757553414788501201825679651383791603715235913298467707705721892167517783330530049287	-0.25686370445698000458248840975942399449829757553414788501201825679651383791603715235913298467707705721892167517783330530049287
6.300000000000001	-0.24826928461012615	-0.2451112992967727	-0.24266705137485367	-0.24908083021500602	-0.261812339412946	-0.25686370445698000458248840975942399449829757553414788501201825679651383791603715235913298467707705721892167517783330530049287	-0.25686370445698000458248840975942399449829757553414788501201825679651383791603715235913298467707705721892167517783330530049287
6.350000000000001	-0.2485036019155586	-0.24540145494610996	-0.24301758485863367	-0.2493123425976332	-0.2620599237342779	-0.25686370445698000458248840975942399449829757553414788501201825679651383791603715235913298467707705721892167517783330530049287	-0.25686370445698000458248840975942399449829757553414788501201825679651383791603715235913298467707705721892167517783330530049287
6.4	-0.2487312404691141	-0.24568444313755472	-0.24335945972717757	-0.24953698331681345	-0.262300207912337	-0.25686370445698000458248840975942399449829757553414788501201825679651383791603715235913298467707705721892167517783330530049287	-0.25686370445698000458248840975942399449829757553414788501201825679651383791603715235913298467707705721892167517783330530049287
6.450000000000001	-0.24895240733883964	-0.24596045154467802	-0.24369288363356517	-0.2497549507477456	-0.2625333951372409	-0.25686370445698000458248840975942399449829757553414788501201825679651383791603715235913298467707705721892167517783330530049287	-0.25686370445698000458248840975942399449829757553414788501201825679651383791603715235913298467707705721892167517783330530049287
6.5	-0.2491673095927821	-0.24622966107024677	-0.2440180642308761	-0.24996643165646262	-0.2627596848269394	-0.25686370445698000458248840975942399449829757553414788501201825679651383791603715235913298467707705721892167517783330530049287	-0.25686370445698000458248840975942399449829757553414788501201825679651383791603715235913298467707705721892167517783330530049287
6.550000000000001	-0.24937704869431482	-0.24649223065979167	-0.24433520917219015	-0.2501716128012259	-0.26297927639938246	-0.25686370445698000458248840975942399449829757553414788501201825679651383791603715235913298467707705721892167517783330530049287	-0.25686370445698000458248840975942399449829757553414788501201825679651383791603715235913298467707705721892167517783330530049287
6.600000000000001	-0.2495808831103809	-0.24674831510111161	-0.244644526110587	-0.25037068094029674	-0.26319236927251977	-0.25686370445698000458248840975942399449829757553414788501201825679651383791603715235913298467707705721892167517783330530049287	-0.25686370445698000458248840975942399449829757553414788501201825679651383791603715235913298467707705721892167517783330530049287
6.65	-0.2497789657032499	-0.246998069182058	-0.24494622064251026	-0.25056382283193646	-0.26339916286430126	-0.25686370445698000458248840975942399449829757553414788501201825679651383791603715235913298467707705721892167517783330530049287	-0.25686370445698000458248840975942399449829757553414788501201825679651383791603715235913298467707705721892167517783330530049287
6.700000000000001	-0.2499714493351914	-0.2472416476904822	-0.24524047731323387	-0.25075122521946663	-0.26359985581784745	-0.25686370445698000458248840975942399449829757553414788501201825679651383791603715235913298467707705721892167517783330530049287	-0.25686370445698000458248840975942399449829757553414788501201825679651383791603715235913298467707705721892167517783330530049287
6.75	-0.2501584868684749	-0.2474792054142357	-0.24552746878184709	-0.25093306586141567	-0.26379462895126443	-0.25686370445698000458248840975942399449829757553414788501201825679651383791603715235913298467707705721892167517783330530049287	-0.25686370445698000458248840975942399449829757553414788501201825679651383791603715235913298467707705721892167517783330530049287
6.800000000000001	-0.25034023116536996	-0.2477108971411699	-0.24580736760962107	-0.2511095006589329	-0.26398364608682356	-0.25686370445698000458248840975942399449829757553414788501201825679651383791603715235913298467707705721892167517783330530049287	-0.25686370445698000458248840975942399449829757553414788501201825679651383791603715235913298467707705721892167517783330530049287
6.850000000000001	-0.2505168350881462	-0.24793687745860646	-0.24608034635782694	-0.2512806824835285	-0.2641670704580485	-0.25686370445698000458248840975942399449829757553414788501201825679651383791603715235913298467707705721892167517783330530049287	-0.25686370445698000458248840975942399449829757553414788501201825679651383791603715235913298467707705721892167517783330530049287
6.9	-0.2506884514990731	-0.24815729021677083	-0.2463465775877358	-0.25144676420671236	-0.26434506529846274	-0.25686370445698000458248840975942399449829757553414788501201825679651383791603715235913298467707705721892167517783330530049287	-0.25686370445698000458248840975942399449829757553414788501201825679651383791603715235913298467707705721892167517783330530049287
6.950000000000001	-0.25085523326042025	-0.24837226411983887	-0.24660623386061878	-0.25160789869999467	-0.2645177938415899	-0.25686370445698000458248840975942399449829757553414788501201825679651383791603715235913298467707705721892167517783330530049287	-0.25686370445698000458248840975942399449829757553414788501201825679651383791603715235913298467707705721892167517783330530049287
7.	-0.25101733323445713	-0.24858192681887295	-0.2468594876160597	-0.2517642388348854	-0.2646854193209536	-0.25686370445698000458248840975942399449829757553414788501201825679651383791603715235913298467707705721892167517783330530049287	-0.25686370445698000458248840975942399449829757553414788501201825679651383791603715235913298467707705721892167517783330530049287
7.050000000000001	-0.25117555749055687	-0.24878640596493534	-0.24710650095742503	-0.2519159367583307	-0.2648481020260355	-0.25686370445698000458248840975942399449829757553414788501201825679651383791603715235913298467707705721892167517783330530049287	-0.25686370445698000458248840975942399449829757553414788501201825679651383791603715235913298467707705721892167517783330530049287
7.100000000000001	-0.25132936609557616	-0.24898582920908843	-0.24734741881418323	-0.2520631304052558	-0.2650059829762642	-0.25686370445698000458248840975942399449829757553414788501201825679651383791603715235913298467707705721892167517783330530049287	-0.25686370445698000458248840975942399449829757553414788501201825679651383791603715235913298467707705721892167517783330530049287
7.15	-0.25147887232347527	-0.2491803242023945	-0.2475823845934948	-0.252205945312804	-0.2651591958279197	-0.25686370445698000458248840975942399449829757553414788501201825679651383791603715235913298467707705721892167517783330530049287	-0.25686370445698000458248840975942399449829757553414788501201825679651383791603715235913298467707705721892167517783330530049287
7.200000000000001	-0.25162418944821446	-0.24937001859591593	-0.2478115417025202	-0.2523445066610004	-0.2653078742459819	-0.25686370445698000458248840975942399449829757553414788501201825679651383791603715235913298467707705721892167517783330530049287	-0.25686370445698000458248840975942399449829757553414788501201825679651383791603715235913298467707705721892167517783330530049287
7.25	-0.25176543074375396	-0.24955503900493722	-0.24803503354841996	-0.25247893962987017	-0.26545215189543075	-0.25686370445698000458248840975942399449829757553414788501201825679651383791603715235913298467707705721892167517783330530049287	-0.25686370445698000458248840975942399449829757553414788501201825679651383791603715235913298467707705721892167517783330530049287
7.300000000000001	-0.251902709484054	-0.24973549917882895	-0.24825300353835464	-0.25260936939943845	-0.2655921624412463	-0.25686370445698000458248840975942399449829757553414788501201825679651383791603715235913298467707705721892167517783330530049287	-0.25686370445698000458248840975942399449829757553414788501201825679651383791603715235913298467707705721892167517783330530049287
7.350000000000001	-0.25203613894307486	-0.24991150450704236	-0.24846559507948468	-0.2527359211497304	-0.2657280395350252	-0.25686370445698000458248840975942399449829757553414788501201825679651383791603715235913298467707705721892167517783330530049287	-0.25686370445698000458248840975942399449829757553414788501201825679651383791603715235913298467707705721892167517783330530049287
7.4	-0.2521658323947768	-0.25008316026819716	-0.2486729497488474	-0.2528587170806298	-0.26585991025015254	-0.25686370445698000458248840975942399449829757553414788501201825679651383791603715235913298467707705721892167517783330530049287	-0.25686370445698000458248840975942399449829757553414788501201825679651383791603715235913298467707705721892167517783330530049287
7.450000000000001	-0.25229190311312	-0.250250571740913	-0.24887519326532953	-0.25297786421118645	-0.2659878861040883	-0.25686370445698000458248840975942399449829757553414788501201825679651383791603715235913298467707705721892167517783330530049287	-0.25686370445698000458248840975942399449829757553414788501201825679651383791603715235913298467707705721892167517783330530049287
7.5	-0.2524144643720647	-0.2504138442038095	-0.24907244347815827	-0.25309346501695806	-0.2661120765305894	-0.25686370445698000458248840975942399449829757553414788501201825679651383791603715235913298467707705721892167517783330530049287	-0.25686370445698000458248840975942399449829757553414788501201825679651383791603715235913298467707705721892167517783330530049287
7.550000000000001	-0.25253410857004255	-0.25057308293550645	-0.24926481818909946	-0.25320562198453794	-0.26623259096341273	-0.25686370445698000458248840975942399449829757553414788501201825679651383791603715235913298467707705721892167517783330530049287	-0.25686370445698000458248840975942399449829757553414788501201825679651383791603715235913298467707705721892167517783330530049287
7.600000000000001	-0.2526504408186957	-0.2507283932146234	-0.24945243519991905	-0.2533144376005194	-0.2663495388363152	-0.25686370445698000458248840975942399449829757553414788501201825679651383791603715235913298467707705721892167517783330530049287	-0.25686370445698000458248840975942399449829757553414788501201825679651383791603715235913298467707705721892167517783330530049287
7.65	-0.25276354535413764	-0.25087987869638967	-0.2496354123123829	-0.2534200143514957	-0.2664630295830536	-0.25686370445698000458248840975942399449829757553414788501201825679651383791603715235913298467707705721892167517783330530049287	-0.25686370445698000458248840975942399449829757553414788501201825679651383791603715235913298467707705721892167517783330530049287
7.700000000000001	-0.2528735064124818	-0.2510276306631295	-0.24981386732825692	-0.2535224546521067	-0.26657317221320104	-0.25686370445698000458248840975942399449829757553414788501201825679651383791603715235913298467707705721892167517783330530049287	-0.25686370445698000458248840975942399449829757553414788501201825679651383791603715235913298467707705721892167517783330530049287
7.75	-0.2529804082298418	-0.25117173490457756	-0.24998791804930698	-0.25362185436342977	-0.2666800659655712	-0.25686370445698000458248840975942399449829757553414788501201825679651383791603715235913298467707705721892167517783330530049287	-0.25686370445698000458248840975942399449829757553414788501201825679651383791603715235913298467707705721892167517783330530049287
7.800000000000001	-0.2530843350423311	-0.25131227719155086	-0.25015768154969115	-0.2537182983550044	-0.2667838007524808	-0.25686370445698000458248840975942399449829757553414788501201825679651383791603715235913298467707705721892167517783330530049287	-0.25686370445698000458248840975942399449829757553414788501201825679651383791603715235913298467707705721892167517783330530049287
7.850000000000001	-0.2531853710860631	-0.25144934329486635	-0.2503232629711536	-0.25381187052795073	-0.26688446616194794	-0.25686370445698000458248840975942399449829757553414788501201825679651383791603715235913298467707705721892167517783330530049287	-0.25686370445698000458248840975942399449829757553414788501201825679651383791603715235913298467707705721892167517783330530049287
7.9	-0.25328360059715144	-0.2515830189853409	-0.2504847581862733	-0.25390265478338886	-0.26698215178199053	-0.25686370445698000458248840975942399449829757553414788501201825679651383791603715235913298467707705721892167517783330530049287	-0.25686370445698000458248840975942399449829757553414788501201825679651383791603715235913298467707705721892167517783330530049287
7.950000000000001	-0.2533791078117095	-0.25171339003379156	-0.25064226287267133	-0.2539907350224391	-0.2670769472006267	-0.25686370445698000458248840975942399449829757553414788501201825679651383791603715235913298467707705721892167517783330530049287	-0.25686370445698000458248840975942399449829757553414788501201825679651383791603715235913298467707705721892167517783330530049287
8.	-0.2534719769658509	-0.25184054221103525	-0.2507958727079688	-0.25407619514622143	-0.26716894200587443	-0.25686370445698000458248840975942399449829757553414788501201825679651383791603715235913298467707705721892167517783330530049287	-0.25686370445698000458248840975942399449829757553414788501201825679651383791603715235913298467707705721892167517783330530049287
8.05	-0.25356264517107224	-0.25196456123796257	-0.2509456833697869	-0.25415911827791776	-0.26725822416507294	-0.25686370445698000458248840975942399449829757553414788501201825679651383791603715235913298467707705721892167517783330530049287	-0.25686370445698000458248840975942399449829757553414788501201825679651383791603715235913298467707705721892167517783330530049287
8.100000000000001	-0.25365082240171705	-0.25208552713200627	-0.2510917905357467	-0.2542395786190194	-0.26734487106245797	-0.25686370445698000458248840975942399449829757553414788501201825679651383791603715235913298467707705721892167517783330530049287	-0.25686370445698000458248840975942399449829757553414788501201825679651383791603715235913298467707705721892167517783330530049287
8.15	-0.25373657150751183	-0.2522035098689269	-0.2512342898834693	-0.2543176449269458	-0.26742895605174877	-0.25686370445698000458248840975942399449829757553414788501201825679651383791603715235913298467707705721892167517783330530049287	-0.25686370445698000458248840975942399449829757553414788501201825679651383791603715235913298467707705721892167517783330530049287
8.200000000000001	-0.25381995533818336	-0.2523185785036174	-0.2513732770486302	-0.2543933859037086	-0.2675105524919127	-0.25686370445698000458248840975942399449829757553414788501201825679651383791603715235913298467707705721892167517783330530049287	-0.25686370445698000458248840975942399449829757553414788501201825679651383791603715235913298467707705721892167517783330530049287
8.25	-0.2539010367434582	-0.2524308020909706	-0.2515088417838317	-0.25446687025131937	-0.26758973374191725	-0.25686370445698000458248840975942399449829757553414788501201825679651383791603715235913298467707705721892167517783330530049287	-0.25686370445698000458248840975942399449829757553414788501201825679651383791603715235913298467707705721892167517783330530049287
8.3	-0.25397987857306303	-0.2525402496858794	-0.2516410628732204	-0.25453816667178997	-0.26766657316072967	-0.25686370445698000458248840975942399449829757553414788501201825679651383791603715235913298467707705721892167517783330530049287	-0.25686370445698000458248840975942399449829757553414788501201825679651383791603715235913298467707705721892167517783330530049287
8.350000000000001	-0.2540565436767244	-0.2526469903432368	-0.25177001800757476	-0.2546073438671319	-0.2677411440999978	-0.25686370445698000458248840975942399449829757553414788501201825679651383791603715235913298467707705721892167517783330530049287	-0.25686370445698000458248840975942399449829757553414788501201825679651383791603715235913298467707705721892167517783330530049287
8.4	-0.2541310949041691	-0.2527510931179357	-0.25189578487767333	-0.2546744680921037	-0.2678135163030684	-0.25686370445698000458248840975942399449829757553414788501201825679651383791603715235913298467707705721892167517783330530049287	-0.25686370445698000458248840975942399449829757553414788501201825679651383791603715235913298467707705721892167517783330530049287
8.450000000000001	-0.2542035951051236	-0.252852627064869	-0.25201844117429467	-0.25473959724296485	-0.2678837509704215	-0.25686370445698000458248840975942399449829757553414788501201825679651383791603715235913298467707705721892167517783330530049287	-0.25686370445698000458248840975942399449829757553414788501201825679651383791603715235913298467707705721892167517783330530049287
8.5	-0.2542741071293146	-0.2529516607555456	-0.25213806458821725	-0.25480278756074365	-0.2679519081557137	-0.25686370445698000458248840975942399449829757553414788501201825679651383791603715235913298467707705721892167517783330530049287	-0.25686370445698000458248840975942399449829757553414788501201825679651383791603715235913298467707705721892167517783330530049287
8.55	-0.254342954723099	-0.2530482553422359	-0.25225473281021965	-0.25486409528684834	-0.26801804791260153	-0.25686370445698000458248840975942399449829757553414788501201825679651383791603715235913298467707705721892167517783330530049287	-0.25686370445698000458248840975942399449829757553414788501201825679651383791603715235913298467707705721892167517783330530049287
8.600000000000001	-0.25440992402765616	-0.2531424665007453	-0.2523685235310804	-0.2549235766626871	-0.26808223029474165	-0.25686370445698000458248840975942399449829757553414788501201825679651383791603715235913298467707705721892167517783330530049287	-0.25686370445698000458248840975942399449829757553414788501201825679651383791603715235913298467707705721892167517783330530049287
8.65	-0.2544750620807958	-0.25323434981234005	-0.252479512463442	-0.2549812879296681	-0.26814451535579054	-0.25686370445698000458248840975942399449829757553414788501201825679651383791603715235913298467707705721892167517783330530049287	-0.25686370445698000458248840975942399449829757553414788501201825679651383791603715235913298467707705721892167517783330530049287
8.700000000000001	-0.25453841592032755	-0.2533239608582865	-0.25258776552031675	-0.25503728532716974	-0.26820496310525294	-0.25686370445698000458248840975942399449829757553414788501201825679651383791603715235913298467707705721892167517783330530049287	-0.25686370445698000458248840975942399449829757553414788501201825679651383791603715235913298467707705721892167517783330530049287
8.75	-0.2546000325840611	-0.253411355219851	-0.2526933457815765	-0.2550916217031805	-0.26826362923318636	-0.25686370445698000458248840975942399449829757553414788501201825679651383791603715235913298467707705721892167517783330530049287	-0.25686370445698000458248840975942399449829757553414788501201825679651383791603715235913298467707705721892167517783330530049287
8.8	-0.25465995910980604	-0.25349658847829976	-0.25279631633490923	-0.25514434298141636	-0.26832056257301296	-0.25686370445698000458248840975942399449829757553414788501201825679651383791603715235913298467707705721892167517783330530049287	-0.25686370445698000458248840975942399449829757553414788501201825679651383791603715235913298467707705721892167517783330530049287
8.850000000000001	-0.25471824253537206	-0.2535797162148991	-0.2528967402680029	-0.2551954943116718	-0.26837581139423716	-0.25686370445698000458248840975942399449829757553414788501201825679651383791603715235913298467707705721892167517783330530049287	-0.25686370445698000458248840975942399449829757553414788501201825679651383791603715235913298467707705721892167517783330530049287
8.9	-0.2547749298985688	-0.2536607940109153	-0.2529946806685453	-0.2552451208437414	-0.26842942396636327	-0.25686370445698000458248840975942399449829757553414788501201825679651383791603715235913298467707705721892167517783330530049287	-0.25686370445698000458248840975942399449829757553414788501201825679651383791603715235913298467707705721892167517783330530049287
8.950000000000001	-0.254830068237206	-0.2537398760203164	-0.25309020062422444	-0.2552932677274196	-0.2684814485588958	-0.25686370445698000458248840975942399449829757553414788501201825679651383791603715235913298467707705721892167517783330530049287	-0.25686370445698000458248840975942399449829757553414788501201825679651383791603715235913298467707705721892167517783330530049287
9.	-0.25488370458909315	-0.2538170091214436	-0.25318336322272816	-0.255339980112501	-0.2685319334413389	-0.25686370445698000458248840975942399449829757553414788501201825679651383791603715235913298467707705721892167517783330530049287	-0.25686370445698000458248840975942399449829757553414788501201825679651383791603715235913298467707705721892167517783330530049287
9.05	-0.2549360795846157	-0.2538922380453352	-0.25327423112117653	-0.25538530314878	-0.2685809268831972	-0.25686370445698000458248840975942399449829757553414788501201825679651383791603715235913298467707705721892167517783330530049287	-0.25686370445698000458248840975942399449829757553414788501201825679651383791603715235913298467707705721892167517783330530049287
9.100000000000001	-0.25498703493612423	-0.2539656075301542	-0.2533628604523777	-0.2554292818024364	-0.2686284767897731	-0.25686370445698000458248840975942399449829757553414788501201825679651383791603715235913298467707705721892167517783330530049287	-0.25686370445698000458248840975942399449829757553414788501201825679651383791603715235913298467707705721892167517783330530049287
9.15	-0.25503660594854505	-0.2540371623140639	-0.25344930253873915	-0.25547195630038677	-0.2686746253793841	-0.25686370445698000458248840975942399449829757553414788501201825679651383791603715235913298467707705721892167517783330530049287	-0.25686370445698000458248840975942399449829757553414788501201825679651383791603715235913298467707705721892167517783330530049287
9.200000000000001	-0.25508482792680437	-0.25410694713522747	-0.2535336086155808	-0.25551336226735594	-0.2687194107413096	-0.25686370445698000458248840975942399449829757553414788501201825679651383791603715235913298467707705721892167517783330530049287	-0.25686370445698000458248840975942399449829757553414788501201825679651383791603715235913298467707705721892167517783330530049287
9.25	-0.2551317361758285	-0.25417500673180804	-0.25361582991822235	-0.2555535351913717	-0.26876287091233436	-0.25686370445698000458248840975942399449829757553414788501201825679651383791603715235913298467707705721892167517783330530049287	-0.25686370445698000458248840975942399449829757553414788501201825679651383791603715235913298467707705721892167517783330530049287
9.3	-0.25517736600054375	-0.2542413858419688	-0.25369601768198374	-0.25559251056046184	-0.2688050439292428	-0.25686370445698000458248840975942399449829757553414788501201825679651383791603715235913298467707705721892167517783330530049287	-0.25686370445698000458248840975942399449829757553414788501201825679651383791603715235913298467707705721892167517783330530049287
9.350000000000001	-0.2552217527058763	-0.2543061291880435	-0.2537742231421849	-0.2556303238626542	-0.2688459678288197	-0.25686370445698000458248840975942399449829757553414788501201825679651383791603715235913298467707705721892167517783330530049287	-0.25686370445698000458248840975942399449829757553414788501201825679651383791603715235913298467707705721892167517783330530049287
9.4	-0.25526493159675256	-0.2543692787269475	-0.2538504975341455	-0.25566701058597663	-0.2688856806478496	-0.25686370445698000458248840975942399449829757553414788501201825679651383791603715235913298467707705721892167517783330530049287	-0.25686370445698000458248840975942399449829757553414788501201825679651383791603715235913298467707705721892167517783330530049287
9.450000000000001	-0.2553069379780988	-0.25443087103462086	-0.2539248920646097	-0.25570260621845686	-0.26892422042311714	-0.25686370445698000458248840975942399449829757553414788501201825679651383791603715235913298467707705721892167517783330530049287	-0.25686370445698000458248840975942399449829757553414788501201825679651383791603715235913298467707705721892167517783330530049287
9.5	-0.2553478071548412	-0.25449094212724044	-0.2539974546707204	-0.2557371460794383	-0.26896162481337915	-0.25686370445698000458248840975942399449829757553414788501201825679651383791603715235913298467707705721892167517783330530049287	-0.25686370445698000458248840975942399449829757553414788501201825679651383791603715235913298467707705721892167517783330530049287
9.55	-0.25538771857132325	-0.25454952802098296	-0.2540682274966578	-0.25577066166578705	-0.2689979267710526	-0.25686370445698000458248840975942399449829757553414788501201825679651383791603715235913298467707705721892167517783330530049287	-0.25686370445698000458248840975942399449829757553414788501201825679651383791603715235913298467707705721892167517783330530049287
9.600000000000001	-0.25542655465733183	-0.25460666473202526	-0.25413725214562777	-0.2558031809553797	-0.26903315627787605	-0.25686370445698000458248840975942399449829757553414788501201825679651383791603715235913298467707705721892167517783330530049287	-0.25686370445698000458248840975942399449829757553414788501201825679651383791603715235913298467707705721892167517783330530049287
9.65	-0.25546434198207096	-0.254662388276544	-0.254204570220836	-0.25583473182575417	-0.2690673432903703	-0.25686370445698000458248840975942399449829757553414788501201825679651383791603715235913298467707705721892167517783330530049287	-0.25686370445698000458248840975942399449829757553414788501201825679651383791603715235913298467707705721892167517783330530049287
9.700000000000001	-0.25550110711474466	-0.25471673467071604	-0.25427022332548826	-0.2558653421544482	-0.26910051776505606	-0.25686370445698000458248840975942399449829757553414788501201825679651383791603715235913298467707705721892167517783330530049287	-0.25686370445698000458248840975942399449829757553414788501201825679651383791603715235913298467707705721892167517783330530049287
9.75	-0.255536876624557	-0.2547697399307181	-0.25433425306279034	-0.25589503981899975	-0.2691327096584541	-0.25686370445698000458248840975942399449829757553414788501201825679651383791603715235913298467707705721892167517783330530049287	-0.25686370445698000458248840975942399449829757553414788501201825679651383791603715235913298467707705721892167517783330530049287
9.8	-0.25557167708071193	-0.2548214398653348	-0.2543967010359479	-0.2559238526969465	-0.2691639489270852	-0.25686370445698000458248840975942399449829757553414788501201825679651383791603715235913298467707705721892167517783330530049287	-0.25686370445698000458248840975942399449829757553414788501201825679651383791603715235913298467707705721892167517783330530049287
9.850000000000001	-0.2556055350524135	-0.25487186656372046	-0.2544576088481668	-0.25595180866582634	-0.26919426552747	-0.25686370445698000458248840975942399449829757553414788501201825679651383791603715235913298467707705721892167517783330530049287	-0.25686370445698000458248840975942399449829757553414788501201825679651383791603715235913298467707705721892167517783330530049287
9.9	-0.2556384771088658	-0.25492104908337526	-0.254517016978381	-0.25597893545178374	-0.2692236890380023	-0.25686370445698000458248840975942399449829757553414788501201825679651383791603715235913298467707705721892167517783330530049287	-0.25686370445698000458248840975942399449829757553414788501201825679651383791603715235913298467707705721892167517783330530049287
9.950000000000001	-0.25567052981927274	-0.2549690164126992	-0.2545749606435931	-0.25600525772415894	-0.26925224519504504	-0.25686370445698000458248840975942399449829757553414788501201825679651383791603715235913298467707705721892167517783330530049287	-0.25686370445698000458248840975942399449829757553414788501201825679651383791603715235913298467707705721892167517783330530049287
10.	-0.25570171975283845	-0.25501579754009235	-0.2546314736254995	-0.25603079747302204	-0.2692799576203887	-0.25686370445698000458248840975942399449829757553414788501201825679651383791603715235913298467707705721892167517783330530049287	-0.25686370445698000458248840975942399449829757553414788501201825679651383791603715235913298467707705721892167517783330530049287
10.05	-0.25573218113868673	-0.2550614214539546	-0.25468658970948294	-0.25605557661465145	-0.2693068499244821	-0.25686370445698000458248840975942399449829757553414788501201825679651383791603715235913298467707705721892167517783330530049287	-0.25686370445698000458248840975942399449829757553414788501201825679651383791603715235913298467707705721892167517783330530049287
10.100000000000001	-0.25576182636125816	-0.255105917142686	-0.2547403426809261	-0.25607961706532556	-0.2693329457177741	-0.25686370445698000458248840975942399449829757553414788501201825679651383791603715235913298467707705721892167517783330530049287	-0.25686370445698000458248840975942399449829757553414788501201825679651383791603715235913298467707705721892167517783330530049287
10.15	-0.2557906754649132	-0.25514931359468657	-0.25479276632521164	-0.2561029407413226	-0.2693582686107135	-0.25686370445698000458248840975942399449829757553414788501201825679651383791603715235913298467707705721892167517783330530049287	-0.25686370445698000458248840975942399449829757553414788501201825679651383791603715235913298467707705721892167517783330530049287
10.200000000000001	-0.25581874849401215	-0.25519163979835624	-0.25484389442772226	-0.2561255695589211	-0.2693828422137492	-0.25686370445698000458248840975942399449829757553414788501201825679651383791603715235913298467707705721892167517783330530049287	-0.25686370445698000458248840975942399449829757553414788501201825679651383791603715235913298467707705721892167517783330530049287
10.25	-0.2558460654929155	-0.25523292408380344	-0.2548937607738407	-0.2561475254343993	-0.26940669013732993	-0.25686370445698000458248840975942399449829757553414788501201825679651383791603715235913298467707705721892167517783330530049287	-0.25686370445698000458248840975942399449829757553414788501201825679651383791603715235913298467707705721892167517783330530049287
10.3	-0.25587264650598357	-0.255273191023417	-0.2549423991410634	-0.25616883014212855	-0.26942983560596806	-0.25686370445698000458248840975942399449829757553414788501201825679651383791603715235913298467707705721892167517783330530049287	-0.25686370445698000458248840975942399449829757553414788501201825679651383791603715235913298467707705721892167517783330530049287
10.350000000000001	-0.25589851157757687	-0.2553124639483138	-0.25498984054552215	-0.2561895029668427	-0.269452298686658	-0.25686370445698000458248840975942399449829757553414788501201825679651383791603715235913298467707705721892167517783330530049287	-0.25686370445698000458248840975942399449829757553414788501201825679651383791603715235913298467707705721892167517783330530049287
10.4	-0.2559236807520557	-0.2553507661936906	-0.25503611208810745	-0.25620956118269894	-0.26947409798806254	-0.25686370445698000458248840975942399449829757553414788501201825679651383791603715235913298467707705721892167517783330530049287	-0.25686370445698000458248840975942399449829757553414788501201825679651383791603715235913298467707705721892167517783330530049287
10.450000000000001	-0.2559481740737805	-0.2553881210947444	-0.25508124062858256	-0.25622902201798164	-0.26949525211743147	-0.25686370445698000458248840975942399449829757553414788501201825679651383791603715235913298467707705721892167517783330530049287	-0.25686370445698000458248840975942399449829757553414788501201825679651383791603715235913298467707705721892167517783330530049287
10.5	-0.2559720115871117	-0.2554245519866718	-0.2551252530267105	-0.25624790270097497	-0.2695157796820145	-0.25686370445698000458248840975942399449829757553414788501201825679651383791603715235913298467707705721892167517783330530049287	-0.25686370445698000458248840975942399449829757553414788501201825679651383791603715235913298467707705721892167517783330530049287
10.55	-0.2559952939873459	-0.2554600822046697	-0.25516817614225445	-0.2562662204599632	-0.26953569928906146	-0.25686370445698000458248840975942399449829757553414788501201825679651383791603715235913298467707705721892167517783330530049287	-0.25686370445698000458248840975942399449829757553414788501201825679651383791603715235913298467707705721892167517783330530049287
10.600000000000001	-0.2560179557799717	-0.25549473508393494	-0.25521003683497756	-0.25628399252323064	-0.26955502954582217	-0.25686370445698000458248840975942399449829757553414788501201825679651383791603715235913298467707705721892167517783330530049287	-0.25686370445698000458248840975942399449829757553414788501201825679651383791603715235913298467707705721892167517783330530049287
10.65	-0.2560400121214141	-0.25552853396200265	-0.2552508619646429	-0.2563012361190614	-0.2695737890595464	-0.25686370445698000458248840975942399449829757553414788501201825679651383791603715235913298467707705721892167517783330530049287	-0.25686370445698000458248840975942399449829757553414788501201825679651383791603715235913298467707705721892167517783330530049287
10.700000000000001	-0.2560614781680978	-0.25556150136973843	-0.25529067839101366	-0.2563179683438129	-0.2695919960512247	-0.25686370445698000458248840975942399449829757553414788501201825679651383791603715235913298467707705721892167517783330530049287	-0.25686370445698000458248840975942399449829757553414788501201825679651383791603715235913298467707705721892167517783330530049287
10.75	-0.2560823690764478	-0.25559365654361543	-0.2553295129738529	-0.25633420427023185	-0.26960966617182947	-0.25686370445698000458248840975942399449829757553414788501201825679651383791603715235913298467707705721892167517783330530049287	-0.25686370445698000458248840975942399449829757553414788501201825679651383791603715235913298467707705721892167517783330530049287
10.8	-0.256102700002889	-0.2556250179537251	-0.25536739231398414	-0.2563499574684342	-0.2696268140833565	-0.25686370445698000458248840975942399449829757553414788501201825679651383791603715235913298467707705721892167517783330530049287	-0.25686370445698000458248840975942399449829757553414788501201825679651383791603715235913298467707705721892167517783330530049287
10.850000000000001	-0.2561224861038462	-0.2556556040701589	-0.25540433959148706	-0.25636524148094625	-0.26964345444953364	-0.25686370445698000458248840975942399449829757553414788501201825679651383791603715235913298467707705721892167517783330530049287	-0.25686370445698000458248840975942399449829757553414788501201825679651383791603715235913298467707705721892167517783330530049287
10.9	-0.25614174253574423	-0.25568543336300825	-0.2554403757525023	-0.25638006985029443	-0.26965960193408883	-0.25686370445698000458248840975942399449829757553414788501201825679651383791603715235913298467707705721892167517783330530049287	-0.25686370445698000458248840975942399449829757553414788501201825679651383791603715235913298467707705721892167517783330530049287
10.950000000000001	-0.2561604844550081	-0.2557145243023646	-0.2554755217233948	-0.2563944561190052	-0.26967527120075	-0.25686370445698000458248840975942399449829757553414788501201825679651383791603715235913298467707705721892167517783330530049287	-0.25686370445698000458248840975942399449829757553414788501201825679651383791603715235913298467707705721892167517783330530049287
11.	-0.25617872701806255	-0.25574289535831934	-0.25550979843052984	-0.2564084138296049	-0.2696904769132451	-0.25686370445698000458248840975942399449829757553414788501201825679651383791603715235913298467707705721892167517783330530049287	-0.25686370445698000458248840975942399449829757553414788501201825679651383791603715235913298467707705721892167517783330530049287
11.05	-0.25619654596558017	-0.255770565000964	-0.25554322680027236	-0.25642195652461997	-0.26970523373530203	-0.25686370445698000458248840975942399449829757553414788501201825679651383791603715235913298467707705721892167517783330530049287	-0.25686370445698000458248840975942399449829757553414788501201825679651383791603715235913298467707705721892167517783330530049287
11.100000000000001	-0.25621389219796564	-0.25579755170039	-0.2555758277589875	-0.2564350976243125	-0.2697195559494021	-0.25686370445698000458248840975942399449829757553414788501201825679651383791603715235913298467707705721892167517783330530049287	-0.25686370445698000458248840975942399449829757553414788501201825679651383791603715235913298467707705721892167517783330530049287
11.150000000000002	-0.25623077719987114	-0.25582387392219447	-0.2556076222330404	-0.2564478489068528	-0.2697334557680532	-0.25686370445698000458248840975942399449829757553414788501201825679651383791603715235913298467707705721892167517783330530049287	-0.25686370445698000458248840975942399449829757553414788501201825679651383791603715235913298467707705721892167517783330530049287
11.2	-0.25624721245594906	-0.25584954889074535	-0.25563863114879615	-0.25646022103625743	-0.2697469447486363	-0.25686370445698000458248840975942399449829757553414788501201825679651383791603715235913298467707705721892167517783330530049287	-0.25686370445698000458248840975942399449829757553414788501201825679651383791603715235913298467707705721892167517783330530049287
11.25	-0.25626320945085157	-0.2558745912695202	-0.2556688754326198	-0.25647222466110337	-0.2697600344504393	-0.25686370445698000458248840975942399449829757553414788501201825679651383791603715235913298467707705721892167517783330530049287	-0.25686370445698000458248840975942399449829757553414788501201825679651383791603715235913298467707705721892167517783330530049287
11.3	-0.25627877966923107	-0.2558990154487313	-0.25569837580611077	-0.25648387042996756	-0.26977273643274974	-0.25686370445698000458248840975942399449829757553414788501201825679651383791603715235913298467707705721892167517783330530049287	-0.25686370445698000458248840975942399449829757553414788501201825679651383791603715235913298467707705721892167517783330530049287
11.350000000000001	-0.2562939345957398	-0.25592283581859077	-0.2557271503098133	-0.256495168991427	-0.26978506225485543	-0.25686370445698000458248840975942399449829757553414788501201825679651383791603715235913298467707705721892167517783330530049287	-0.25686370445698000458248840975942399449829757553414788501201825679651383791603715235913298467707705721892167517783330530049287
11.400000000000002	-0.25630868571503	-0.25594606676931086	-0.2557552152524809	-0.2565061309940586	-0.2697970234760441	-0.25686370445698000458248840975942399449829757553414788501201825679651383791603715235913298467707705721892167517783330530049287	-0.25686370445698000458248840975942399449829757553414788501201825679651383791603715235913298467707705721892167517783330530049287
11.45	-0.25632304451175403	-0.2559687226911037	-0.25578258692940326	-0.25651676708643945	-0.2698086316556035	-0.25686370445698000458248840975942399449829757553414788501201825679651383791603715235913298467707705721892167517783330530049287	-0.25686370445698000458248840975942399449829757553414788501201825679651383791603715235913298467707705721892167517783330530049287
11.5	-0.25633702247056417	-0.25599081797418155	-0.2558092816358699	-0.2565270878219869	-0.2698198980349562	-0.25686370445698000458248840975942399449829757553414788501201825679651383791603715235913298467707705721892167517783330530049287	-0.25686370445698000458248840975942399449829757553414788501201825679651383791603715235913298467707705721892167517783330530049287
11.55	-0.2563506767029404	-0.2560123670087566	-0.25583531566717044	-0.25653710246420136	-0.2698308322000548	-0.25686370445698000458248840975942399449829757553414788501201825679651383791603715235913298467707705721892167517783330530049287	-0.25686370445698000458248840975942399449829757553414788501201825679651383791603715235913298467707705721892167517783330530049287
11.600000000000001	-0.25636397030144503	-0.25603338418504107	-0.2558607053185945	-0.2565468193611499	-0.2698414432043246	-0.25686370445698000458248840975942399449829757553414788501201825679651383791603715235913298467707705721892167517783330530049287	-0.25686370445698000458248840975942399449829757553414788501201825679651383791603715235913298467707705721892167517783330530049287
11.650000000000002	-0.256376911985468	-0.25605388388964506	-0.2558854668854316	-0.2565562468425081	-0.26985174010108715	-0.25686370445698000458248840975942399449829757553414788501201825679651383791603715235913298467707705721892167517783330530049287	-0.25686370445698000458248840975942399449829757553414788501201825679651383791603715235913298467707705721892167517783330530049287
11.7	-0.25638951047439934	-0.25607387953206184	-0.25590961666297146	-0.25656539323795163	-0.2698617319436638	-0.25686370445698000458248840975942399449829757553414788501201825679651383791603715235913298467707705721892167517783330530049287	-0.25686370445698000458248840975942399449829757553414788501201825679651383791603715235913298467707705721892167517783330530049287
11.75	-0.25640177448762913	-0.256093382525658	-0.25593317094650364	-0.256574266877156	-0.2698714277853761	-0.25686370445698000458248840975942399449829757553414788501201825679651383791603715235913298467707705721892167517783330530049287	-0.25686370445698000458248840975942399449829757553414788501201825679651383791603715235913298467707705721892167517783330530049287
11.8	-0.2564137127445472	-0.2561124040758504	-0.25595614587361204	-0.2565828760897969	-0.26988083667954565	-0.25686370445698000458248840975942399449829757553414788501201825679651383791603715235913298467707705721892167517783330530049287	-0.25686370445698000458248840975942399449829757553414788501201825679651383791603715235913298467707705721892167517783330530049287
11.850000000000001	-0.2564253339645437	-0.2561309553880562	-0.2559785555010022	-0.25659122920554994	-0.2698899676794938	-0.25686370445698000458248840975942399449829757553414788501201825679651383791603715235913298467707705721892167517783330530049287	-0.25686370445698000458248840975942399449829757553414788501201825679651383791603715235913298467707705721892167517783330530049287
11.900000000000002	-0.25643664686700857	-0.2561490476676924	-0.25600041252843814	-0.25659933453693945	-0.26989882975346063	-0.25686370445698000458248840975942399449829757553414788501201825679651383791603715235913298467707705721892167517783330530049287	-0.25686370445698000458248840975942399449829757553414788501201825679651383791603715235913298467707705721892167517783330530049287
11.95	-0.2564476601713318	-0.2561666921201761	-0.25602172964386666	-0.2566071996270287	-0.26990743073131784	-0.25686370445698000458248840975942399449829757553414788501201825679651383791603715235913298467707705721892167517783330530049287	-0.25686370445698000458248840975942399449829757553414788501201825679651383791603715235913298467707705721892167517783330530049287
12.	-0.2564583825969034	-0.2561838999509243	-0.25604251953523444	-0.25661483102283444	-0.26991577767577096	-0.25686370445698000458248840975942399449829757553414788501201825679651383791603715235913298467707705721892167517783330530049287	-0.25686370445698000458248840975942399449829757553414788501201825679651383791603715235913298467707705721892167517783330530049287
12.05	-0.2564688573069136	-0.256200682365354	-0.25606279489048817	-0.2566222352130406	-0.269923877639507	-0.25686370445698000458248840975942399449829757553414788501201825679651383791603715235913298467707705721892167517783330530049287	-0.25686370445698000458248840975942399449829757553414788501201825679651383791603715235913298467707705721892167517783330530049287
12.100000000000001	-0.2564790564894492	-0.2562170505688823	-0.25608256839757454	-0.25662941868633127	-0.2699317376752129	-0.25686370445698000458248840975942399449829757553414788501201825679651383791603715235913298467707705721892167517783330530049287	-0.25686370445698000458248840975942399449829757553414788501201825679651383791603715235913298467707705721892167517783330530049287
12.150000000000002	-0.256488986776397	-0.2562330157641795	-0.25610185274444036	-0.2566363879313902	-0.26993936483557557	-0.25686370445698000458248840975942399449829757553414788501201825679651383791603715235913298467707705721892167517783330530049287	-0.25686370445698000458248840975942399449829757553414788501201825679651383791603715235913298467707705721892167517783330530049287
12.2	-0.25649865479964407	-0.25624858839806536	-0.2561206606190323	-0.2566431494369016	-0.26994676617328206	-0.25686370445698000458248840975942399449829757553414788501201825679651383791603715235913298467707705721892167517783330530049287	-0.25686370445698000458248840975942399449829757553414788501201825679651383791603715235913298467707705721892167517783330530049287
12.25	-0.2565080671910773	-0.25626377736095846	-0.25613900470929707	-0.2566497096915492	-0.26995394874101936	-0.25686370445698000458248840975942399449829757553414788501201825679651383791603715235913298467707705721892167517783330530049287	-0.25686370445698000458248840975942399449829757553414788501201825679651383791603715235913298467707705721892167517783330530049287
12.3	-0.25651723058258374	-0.2562785913779774	-0.256156897580415	-0.25665607518396755	-0.2699609195852074	-0.25686370445698000458248840975942399449829757553414788501201825679651383791603715235913298467707705721892167517783330530049287	-0.25686370445698000458248840975942399449829757553414788501201825679651383791603715235913298467707705721892167517783330530049287
12.350000000000001	-0.25652615160605025	-0.2562930391742408	-0.25617435017986845	-0.2566622520667815	-0.2699676851917601	-0.25686370445698000458248840975942399449829757553414788501201825679651383791603715235913298467707705721892167517783330530049287	-0.25686370445698000458248840975942399449829757553414788501201825679651383791603715235913298467707705721892167517783330530049287
12.400000000000002	-0.2565348368933638	-0.2563071294748672	-0.25619137240196366	-0.25666824554377865	-0.2699742511286915	-0.25686370445698000458248840975942399449829757553414788501201825679651383791603715235913298467707705721892167517783330530049287	-0.25686370445698000458248840975942399449829757553414788501201825679651383791603715235913298467707705721892167517783330530049287
12.45	-0.2565432930764114	-0.2563208710049753	-0.25620797413200375	-0.25667406066815607	-0.2699806228882809	-0.25686370445698000458248840975942399449829757553414788501201825679651383791603715235913298467707705721892167517783330530049287	-0.25686370445698000458248840975942399449829757553414788501201825679651383791603715235913298467707705721892167517783330530049287
12.5	-0.25655152678707993	-0.25633427248968366	-0.2562241652552919	-0.256679702493111	-0.2699868059628078	-0.25686370445698000458248840975942399449829757553414788501201825679651383791603715235913298467707705721892167517783330530049287	-0.25686370445698000458248840975942399449829757553414788501201825679651383791603715235913298467707705721892167517783330530049287
12.55	-0.256559570716203	-0.25634734265411085	-0.2562399556571312	-0.2566851760718407	-0.26999280584455154	-0.25686370445698000458248840975942399449829757553414788501201825679651383791603715235913298467707705721892167517783330530049287	-0.25686370445698000458248840975942399449829757553414788501201825679651383791603715235913298467707705721892167517783330530049287
12.600000000000001	-0.2565674038573909	-0.2563600902233756	-0.25625535522282483	-0.2566904864575423	-0.2699986280257916	-0.25686370445698000458248840975942399449829757553414788501201825679651383791603715235913298467707705721892167517783330530049287	-0.25686370445698000458248840975942399449829757553414788501201825679651383791603715235913298467707705721892167517783330530049287
12.650000000000002	-0.2565750312632004	-0.25637252392045157	-0.2562703738376759	-0.25669563870341294	-0.2700042779988075	-0.25686370445698000458248840975942399449829757553414788501201825679651383791603715235913298467707705721892167517783330530049287	-0.25686370445698000458248840975942399449829757553414788501201825679651383791603715235913298467707705721892167517783330530049287
12.7	-0.2565824579861884	-0.2563846518800315	-0.2562850213869876	-0.2567006378626499	-0.27000976125587856	-0.25686370445698000458248840975942399449829757553414788501201825679651383791603715235913298467707705721892167517783330530049287	-0.25686370445698000458248840975942399449829757553414788501201825679651383791603715235913298467707705721892167517783330530049287
12.75	-0.2565896890789117	-0.2563964810276315	-0.2562993077560631	-0.25670548887883365	-0.2700150831024745	-0.25686370445698000458248840975942399449829757553414788501201825679651383791603715235913298467707705721892167517783330530049287	-0.25686370445698000458248840975942399449829757553414788501201825679651383791603715235913298467707705721892167517783330530049287
12.8	-0.2565967295939273	-0.25640801816090014	-0.2563132427332623	-0.2567101959654246	-0.27002024802263747	-0.25686370445698000458248840975942399449829757553414788501201825679651383791603715235913298467707705721892167517783330530049287	-0.25686370445698000458248840975942399449829757553414788501201825679651383791603715235913298467707705721892167517783330530049287
12.850000000000001	-0.2566035845837919	-0.2564192700774858	-0.2563268348389988	-0.2567147630565648	-0.27002526029250384	-0.25686370445698000458248840975942399449829757553414788501201825679651383791603715235913298467707705721892167517783330530049287	-0.25686370445698000458248840975942399449829757553414788501201825679651383791603715235913298467707705721892167517783330530049287
12.900000000000002	-0.25661025910106244	-0.25643024357503685	-0.2563400917757623	-0.2567191940870616	-0.2700301241887661	-0.25686370445698000458248840975942399449829757553414788501201825679651383791603715235913298467707705721892167517783330530049287	-0.25686370445698000458248840975942399449829757553414788501201825679651383791603715235913298467707705721892167517783330530049287
12.95	-0.25661675819829577	-0.2564409454512019	-0.256353021239791	-0.25672349299172237	-0.2700348439881167	-0.25686370445698000458248840975942399449829757553414788501201825679651383791603715235913298467707705721892167517783330530049287	-0.25686370445698000458248840975942399449829757553414788501201825679651383791603715235913298467707705721892167517783330530049287
13.	-0.25662308692804875	-0.25645138250362925	-0.25636563092732306	-0.2567276637053543	-0.27003942396724817	-0.25686370445698000458248840975942399449829757553414788501201825679651383791603715235913298467707705721892167517783330530049287	-0.25686370445698000458248840975942399449829757553414788501201825679651383791603715235913298467707705721892167517783330530049287
13.05	-0.2566292700983424	-0.2564615615299674	-0.2563779285345968	-0.25673171016276475	-0.270043868402853	-0.25686370445698000458248840975942399449829757553414788501201825679651383791603715235913298467707705721892167517783330530049287	-0.25686370445698000458248840975942399449829757553414788501201825679651383791603715235913298467707705721892167517783330530049287
13.100000000000001	-0.2566352918089686	-0.25647148932786484	-0.2563899217578504	-0.25673563629876095	-0.27004818157162364	-0.25686370445698000458248840975942399449829757553414788501201825679651383791603715235913298467707705721892167517783330530049287	-0.25686370445698000458248840975942399449829757553414788501201825679651383791603715235913298467707705721892167517783330530049287
13.150000000000002	-0.2566411559151832	-0.25648117269326465	-0.25640161829332214	-0.2567394460234796	-0.2700523677098873	-0.25686370445698000458248840975942399449829757553414788501201825679651383791603715235913298467707705721892167517783330530049287	-0.25686370445698000458248840975942399449829757553414788501201825679651383791603715235913298467707705721892167517783330530049287
13.2	-0.25664686627224237	-0.2564906179600316	-0.25641302583725023	-0.25674314279067806	-0.270056430515506	-0.25686370445698000458248840975942399449829757553414788501201825679651383791603715235913298467707705721892167517783330530049287	-0.25686370445698000458248840975942399449829757553414788501201825679651383791603715235913298467707705721892167517783330530049287
13.25	-0.25665242673540195	-0.25649983051865344	-0.2564241520858728	-0.25674672967466716	-0.27006037332466704	-0.25686370445698000458248840975942399449829757553414788501201825679651383791603715235913298467707705721892167517783330530049287	-0.25686370445698000458248840975942399449829757553414788501201825679651383791603715235913298467707705721892167517783330530049287
13.3	-0.256657841159918	-0.25650881566149225	-0.2564350046611471	-0.2567502097406038	-0.2700641994689432	-0.25686370445698000458248840975942399449829757553414788501201825679651383791603715235913298467707705721892167517783330530049287	-0.25686370445698000458248840975942399449829757553414788501201825679651383791603715235913298467707705721892167517783330530049287
13.350000000000001	-0.2566631134010465	-0.25651757868091013	-0.2564455902037787	-0.25675358605364496	-0.2700679122799071	-0.25686370445698000458248840975942399449829757553414788501201825679651383791603715235913298467707705721892167517783330530049287	-0.25686370445698000458248840975942399449829757553414788501201825679651383791603715235913298467707705721892167517783330530049287
13.400000000000002	-0.25666824731404353	-0.256526124869269	-0.2564559147136976	-0.2567568616789476	-0.2700715150891315	-0.25686370445698000458248840975942399449829757553414788501201825679651383791603715235913298467707705721892167517783330530049287	-0.25686370445698000458248840975942399449829757553414788501201825679651383791603715235913298467707705721892167517783330530049287
13.45	-0.256673246754165	-0.25653445951893106	-0.2564659841851649	-0.2567600396816688	-0.270075011228189	-0.25686370445698000458248840975942399449829757553414788501201825679651383791603715235913298467707705721892167517783330530049287	-0.25686370445698000458248840975942399449829757553414788501201825679651383791603715235913298467707705721892167517783330530049287
13.5	-0.25667811557666687	-0.2565425879222583	-0.2564758046124418	-0.25676312312696536	-0.27007840402865235	-0.25686370445698000458248840975942399449829757553414788501201825679651383791603715235913298467707705721892167517783330530049287	-0.25686370445698000458248840975942399449829757553414788501201825679651383791603715235913298467707705721892167517783330530049287
13.55	-0.2566828726418235	-0.25655051537161283	-0.2564853819897895	-0.2567661150779423	-0.2700816968191298	-0.25686370445698000458248840975942399449829757553414788501201825679651383791603715235913298467707705721892167517783330530049287	-0.25686370445698000458248840975942399449829757553414788501201825679651383791603715235913298467707705721892167517783330530049287
13.600000000000001	-0.25668750589047745	-0.25655824715935666	-0.25649472231146914	-0.25676901836520855	-0.2700848926632566	-0.25686370445698000458248840975942399449829757553414788501201825679651383791603715235913298467707705721892167517783330530049287	-0.25686370445698000458248840975942399449829757553414788501201825679651383791603715235913298467707705721892167517783330530049287
13.650000000000002	-0.2566920182684898	-0.2565657885765596	-0.25650383157174184	-0.25677183541233306	-0.27008799419089985	-0.25686370445698000458248840975942399449829757553414788501201825679651383791603715235913298467707705721892167517783330530049287	-0.25686370445698000458248840975942399449829757553414788501201825679651383791603715235913298467707705721892167517783330530049287
13.7	-0.2566964127217214	-0.256573144557976	-0.25651271576486884	-0.2567745686060571	-0.2700910039961686	-0.25686370445698000458248840975942399449829757553414788501201825679651383791603715235913298467707705721892167517783330530049287	-0.25686370445698000458248840975942399449829757553414788501201825679651383791603715235913298467707705721892167517783330530049287
13.75	-0.25670069219603325	-0.25658031930386477	-0.2565213808851112	-0.2567772203331216	-0.27009392467317195	-0.25686370445698000458248840975942399449829757553414788501201825679651383791603715235913298467707705721892167517783330530049287	-0.25686370445698000458248840975942399449829757553414788501201825679651383791603715235913298467707705721892167517783330530049287
13.8	-0.2567048596372863	-0.2565873169362746	-0.2565298328684148	-0.2567797929802677	-0.27009675881601886	-0.25686370445698000458248840975942399449829757553414788501201825679651383791603715235913298467707705721892167517783330530049287	-0.25686370445698000458248840975942399449829757553414788501201825679651383791603715235913298467707705721892167517783330530049287
13.850000000000001	-0.2567089179913415	-0.25659414157725424	-0.2565380768846991	-0.2567822889342365	-0.2700995090188184	-0.25686370445698000458248840975942399449829757553414788501201825679651383791603715235913298467707705721892167517783330530049287	-0.25686370445698000458248840975942399449829757553414788501201825679651383791603715235913298467707705721892167517783330530049287
13.900000000000002	-0.25671287020405975	-0.25660079734885227	-0.25654611760708707	-0.25678471058176905	-0.2701021778756796	-0.25686370445698000458248840975942399449829757553414788501201825679651383791603715235913298467707705721892167517783330530049287	-0.25686370445698000458248840975942399449829757553414788501201825679651383791603715235913298467707705721892167517783330530049287
13.95	-0.256716719221302	-0.2566072883731174	-0.2565539597046425	-0.25678706030960646	-0.2701047679807115	-0.25686370445698000458248840975942399449829757553414788501201825679651383791603715235913298467707705721892167517783330530049287	-0.25686370445698000458248840975942399449829757553414788501201825679651383791603715235913298467707705721892167517783330530049287
14.	-0.2567204679889293	-0.25661361877209826	-0.2565616078464289	-0.2567893404153666	-0.27010728183994687	-0.25686370445698000458248840975942399449829757553414788501201825679651383791603715235913298467707705721892167517783330530049287	-0.25686370445698000458248840975942399449829757553414788501201825679651383791603715235913298467707705721892167517783330530049287
14.05	-0.25672413086958273	-0.25661979266784357	-0.25656906670151003	-0.25679155283973015	-0.2701097215717691	-0.25686370445698000458248840975942399449829757553414788501201825679651383791603715235913298467707705721892167517783330530049287	-0.25686370445698000458248840975942399449829757553414788501201825679651383791603715235913298467707705721892167517783330530049287
14.100000000000001	-0.256727698700417	-0.256625814182402	-0.2565763409389495	-0.25679369944137836	-0.27011208919628465	-0.25686370445698000458248840975942399449829757553414788501201825679651383791603715235913298467707705721892167517783330530049287	-0.25686370445698000458248840975942399449829757553414788501201825679651383791603715235913298467707705721892167517783330530049287
14.150000000000002	-0.2567311737353669	-0.25663168743680004	-0.2565834352278109	-0.2567957820791437	-0.2701143867338608	-0.25686370445698000458248840975942399449829757553414788501201825679651383791603715235913298467707705721892167517783330530049287	-0.25686370445698000458248840975942399449829757553414788501201825679651383791603715235913298467707705721892167517783330530049287
14.200000000000003	-0.2567345582283674	-0.25663741627320635	-0.256590354237158	-0.2567978026118585	-0.27011661620486477	-0.25686370445698000458248840975942399449829757553414788501201825679651383791603715235913298467707705721892167517783330530049287	-0.25686370445698000458248840975942399449829757553414788501201825679651383791603715235913298467707705721892167517783330530049287
14.25	-0.2567378544333533	-0.2566430039623075	-0.25659710263605434	-0.2567997628983552	-0.2701187796296639	-0.25686370445698000458248840975942399449829757553414788501201825679651383791603715235913298467707705721892167517783330530049287	-0.25686370445698000458248840975942399449829757553414788501201825679651383791603715235913298467707705721892167517783330530049287
14.3	-0.25674106460425944	-0.25664845371478967	-0.25660368504805214	-0.2568016647974662	-0.27012087902862536	-0.25686370445698000458248840975942399449829757553414788501201825679651383791603715235913298467707705721892167517783330530049287	-0.25686370445698000458248840975942399449829757553414788501201825679651383791603715235913298467707705721892167517783330530049287
14.350000000000001	-0.25674419099502077	-0.25665376874133916	-0.25661010549907204	-0.2568035101680239	-0.2701229164221165	-0.25686370445698000458248840975942399449829757553414788501201825679651383791603715235913298467707705721892167517783330530049287	-0.25686370445698000458248840975942399449829757553414788501201825679651383791603715235913298467707705721892167517783330530049287
14.400000000000002	-0.25674723585957215	-0.256658952252642	-0.25661636762761075	-0.2568053008813874	-0.2701248938408726	-0.25686370445698000458248840975942399449829757553414788501201825679651383791603715235913298467707705721892167517783330530049287	-0.25686370445698000458248840975942399449829757553414788501201825679651383791603715235913298467707705721892167517783330530049287
14.450000000000003	-0.25675020145184846	-0.2566640074593846	-0.2566224750690152	-0.25680703863250737	-0.27012681315434955	-0.25686370445698000458248840975942399449829757553414788501201825679651383791603715235913298467707705721892167517783330530049287	-0.25686370445698000458248840975942399449829757553414788501201825679651383791603715235913298467707705721892167517783330530049287
14.5	-0.2567530900257845	-0.256668937572253	-0.25662843145863234	-0.2568087248233959	-0.2701286758988205	-0.25686370445698000458248840975942399449829757553414788501201825679651383791603715235913298467707705721892167517783330530049287	-0.25686370445698000458248840975942399449829757553414788501201825679651383791603715235913298467707705721892167517783330530049287
14.55	-0.25675591253596947	-0.25667374580193353	-0.25663424043180916	-0.2568103608412829	-0.2701304835860085	-0.25686370445698000458248840975942399449829757553414788501201825679651383791603715235913298467707705721892167517783330530049287	-0.25686370445698000458248840975942399449829757553414788501201825679651383791603715235913298467707705721892167517783330530049287
14.600000000000001	-0.2567586620083715	-0.2566784353591123	-0.2566399056238926	-0.2568119480733983	-0.2701322377276366	-0.25686370445698000458248840975942399449829757553414788501201825679651383791603715235913298467707705721892167517783330530049287	-0.25686370445698000458248840975942399449829757553414788501201825679651383791603715235913298467707705721892167517783330530049287
14.650000000000002	-0.2567613401696132	-0.25668300945367856	-0.25664543067022966	-0.256813487906972	-0.270133939835428	-0.25686370445698000458248840975942399449829757553414788501201825679651383791603715235913298467707705721892167517783330530049287	-0.25686370445698000458248840975942399449829757553414788501201825679651383791603715235913298467707705721892167517783330530049287
14.700000000000003	-0.2567639487463171	-0.2566874710780507	-0.25665081920616734	-0.25681498172923384	-0.27013559142110566	-0.25686370445698000458248840975942399449829757553414788501201825679651383791603715235913298467707705721892167517783330530049287	-0.25686370445698000458248840975942399449829757553414788501201825679651383791603715235913298467707705721892167517783330530049287
14.75	-0.2567664894651056	-0.25669182277892566	-0.2566560748670525	-0.25681643092741385	-0.2701371939963928	-0.25686370445698000458248840975942399449829757553414788501201825679651383791603715235913298467707705721892167517783330530049287	-0.25686370445698000458248840975942399449829757553414788501201825679651383791603715235913298467707705721892167517783330530049287
14.8	-0.2567689640526012	-0.2566960670561928	-0.256661201253104	-0.2568178368887418	-0.2701387490730125	-0.25686370445698000458248840975942399449829757553414788501201825679651383791603715235913298467707705721892167517783330530049287	-0.25686370445698000458248840975942399449829757553414788501201825679651383791603715235913298467707705721892167517783330530049287
14.850000000000001	-0.25677137423542645	-0.2567002064097413	-0.25666620150100955	-0.2568192010004477	-0.2701402581626878	-0.25686370445698000458248840975942399449829757553414788501201825679651383791603715235913298467707705721892167517783330530049287	-0.25686370445698000458248840975942399449829757553414788501201825679651383791603715235913298467707705721892167517783330530049287
14.900000000000002	-0.2567737217402038	-0.2567042433394604	-0.25667107844516807	-0.25682052464976146	-0.27014172277714177	-0.25686370445698000458248840975942399449829757553414788501201825679651383791603715235913298467707705721892167517783330530049287	-0.25686370445698000458248840975942399449829757553414788501201825679651383791603715235913298467707705721892167517783330530049287
14.950000000000003	-0.25677600829355574	-0.2567081803452394	-0.2566758349173438	-0.2568218091822521	-0.2701431443824603	-0.25686370445698000458248840975942399449829757553414788501201825679651383791603715235913298467707705721892167517783330530049287	-0.25686370445698000458248840975942399449829757553414788501201825679651383791603715235913298467707705721892167517783330530049287
15.	-0.2567782356221048	-0.25671201992696757	-0.2566804737493012	-0.25682305568009434	-0.27014452416149337	-0.25686370445698000458248840975942399449829757553414788501201825679651383791603715235913298467707705721892167517783330530049287	-0.25686370445698000458248840975942399449829757553414788501201825679651383791603715235913298467707705721892167517783330530049287
15.05	-0.2567804120930972	-0.2567157645845341	-0.2566849977728044	-0.2568242651483722	-0.27014586321474193	-0.25686370445698000458248840975942399449829757553414788501201825679651383791603715235913298467707705721892167517783330530049287	-0.25686370445698000458248840975942399449829757553414788501201825679651383791603715235913298467707705721892167517783330530049287
15.100000000000001	-0.2567825323900697	-0.2567194168178282	-0.25668940981961785	-0.25682543859435636	-0.2701471626448821	-0.25686370445698000458248840975942399449829757553414788501201825679651383791603715235913298467707705721892167517783330530049287	-0.25686370445698000458248840975942399449829757553414788501201825679651383791603715235913298467707705721892167517783330530049287
15.150000000000002	-0.2567845978371827	-0.25672297912612696	-0.2566937127215058	-0.25682657702531764	-0.27014842355458984	-0.25686370445698000458248840975942399449829757553414788501201825679651383791603715235913298467707705721892167517783330530049287	-0.25686370445698000458248840975942399449829757553414788501201825679651383791603715235913298467707705721892167517783330530049287
15.200000000000003	-0.25678660975859663	-0.25672645384027915	-0.25669790931023256	-0.25682768144852675	-0.2701496470465414	-0.25686370445698000458248840975942399449829757553414788501201825679651383791603715235913298467707705721892167517783330530049287	-0.25686370445698000458248840975942399449829757553414788501201825679651383791603715235913298467707705721892167517783330530049287
15.25	-0.25678856947847195	-0.25672984294438506	-0.2567020024175624	-0.25682875287125445	-0.27015083422341263	-0.25686370445698000458248840975942399449829757553414788501201825679651383791603715235913298467707705721892167517783330530049287	-0.25686370445698000458248840975942399449829757553414788501201825679651383791603715235913298467707705721892167517783330530049287
15.3	-0.2567904783209691	-0.25673314838573563	-0.2567059948476301	-0.25682979230077146	-0.2701519861878798	-0.25686370445698000458248840975942399449829757553414788501201825679651383791603715235913298467707705721892167517783330530049287	-0.25686370445698000458248840975942399449829757553414788501201825679651383791603715235913298467707705721892167517783330530049287
15.350000000000001	-0.2567923376102485	-0.2567363721116217	-0.25670988904218034	-0.25683080074434855	-0.2701531040426189	-0.25686370445698000458248840975942399449829757553414788501201825679651383791603715235913298467707705721892167517783330530049287	-0.25686370445698000458248840975942399449829757553414788501201825679651383791603715235913298467707705721892167517783330530049287
15.400000000000002	-0.2567941486704706	-0.25673951606933426	-0.2567136872083732	-0.25683177920925654	-0.27015418889030596	-0.25686370445698000458248840975942399449829757553414788501201825679651383791603715235913298467707705721892167517783330530049287	-0.25686370445698000458248840975942399449829757553414788501201825679651383791603715235913298467707705721892167517783330530049287
15.450000000000003	-0.25679591282579595	-0.256742582206164	-0.2567173915514953	-0.2568327287027661	-0.2701552418336171	-0.25686370445698000458248840975942399449829757553414788501201825679651383791603715235913298467707705721892167517783330530049287	-0.25686370445698000458248840975942399449829757553414788501201825679651383791603715235913298467707705721892167517783330530049287
15.5	-0.25679763140038486	-0.25674557246940194	-0.25672100427683325	-0.2568336501718603	-0.27015626388912906	-0.25686370445698000458248840975942399449829757553414788501201825679651383791603715235913298467707705721892167517783330530049287	-0.25686370445698000458248840975942399449829757553414788501201825679651383791603715235913298467707705721892167517783330530049287
15.55	-0.25679931079374846	-0.25674848880633894	-0.25672452758967373	-0.25683454433581154	-0.2701572558407162	-0.25686370445698000458248840975942399449829757553414788501201825679651383791603715235913298467707705721892167517783330530049287	-0.25686370445698000458248840975942399449829757553414788501201825679651383791603715235913298467707705721892167517783330530049287
15.600000000000001	-0.2568009469470996	-0.2567513331642658	-0.2567279636953033	-0.2568354119201822	-0.2701582184889407	-0.25686370445698000458248840975942399449829757553414788501201825679651383791603715235913298467707705721892167517783330530049287	-0.25686370445698000458248840975942399449829757553414788501201825679651383791603715235913298467707705721892167517783330530049287
15.650000000000002	-0.2568025408770016	-0.2567541074910098	-0.25673131479900857	-0.25683625365415014	-0.27015915263573603	-0.25686370445698000458248840975942399449829757553414788501201825679651383791603715235913298467707705721892167517783330530049287	-0.25686370445698000458248840975942399449829757553414788501201825679651383791603715235913298467707705721892167517783330530049287
15.700000000000003	-0.25680409360001805	-0.2567568136836346	-0.25673458310607616	-0.2568370702668932	-0.2701600590830358	-0.25686370445698000458248840975942399449829757553414788501201825679651383791603715235913298467707705721892167517783330530049287	-0.25686370445698000458248840975942399449829757553414788501201825679651383791603715235913298467707705721892167517783330530049287
15.75	-0.2568056061327123	-0.25675945331124744	-0.25673777082179267	-0.25683786248758933	-0.2701609386327735	-0.25686370445698000458248840975942399449829757553414788501201825679651383791603715235913298467707705721892167517783330530049287	-0.25686370445698000458248840975942399449829757553414788501201825679651383791603715235913298467707705721892167517783330530049287
15.8	-0.2568070794916478	-0.2567620278511513	-0.2567408801300364	-0.25683863104541643	-0.27016179208688273	-0.25686370445698000458248840975942399449829757553414788501201825679651383791603715235913298467707705721892167517783330530049287	-0.25686370445698000458248840975942399449829757553414788501201825679651383791603715235913298467707705721892167517783330530049287
15.850000000000001	-0.25680851469338806	-0.2567645387806494	-0.2567439129328811	-0.2568393766695524	-0.27016262024729704	-0.25686370445698000458248840975942399449829757553414788501201825679651383791603715235913298467707705721892167517783330530049287	-0.25686370445698000458248840975942399449829757553414788501201825679651383791603715235913298467707705721892167517783330530049287
15.900000000000002	-0.25680991275449644	-0.25676698757704486	-0.2567468709491711	-0.2568401000891751	-0.27016342391594994	-0.25686370445698000458248840975942399449829757553414788501201825679651383791603715235913298467707705721892167517783330530049287	-0.25686370445698000458248840975942399449829757553414788501201825679651383791603715235913298467707705721892167517783330530049287
15.950000000000003	-0.2568112746915364	-0.2567693757176408	-0.2567497558962071	-0.2568408020334626	-0.2701642038947751	-0.25686370445698000458248840975942399449829757553414788501201825679651383791603715235913298467707705721892167517783330530049287	-0.25686370445698000458248840975942399449829757553414788501201825679651383791603715235913298467707705721892167517783330530049287
16.	-0.2568126015210714	-0.25677170467974036	-0.25675256949128983	-0.25684148323159256	-0.27016496098569553	-0.25686370445698000458248840975942399449829757553414788501201825679651383791603715235913298467707705721892167517783330530049287	-0.25686370445698000458248840975942399449829757553414788501201825679651383791603715235913298467707705721892167517783330530049287
16.05	-0.2568138981436599	-0.2567739759406467	-0.2567553134517202	-0.2568421443502781	-0.270165695881041	-0.25686370445698000458248840975942399449829757553414788501201825679651383791603715235913298467707705721892167517783330530049287	-0.25686370445698000458248840975942399449829757553414788501201825679651383791603715235913298467707705721892167517783330530049287
16.1	-0.25681516145647665	-0.2567761909776629	-0.2567579894947989	-0.2568427858821275	-0.27016640912641277	-0.25686370445698000458248840975942399449829757553414788501201825679651383791603715235913298467707705721892167517783330530049287	-0.25686370445698000458248840975942399449829757553414788501201825679651383791603715235913298467707705721892167517783330530049287
16.150000000000002	-0.25681639224069147	-0.2567783512680922	-0.2567605993378268	-0.2568434083466843	-0.27016710129859234	-0.25686370445698000458248840975942399449829757553414788501201825679651383791603715235913298467707705721892167517783330530049287	-0.25686370445698000458248840975942399449829757553414788501201825679651383791603715235913298467707705721892167517783330530049287
16.200000000000003	-0.25681759127747417	-0.2567804582892376	-0.25676314469810463	-0.25684401226554704	-0.27016777297436123	-0.25686370445698000458248840975942399449829757553414788501201825679651383791603715235913298467707705721892167517783330530049287	-0.25686370445698000458248840975942399449829757553414788501201825679651383791603715235913298467707705721892167517783330530049287
16.25	-0.2568187593479946	-0.256782513516868	-0.25676562729293323	-0.25684459816031424	-0.27016842473050084	-0.25686370445698000458248840975942399449829757553414788501201825679651383791603715235913298467707705721892167517783330530049287	-0.25686370445698000458248840975942399449829757553414788501201825679651383791603715235913298467707705721892167517783330530049287
16.3	-0.2568198972334224	-0.25678451827615956	-0.2567680488229653	-0.2568451665525844	-0.27016905714379263	-0.25686370445698000458248840975942399449829757553414788501201825679651383791603715235913298467707705721892167517783330530049287	-0.25686370445698000458248840975942399449829757553414788501201825679651383791603715235913298467707705721892167517783330530049287
16.35	-0.2568210057149275	-0.2567864736783174	-0.25677041076964313	-0.25684571796395606	-0.27016967079101817	-0.25686370445698000458248840975942399449829757553414788501201825679651383791603715235913298467707705721892167517783330530049287	-0.25686370445698000458248840975942399449829757553414788501201825679651383791603715235913298467707705721892167517783330530049287
16.400000000000002	-0.2568220855736797	-0.2567883808275182	-0.2567727144718259	-0.2568462529160277	-0.2701702662489588	-0.25686370445698000458248840975942399449829757553414788501201825679651383791603715235913298467707705721892167517783330530049287	-0.25686370445698000458248840975942399449829757553414788501201825679651383791603715235913298467707705721892167517783330530049287
16.450000000000003	-0.25682313759084874	-0.2567902408279384	-0.25677496126716637	-0.2568467719303979	-0.27017084409439607	-0.25686370445698000458248840975942399449829757553414788501201825679651383791603715235913298467707705721892167517783330530049287	-0.25686370445698000458248840975942399449829757553414788501201825679651383791603715235913298467707705721892167517783330530049287
16.5	-0.25682416254760443	-0.2567920547837546	-0.25677715249331734	-0.25684727552866515	-0.2701714049041114	-0.25686370445698000458248840975942399449829757553414788501201825679651383791603715235913298467707705721892167517783330530049287	-0.25686370445698000458248840975942399449829757553414788501201825679651383791603715235913298467707705721892167517783330530049287
16.55	-0.2568251642009283	-0.2567938237991434	-0.2567792894879317	-0.25684776423242794	-0.27017194925343235	-0.25686370445698000458248840975942399449829757553414788501201825679651383791603715235913298467707705721892167517783330530049287	-0.25686370445698000458248840975942399449829757553414788501201825679651383791603715235913298467707705721892167517783330530049287
16.6	-0.2568261401758263	-0.25679554897828144	-0.25678137358866227	-0.2568482385126878	-0.2701724776168792	-0.25686370445698000458248840975942399449829757553414788501201825679651383791603715235913298467707705721892167517783330530049287	-0.25686370445698000458248840975942399449829757553414788501201825679651383791603715235913298467707705721892167517783330530049287
16.650000000000002	-0.25682709107311585	-0.2567972314253452	-0.25678340613316186	-0.25684869872568517	-0.27017299039545223	-0.25686370445698000458248840975942399449829757553414788501201825679651383791603715235913298467707705721892167517783330530049287	-0.25686370445698000458248840975942399449829757553414788501201825679651383791603715235913298467707705721892167517783330530049287
16.700000000000003	-0.2568280174936146	-0.25679887224451137	-0.2567853884590833	-0.2568491452477045	-0.27017348800786384	-0.25686370445698000458248840975942399449829757553414788501201825679651383791603715235913298467707705721892167517783330530049287	-0.25686370445698000458248840975942399449829757553414788501201825679651383791603715235913298467707705721892167517783330530049287
16.75	-0.2568289200381402	-0.2568004725399564	-0.2567873219040794	-0.25684957845569	-0.27017397087282635	-0.25686370445698000458248840975942399449829757553414788501201825679651383791603715235913298467707705721892167517783330530049287	-0.25686370445698000458248840975942399449829757553414788501201825679651383791603715235913298467707705721892167517783330530049287
16.8	-0.25682979930751004	-0.25680203341585706	-0.2567892077927608	-0.2568499987265857	-0.27017443940905206	-0.25686370445698000458248840975942399449829757553414788501201825679651383791603715235913298467707705721892167517783330530049287	-0.25686370445698000458248840975942399449829757553414788501201825679651383791603715235913298467707705721892167517783330530049287
16.85	-0.25683065590254184	-0.2568035559724343	-0.2567910472785604	-0.2568504064373358	-0.2701748940352534	-0.25686370445698000458248840975942399449829757553414788501201825679651383791603715235913298467707705721892167517783330530049287	-0.25686370445698000458248840975942399449829757553414788501201825679651383791603715235913298467707705721892167517783330530049287
16.900000000000002	-0.2568314904240531	-0.25680504113967756	-0.25679284140401015	-0.2568508019648844	-0.27017533517014264	-0.25686370445698000458248840975942399449829757553414788501201825679651383791603715235913298467707705721892167517783330530049287	-0.25686370445698000458248840975942399449829757553414788501201825679651383791603715235913298467707705721892167517783330530049287
16.950000000000003	-0.2568323034728615	-0.2568064897229545	-0.2567945912107474	-0.2568511856861756	-0.2701757632324321	-0.25686370445698000458248840975942399449829757553414788501201825679651383791603715235913298467707705721892167517783330530049287	-0.25686370445698000458248840975942399449829757553414788501201825679651383791603715235913298467707705721892167517783330530049287
17.	-0.2568330956497845	-0.2568079025455233	-0.25679629774040924	-0.2568515579781536	-0.2701761786408342	-0.25686370445698000458248840975942399449829757553414788501201825679651383791603715235913298467707705721892167517783330530049287	-0.25686370445698000458248840975942399449829757553414788501201825679651383791603715235913298467707705721892167517783330530049287
17.05	-0.25683386983812695	-0.2568092804306423	-0.25679796203463295	-0.2568519192177625	-0.2701765818140612	-0.25686370445698000458248840975942399449829757553414788501201825679651383791603715235913298467707705721892167517783330530049287	-0.25686370445698000458248840975942399449829757553414788501201825679651383791603715235913298467707705721892167517783330530049287
17.1	-0.25683462421788666	-0.25681062420156947	-0.25679958513505574	-0.2568522697819464	-0.2701769731662372	-0.25686370445698000458248840975942399449829757553414788501201825679651383791603715235913298467707705721892167517783330530049287	-0.25686370445698000458248840975942399449829757553414788501201825679651383791603715235913298467707705721892167517783330530049287
17.150000000000002	-0.2568353592515486	-0.25681193468156327	-0.2568011680833148	-0.2568526100018011	-0.27017735301881574	-0.25686370445698000458248840975942399449829757553414788501201825679651383791603715235913298467707705721892167517783330530049287	-0.25686370445698000458248840975942399449829757553414788501201825679651383791603715235913298467707705721892167517783330530049287
17.200000000000003	-0.2568360754015978	-0.25681321269388174	-0.2568027119210474	-0.25685294012932414	-0.2701777216629223	-0.25686370445698000458248840975942399449829757553414788501201825679651383791603715235913298467707705721892167517783330530049287	-0.25686370445698000458248840975942399449829757553414788501201825679651383791603715235913298467707705721892167517783330530049287
17.25	-0.2568367731305193	-0.2568144590617831	-0.2568042176898907	-0.2568532604353253	-0.2701780794010295	-0.25686370445698000458248840975942399449829757553414788501201825679651383791603715235913298467707705721892167517783330530049287	-0.25686370445698000458248840975942399449829757553414788501201825679651383791603715235913298467707705721892167517783330530049287
17.3	-0.25683745290079807	-0.25681567460852556	-0.2568056864406744	-0.2568535711907609	-0.2701784265356101	-0.25686370445698000458248840975942399449829757553414788501201825679651383791603715235913298467707705721892167517783330530049287	-0.25686370445698000458248840975942399449829757553414788501201825679651383791603715235913298467707705721892167517783330530049287
17.35	-0.25683811517491917	-0.2568168601573673	-0.2568071191584681	-0.25685387266658716	-0.27017876336913677	-0.25686370445698000458248840975942399449829757553414788501201825679651383791603715235913298467707705721892167517783330530049287	-0.25686370445698000458248840975942399449829757553414788501201825679651383791603715235913298467707705721892167517783330530049287
17.400000000000002	-0.25683876041536763	-0.2568180165315666	-0.2568085166366123	-0.2568541651337604	-0.27017909020408215	-0.25686370445698000458248840975942399449829757553414788501201825679651383791603715235913298467707705721892167517783330530049287	-0.25686370445698000458248840975942399449829757553414788501201825679651383791603715235913298467707705721892167517783330530049287
17.450000000000003	-0.25683938908462844	-0.2568191445486533	-0.2568098796522047	-0.2568544488632369	-0.270179407342919	-0.25686370445698000458248840975942399449829757553414788501201825679651383791603715235913298467707705721892167517783330530049287	-0.25686370445698000458248840975942399449829757553414788501201825679651383791603715235913298467707705721892167517783330530049287
17.5	-0.2568400016451866	-0.25682024487212585	-0.25681120898234294	-0.25685472412597293	-0.27017971508812	-0.25686370445698000458248840975942399449829757553414788501201825679651383791603715235913298467707705721892167517783330530049287	-0.25686370445698000458248840975942399449829757553414788501201825679651383791603715235913298467707705721892167517783330530049287
17.55	-0.2568406003120041	-0.25682131809250763	-0.25681250540412465	-0.25685499119292476	-0.27018001374215783	-0.25686370445698000458248840975942399449829757553414788501201825679651383791603715235913298467707705721892167517783330530049287	-0.25686370445698000458248840975942399449829757553414788501201825679651383791603715235913298467707705721892167517783330530049287
17.6	-0.2568411836888783	-0.25682236481902826	-0.2568137696946474	-0.2568552503350487	-0.2701803036075053	-0.25686370445698000458248840975942399449829757553414788501201825679651383791603715235913298467707705721892167517783330530049287	-0.25686370445698000458248840975942399449829757553414788501201825679651383791603715235913298467707705721892167517783330530049287
17.650000000000002	-0.2568417521320835	-0.2568233856609173	-0.25681500263100904	-0.256855501823301	-0.27018058498024206	-0.25686370445698000458248840975942399449829757553414788501201825679651383791603715235913298467707705721892167517783330530049287	-0.25686370445698000458248840975942399449829757553414788501201825679651383791603715235913298467707705721892167517783330530049287
17.700000000000003	-0.2568423059978939	-0.2568243812274042	-0.25681620499030705	-0.25685574589551213	-0.27018085808865455	-0.25686370445698000458248840975942399449829757553414788501201825679651383791603715235913298467707705721892167517783330530049287	-0.25686370445698000458248840975942399449829757553414788501201825679651383791603715235913298467707705721892167517783330530049287
17.75	-0.2568428456425839	-0.2568253521277186	-0.2568173775496391	-0.25685598273556354	-0.2701811231431271	-0.25686370445698000458248840975942399449829757553414788501201825679651383791603715235913298467707705721892167517783330530049287	-0.25686370445698000458248840975942399449829757553414788501201825679651383791603715235913298467707705721892167517783330530049287
17.8	-0.2568433714224277	-0.2568262989710901	-0.2568185210861029	-0.25685621253402907	-0.2701813803576623	-0.25686370445698000458248840975942399449829757553414788501201825679651383791603715235913298467707705721892167517783330530049287	-0.25686370445698000458248840975942399449829757553414788501201825679651383791603715235913298467707705721892167517783330530049287
17.85	-0.25684388369369965	-0.25682722236674815	-0.2568196363767961	-0.256856435481483	-0.2701816299462628	-0.25686370445698000458248840975942399449829757553414788501201825679651383791603715235913298467707705721892167517783330530049287	-0.25686370445698000458248840975942399449829757553414788501201825679651383791603715235913298467707705721892167517783330530049287
17.900000000000002	-0.256844382812674	-0.2568281229239224	-0.2568207241988163	-0.25685665176849964	-0.27018187212293127	-0.25686370445698000458248840975942399449829757553414788501201825679651383791603715235913298467707705721892167517783330530049287	-0.25686370445698000458248840975942399449829757553414788501201825679651383791603715235913298467707705721892167517783330530049287
17.950000000000003	-0.2568448691356251	-0.2568290012518423	-0.2568217853254732	-0.25685686158565313	-0.2701821071016703	-0.25686370445698000458248840975942399449829757553414788501201825679651383791603715235913298467707705721892167517783330530049287	-0.25686370445698000458248840975942399449829757553414788501201825679651383791603715235913298467707705721892167517783330530049287
18.	-0.2568453430188272	-0.25682985795973756	-0.25682282041663695	-0.2568570651235178	-0.27018233509648243	-0.25686370445698000458248840975942399449829757553414788501201825679651383791603715235913298467707705721892167517783330530049287	-0.25686370445698000458248840975942399449829757553414788501201825679651383791603715235913298467707705721892167517783330530049287
18.05	-0.2568458061653608	-0.2568306936507903	-0.2568238300346051	-0.25685726257266794	-0.27018255632137045	-0.25686370445698000458248840975942399449829757553414788501201825679651383791603715235913298467707705721892167517783330530049287	-0.25686370445698000458248840975942399449829757553414788501201825679651383791603715235913298467707705721892167517783330530049287
18.1	-0.25684625750306933	-0.25683150881081657	-0.25682481474357743	-0.2568574541236778	-0.27018277099033683	-0.25686370445698000458248840975942399449829757553414788501201825679651383791603715235913298467707705721892167517783330530049287	-0.25686370445698000458248840975942399449829757553414788501201825679651383791603715235913298467707705721892167517783330530049287
18.150000000000002	-0.2568466973066025	-0.2568323038811681	-0.2568257751077536	-0.2568576399671216	-0.2701829793173843	-0.25686370445698000458248840975942399449829757553414788501201825679651383791603715235913298467707705721892167517783330530049287	-0.25686370445698000458248840975942399449829757553414788501201825679651383791603715235913298467707705721892167517783330530049287
18.200000000000003	-0.25684712585061	-0.2568330793151357	-0.25682671169133336	-0.25685782029357357	-0.27018318151651544	-0.25686370445698000458248840975942399449829757553414788501201825679651383791603715235913298467707705721892167517783330530049287	-0.25686370445698000458248840975942399449829757553414788501201825679651383791603715235913298467707705721892167517783330530049287
18.25	-0.2568475434097415	-0.25683383556600975	-0.25682762505851653	-0.2568579952936081	-0.27018337780173285	-0.25686370445698000458248840975942399449829757553414788501201825679651383791603715235913298467707705721892167517783330530049287	-0.25686370445698000458248840975942399449829757553414788501201825679651383791603715235913298467707705721892167517783330530049287
18.3	-0.25684795025864665	-0.25683457308708096	-0.2568285157735027	-0.2568581651575581	-0.2701835683763316	-0.25686370445698000458248840975942399449829757553414788501201825679651383791603715235913298467707705721892167517783330530049287	-0.25686370445698000458248840975942399449829757553414788501201825679651383791603715235913298467707705721892167517783330530049287
18.35	-0.2568483466719752	-0.2568352923316398	-0.2568293844004917	-0.2568583300523075	-0.2701837533919757	-0.25686370445698000458248840975942399449829757553414788501201825679651383791603715235913298467707705721892167517783330530049287	-0.25686370445698000458248840975942399449829757553414788501201825679651383791603715235913298467707705721892167517783330530049287
18.400000000000002	-0.25684873292437677	-0.256835993752977	-0.25683023150368317	-0.2568584901020098	-0.27018393298484394	-0.25686370445698000458248840975942399449829757553414788501201825679651383791603715235913298467707705721892167517783330530049287	-0.25686370445698000458248840975942399449829757553414788501201825679651383791603715235913298467707705721892167517783330530049287
18.450000000000003	-0.25684910929050103	-0.25683667780438296	-0.25683105764727693	-0.2568586454262807	-0.27018410729111314	-0.25686370445698000458248840975942399449829757553414788501201825679651383791603715235913298467707705721892167517783330530049287	-0.25686370445698000458248840975942399449829757553414788501201825679651383791603715235913298467707705721892167517783330530049287
18.5	-0.25684947604499764	-0.2568373449391484	-0.2568318633954727	-0.25685879614473595	-0.27018427644696	-0.25686370445698000458248840975942399449829757553414788501201825679651383791603715235913298467707705721892167517783330530049287	-0.25686370445698000458248840975942399449829757553414788501201825679651383791603715235913298467707705721892167517783330530049287
18.55	-0.2568498344984618	-0.2568379956105638	-0.2568326493124702	-0.2568589423769915	-0.2701844405885614	-0.25686370445698000458248840975942399449829757553414788501201825679651383791603715235913298467707705721892167517783330530049287	-0.25686370445698000458248840975942399449829757553414788501201825679651383791603715235913298467707705721892167517783330530049287
18.6	-0.25685018382681324	-0.25683863027191983	-0.2568334159621295	-0.2568590842426629	-0.2701845998520939	-0.25686370445698000458248840975942399449829757553414788501201825679651383791603715235913298467707705721892167517783330530049287	-0.25686370445698000458248840975942399449829757553414788501201825679651383791603715235913298467707705721892167517783330530049287
18.650000000000002	-0.25685052424191684	-0.25683924936987507	-0.25683416382023966	-0.25685922186136606	-0.2701847543737344	-0.25686370445698000458248840975942399449829757553414788501201825679651383791603715235913298467707705721892167517783330530049287	-0.25686370445698000458248840975942399449829757553414788501201825679651383791603715235913298467707705721892167517783330530049287
18.700000000000003	-0.2568508559556378	-0.25683985325628594	-0.25683489327454423	-0.2568593553527167	-0.2701849042896596	-0.25686370445698000458248840975942399449829757553414788501201825679651383791603715235913298467707705721892167517783330530049287	-0.25686370445698000458248840975942399449829757553414788501201825679651383791603715235913298467707705721892167517783330530049287
18.75	-0.2568511791798412	-0.256840442258706	-0.2568356047333549	-0.2568594848363306	-0.27018504973604623	-0.25686370445698000458248840975942399449829757553414788501201825679651383791603715235913298467707705721892167517783330530049287	-0.25686370445698000458248840975942399449829757553414788501201825679651383791603715235913298467707705721892167517783330530049287
18.8	-0.25685149412639213	-0.2568410167133917	-0.2568362986049832	-0.25685961043182354	-0.27018519084907106	-0.25686370445698000458248840975942399449829757553414788501201825679651383791603715235913298467707705721892167517783330530049287	-0.25686370445698000458248840975942399449829757553414788501201825679651383791603715235913298467707705721892167517783330530049287
18.85	-0.2568518010071557	-0.25684157695659965	-0.25683697529774063	-0.25685973225881126	-0.27018532776491083	-0.25686370445698000458248840975942399449829757553414788501201825679651383791603715235913298467707705721892167517783330530049287	-0.25686370445698000458248840975942399449829757553414788501201825679651383791603715235913298467707705721892167517783330530049287
18.900000000000002	-0.256852100033997	-0.2568421233245864	-0.2568376352199389	-0.2568598504369096	-0.2701854606263714	-0.25686370445698000458248840975942399449829757553414788501201825679651383791603715235913298467707705721892167517783330530049287	-0.25686370445698000458248840975942399449829757553414788501201825679651383791603715235913298467707705721892167517783330530049287
18.950000000000003	-0.2568523914187812	-0.2568426561536086	-0.2568382787798895	-0.256859965095635	-0.2701855896056988	-0.25686370445698000458248840975942399449829757553414788501201825679651383791603715235913298467707705721892167517783330530049287	-0.25686370445698000458248840975942399449829757553414788501201825679651383791603715235913298467707705721892167517783330530049287
19.	-0.25685267537337325	-0.25684317577992266	-0.256838906385904	-0.256860076386145	-0.2701857148094004	-0.25686370445698000458248840975942399449829757553414788501201825679651383791603715235913298467707705721892167517783330530049287	-0.25686370445698000458248840975942399449829757553414788501201825679651383791603715235913298467707705721892167517783330530049287
19.05	-0.25685295290711957	-0.25684368253978535	-0.25683951844629405	-0.25686018439736685	-0.2701858363311654	-0.25686370445698000458248840975942399449829757553414788501201825679651383791603715235913298467707705721892167517783330530049287	-0.25686370445698000458248840975942399449829757553414788501201825679651383791603715235913298467707705721892167517783330530049287
19.1	-0.25685322338607186	-0.2568441767694532	-0.2568401153693712	-0.25686028921094284	-0.270185954264683	-0.25686370445698000458248840975942399449829757553414788501201825679651383791603715235913298467707705721892167517783330530049287	-0.25686370445698000458248840975942399449829757553414788501201825679651383791603715235913298467707705721892167517783330530049287
19.150000000000002	-0.2568534869737629	-0.2568446588051827	-0.25684069756344696	-0.25686039090851515	-0.27018606870364226	-0.25686370445698000458248840975942399449829757553414788501201825679651383791603715235913298467707705721892167517783330530049287	-0.25686370445698000458248840975942399449829757553414788501201825679651383791603715235913298467707705721892167517783330530049287
19.200000000000003	-0.2568537438337258	-0.2568451289832305	-0.256841265436833	-0.256860489571726	-0.27018617974173237	-0.25686370445698000458248840975942399449829757553414788501201825679651383791603715235913298467707705721892167517783330530049287	-0.25686370445698000458248840975942399449829757553414788501201825679651383791603715235913298467707705721892167517783330530049287
19.25	-0.2568539941294933	-0.2568455876343264	-0.2568418193978408	-0.25686058528221767	-0.27018628747264245	-0.25686370445698000458248840975942399449829757553414788501201825679651383791603715235913298467707705721892167517783330530049287	-0.25686370445698000458248840975942399449829757553414788501201825679651383791603715235913298467707705721892167517783330530049287
19.3	-0.2568542380245983	-0.2568460350217457	-0.25684235980996684	-0.25686067812163227	-0.2701863919900617	-0.25686370445698000458248840975942399449829757553414788501201825679651383791603715235913298467707705721892167517783330530049287	-0.25686370445698000458248840975942399449829757553414788501201825679651383791603715235913298467707705721892167517783330530049287
19.35	-0.25685447568257375	-0.2568464713870655	-0.25684288693816903	-0.25686076817161213	-0.2701864933876793	-0.25686370445698000458248840975942399449829757553414788501201825679651383791603715235913298467707705721892167517783330530049287	-0.25686370445698000458248840975942399449829757553414788501201825679651383791603715235913298467707705721892167517783330530049287
19.400000000000002	-0.2568547072669526	-0.2568468969756646	-0.25684340107350145	-0.2568608555137994	-0.2701865917591843	-0.25686370445698000458248840975942399449829757553414788501201825679651383791603715235913298467707705721892167517783330530049287	-0.25686370445698000458248840975942399449829757553414788501201825679651383791603715235913298467707705721892167517783330530049287
19.450000000000003	-0.25685493294126766	-0.25684731203292166	-0.256843902507908	-0.25686094022983624	-0.2701866871982659	-0.25686370445698000458248840975942399449829757553414788501201825679651383791603715235913298467707705721892167517783330530049287	-0.25686370445698000458248840975942399449829757553414788501201825679651383791603715235913298467707705721892167517783330530049287
19.5	-0.2568551528690519	-0.25684771680421536	-0.2568443915333326	-0.256861022401365	-0.2701867797986133	-0.25686370445698000458248840975942399449829757553414788501201825679651383791603715235913298467707705721892167517783330530049287	-0.25686370445698000458248840975942399449829757553414788501201825679651383791603715235913298467707705721892167517783330530049287
19.55	-0.2568553678282089	-0.2568481115349244	-0.25684486844171917	-0.25686110211002783	-0.27018686967323446	-0.25686370445698000458248840975942399449829757553414788501201825679651383791603715235913298467707705721892167517783330530049287	-0.25686370445698000458248840975942399449829757553414788501201825679651383791603715235913298467707705721892167517783330530049287
19.6	-0.2568555773306662	-0.2568484964704274	-0.25684533352501165	-0.2568611794529451	-0.2701869569241512	-0.25686370445698000458248840975942399449829757553414788501201825679651383791603715235913298467707705721892167517783330530049287	-0.25686370445698000458248840975942399449829757553414788501201825679651383791603715235913298467707705721892167517783330530049287
19.650000000000002	-0.25685578150272226	-0.2568488718561031	-0.2568457870751539	-0.256861254525	-0.27018704161677565	-0.25686370445698000458248840975942399449829757553414788501201825679651383791603715235913298467707705721892167517783330530049287	-0.25686370445698000458248840975942399449829757553414788501201825679651383791603715235913298467707705721892167517783330530049287
19.700000000000003	-0.2568559804706753	-0.2568492379373302	-0.2568462293840899	-0.2568613273833349	-0.2701871238163591	-0.25686370445698000458248840975942399449829757553414788501201825679651383791603715235913298467707705721892167517783330530049287	-0.25686370445698000458248840975942399449829757553414788501201825679651383791603715235913298467707705721892167517783330530049287
19.75	-0.25685617436082375	-0.25684959495948745	-0.25684666074376356	-0.2568613980844583	-0.27018720358815285	-0.25686370445698000458248840975942399449829757553414788501201825679651383791603715235913298467707705721892167517783330530049287	-0.25686370445698000458248840975942399449829757553414788501201825679651383791603715235913298467707705721892167517783330530049287
19.8	-0.25685636329946576	-0.25684994316795334	-0.2568470814461188	-0.2568614666848788	-0.2701872809974082	-0.25686370445698000458248840975942399449829757553414788501201825679651383791603715235913298467707705721892167517783330530049287	-0.25686370445698000458248840975942399449829757553414788501201825679651383791603715235913298467707705721892167517783330530049287
19.85	-0.25685654741289976	-0.25685028280810673	-0.2568474917830995	-0.25686153324110506	-0.27018735610937633	-0.25686370445698000458248840975942399449829757553414788501201825679651383791603715235913298467707705721892167517783330530049287	-0.25686370445698000458248840975942399449829757553414788501201825679651383791603715235913298467707705721892167517783330530049287
19.900000000000002	-0.25685672682742405	-0.2568506141253263	-0.25684789204664965	-0.25686159780964557	-0.2701874289893086	-0.25686370445698000458248840975942399449829757553414788501201825679651383791603715235913298467707705721892167517783330530049287	-0.25686370445698000458248840975942399449829757553414788501201825679651383791603715235913298467707705721892167517783330530049287
19.950000000000003	-0.256856901669337	-0.25685093735693243	-0.25684828251339986	-0.2568616604470091	-0.27018749970245626	-0.25686370445698000458248840975942399449829757553414788501201825679651383791603715235913298467707705721892167517783330530049287	-0.25686370445698000458248840975942399449829757553414788501201825679651383791603715235913298467707705721892167517783330530049287
20.	-0.2568570720649368	-0.25685125266252323	-0.25684866338234985	-0.25686172120970413	-0.27018756831407054	-0.25686370445698000458248840975942399449829757553414788501201825679651383791603715235913298467707705721892167517783330530049287	-0.25686370445698000458248840975942399449829757553414788501201825679651383791603715235913298467707705721892167517783330530049287
20.05	-0.2568572386141568	-0.2568515602055009	-0.2568490348608991	-0.2568617801542393	-0.27018763488940284	-0.25686370445698000458248840975942399449829757553414788501201825679651383791603715235913298467707705721892167517783330530049287	-0.25686370445698000458248840975942399449829757553414788501201825679651383791603715235913298467707705721892167517783330530049287
20.1	-0.2568574009409552	-0.25685186015781564	-0.2568493971599973	-0.25686183733712326	-0.27018769949370436	-0.25686370445698000458248840975942399449829757553414788501201825679651383791603715235913298467707705721892167517783330530049287	-0.25686370445698000458248840975942399449829757553414788501201825679651383791603715235913298467707705721892167517783330530049287
20.150000000000002	-0.2568575591429252	-0.256852152691418	-0.25684975049059405	-0.25686189281486455	-0.27018776219460455	-0.25686370445698000458248840975942399449829757553414788501201825679651383791603715235913298467707705721892167517783330530049287	-0.25686370445698000458248840975942399449829757553414788501201825679651383791603715235913298467707705721892167517783330530049287
20.200000000000003	-0.25685771331765994	-0.25685243797825824	-0.25685009506363904	-0.2568619466441977	-0.2701878230716488	-0.25686370445698000458248840975942399449829757553414788501201825679651383791603715235913298467707705721892167517783330530049287	-0.25686370445698000458248840975942399449829757553414788501201825679651383791603715235913298467707705721892167517783330530049287
20.25	-0.2568578635627526	-0.25685271619028677	-0.2568504310900819	-0.2568619988947893	-0.27018788217471224	-0.25686370445698000458248840975942399449829757553414788501201825679651383791603715235913298467707705721892167517783330530049287	-0.25686370445698000458248840975942399449829757553414788501201825679651383791603715235913298467707705721892167517783330530049287
20.3	-0.25685800997579633	-0.256852987499454	-0.2568507587808722	-0.25686204961703	-0.2701879395472626	-0.25686370445698000458248840975942399449829757553414788501201825679651383791603715235913298467707705721892167517783330530049287	-0.25686370445698000458248840975942399449829757553414788501201825679651383791603715235913298467707705721892167517783330530049287
20.35	-0.25685815265438433	-0.2568532520777103	-0.25685107834695975	-0.2568620988480635	-0.2701879952327678	-0.25686370445698000458248840975942399449829757553414788501201825679651383791603715235913298467707705721892167517783330530049287	-0.25686370445698000458248840975942399449829757553414788501201825679651383791603715235913298467707705721892167517783330530049287
20.400000000000002	-0.25685829169610974	-0.256853510097006	-0.2568513899992941	-0.2568621466250333	-0.2701880492746956	-0.25686370445698000458248840975942399449829757553414788501201825679651383791603715235913298467707705721892167517783330530049287	-0.25686370445698000458248840975942399449829757553414788501201825679651383791603715235913298467707705721892167517783330530049287
20.450000000000003	-0.2568584271985658	-0.2568537617292916	-0.25685169394882484	-0.25686219298508306	-0.2701881017165137	-0.25686370445698000458248840975942399449829757553414788501201825679651383791603715235913298467707705721892167517783330530049287	-0.25686370445698000458248840975942399449829757553414788501201825679651383791603715235913298467707705721892167517783330530049287
20.5	-0.25685855925934553	-0.2568540071465173	-0.25685199040650175	-0.25686223796535623	-0.27018815260169005	-0.25686370445698000458248840975942399449829757553414788501201825679651383791603715235913298467707705721892167517783330530049287	-0.25686370445698000458248840975942399449829757553414788501201825679651383791603715235913298467707705721892167517783330530049287
20.55	-0.25685868834141723	-0.2568542465206336	-0.25685227958327433	-0.25686228160299646	-0.2701882019736923	-0.25686370445698000458248840975942399449829757553414788501201825679651383791603715235913298467707705721892167517783330530049287	-0.25686370445698000458248840975942399449829757553414788501201825679651383791603715235913298467707705721892167517783330530049287
20.6	-0.2568588141548551	-0.25685448002359085	-0.25685256168557663	-0.2568623239351473	-0.2701882498759884	-0.25686370445698000458248840975942399449829757553414788501201825679651383791603715235913298467707705721892167517783330530049287	-0.25686370445698000458248840975942399449829757553414788501201825679651383791603715235913298467707705721892167517783330530049287
20.650000000000002	-0.25685893677510835	-0.25685470782207054	-0.256852836863037	-0.2568623649989523	-0.27018829635204605	-0.25686370445698000458248840975942399449829757553414788501201825679651383791603715235913298467707705721892167517783330530049287	-0.25686370445698000458248840975942399449829757553414788501201825679651383791603715235913298467707705721892167517783330530049287
20.700000000000003	-0.25685905627762623	-0.2568549300310369	-0.2568531052605684	-0.2568624048315551	-0.2701883414453331	-0.25686370445698000458248840975942399449829757553414788501201825679651383791603715235913298467707705721892167517783330530049287	-0.25686370445698000458248840975942399449829757553414788501201825679651383791603715235913298467707705721892167517783330530049287
20.75	-0.256859172737858	-0.25685514676640014	-0.2568533670297488	-0.2568624434700992	-0.2701883851993173	-0.25686370445698000458248840975942399449829757553414788501201825679651383791603715235913298467707705721892167517783330530049287	-0.25686370445698000458248840975942399449829757553414788501201825679651383791603715235913298467707705721892167517783330530049287
20.8	-0.25685928623125287	-0.2568553581495291	-0.25685362232215614	-0.25686248095172814	-0.27018842765657874	-0.25686370445698000458248840975942399449829757553414788501201825679651383791603715235913298467707705721892167517783330530049287	-0.25686370445698000458248840975942399449829757553414788501201825679651383791603715235913298467707705721892167517783330530049287
20.85	-0.25685939683326	-0.2568555643017925	-0.25685387128936843	-0.25686251731364707	-0.2701884688535013	-0.25686370445698000458248840975942399449829757553414788501201825679651383791603715235913298467707705721892167517783330530049287	-0.25686370445698000458248840975942399449829757553414788501201825679651383791603715235913298467707705721892167517783330530049287
20.900000000000002	-0.2568595046193287	-0.2568557653445591	-0.25685411408296355	-0.25686255259074	-0.27018850882390466	-0.25686370445698000458248840975942399449829757553414788501201825679651383791603715235913298467707705721892167517783330530049287	-0.25686370445698000458248840975942399449829757553414788501201825679651383791603715235913298467707705721892167517783330530049287
20.950000000000003	-0.25685960966490823	-0.2568559613991978	-0.2568543508545195	-0.2568625868122988	-0.2701885476016026	-0.25686370445698000458248840975942399449829757553414788501201825679651383791603715235913298467707705721892167517783330530049287	-0.25686370445698000458248840975942399449829757553414788501201825679651383791603715235913298467707705721892167517783330530049287
21.	-0.2568597120454477	-0.2568561525870773	-0.2568545817556143	-0.2568626200069941	-0.2701885852204088	-0.25686370445698000458248840975942399449829757553414788501201825679651383791603715235913298467707705721892167517783330530049287	-0.25686370445698000458248840975942399449829757553414788501201825679651383791603715235913298467707705721892167517783330530049287
21.05	-0.2568598121184269	-0.2568563390295664	-0.25685480693782586	-0.2568626522034968	-0.2701886217141369	-0.25686370445698000458248840975942399449829757553414788501201825679651383791603715235913298467707705721892167517783330530049287	-0.25686370445698000458248840975942399449829757553414788501201825679651383791603715235913298467707705721892167517783330530049287
21.1	-0.25685990966017186	-0.2568565208480339	-0.2568550265527321	-0.2568626834304776	-0.27018865711660056	-0.25686370445698000458248840975942399449829757553414788501201825679651383791603715235913298467707705721892167517783330530049287	-0.25686370445698000458248840975942399449829757553414788501201825679651383791603715235913298467707705721892167517783330530049287
21.150000000000002	-0.25686000472903897	-0.25685669816384854	-0.25685524075191113	-0.2568627137166071	-0.27018869146161356	-0.25686370445698000458248840975942399449829757553414788501201825679651383791603715235913298467707705721892167517783330530049287	-0.25686370445698000458248840975942399449829757553414788501201825679651383791603715235913298467707705721892167517783330530049287
21.200000000000003	-0.2568600973833848	-0.2568568710983792	-0.25685544968694074	-0.2568627430905562	-0.2701887247829895	-0.25686370445698000458248840975942399449829757553414788501201825679651383791603715235913298467707705721892167517783330530049287	-0.25686370445698000458248840975942399449829757553414788501201825679651383791603715235913298467707705721892167517783330530049287
21.25	-0.2568601876815657	-0.2568570397729946	-0.25685565350896183	-0.2568627715809955	-0.2701887571145421	-0.25686370445698000458248840975942399449829757553414788501201825679651383791603715235913298467707705721892167517783330530049287	-0.25686370445698000458248840975942399449829757553414788501201825679651383791603715235913298467707705721892167517783330530049287
21.3	-0.2568602756819383	-0.25685720430906356	-0.25685585234014824	-0.2568627992165959	-0.270188788490085	-0.25686370445698000458248840975942399449829757553414788501201825679651383791603715235913298467707705721892167517783330530049287	-0.25686370445698000458248840975942399449829757553414788501201825679651383791603715235913298467707705721892167517783330530049287
21.35	-0.256860361442859	-0.25685736482410804	-0.25685604628198283	-0.25686282602602795	-0.27018881894343194	-0.25686370445698000458248840975942399449829757553414788501201825679651383791603715235913298467707705721892167517783330530049287	-0.25686370445698000458248840975942399449829757553414788501201825679651383791603715235913298467707705721892167517783330530049287
21.400000000000002	-0.25686044502268424	-0.25685752139843193	-0.25685623544101066	-0.25686285203796255	-0.27018884850839653	-0.25686370445698000458248840975942399449829757553414788501201825679651383791603715235913298467707705721892167517783330530049287	-0.25686370445698000458248840975942399449829757553414788501201825679651383791603715235913298467707705721892167517783330530049287
21.450000000000003	-0.25686052647977053	-0.2568576741139581	-0.2568564199237766	-0.2568628772810703	-0.27018887721879253	-0.25686370445698000458248840975942399449829757553414788501201825679651383791603715235913298467707705721892167517783330530049287	-0.25686370445698000458248840975942399449829757553414788501201825679651383791603715235913298467707705721892167517783330530049287
21.5	-0.2568606058724744	-0.25685782305667343	-0.25685659983682557	-0.25686290178402205	-0.2701889051084336	-0.25686370445698000458248840975942399449829757553414788501201825679651383791603715235913298467707705721892167517783330530049287	-0.25686370445698000458248840975942399449829757553414788501201825679651383791603715235913298467707705721892167517783330530049287
21.55	-0.2568606834769719	-0.25685796831256485	-0.25685677528670264	-0.2568629255754885	-0.27018893219235235	-0.25686370445698000458248840975942399449829757553414788501201825679651383791603715235913298467707705721892167517783330530049287	-0.25686370445698000458248840975942399449829757553414788501201825679651383791603715235913298467707705721892167517783330530049287
21.6	-0.25686075912059864	-0.25685810996761926	-0.2568569463799526	-0.25686294868414034	-0.27018895845558805	-0.25686370445698000458248840975942399449829757553414788501201825679651383791603715235913298467707705721892167517783330530049287	-0.25686370445698000458248840975942399449829757553414788501201825679651383791603715235913298467707705721892167517783330530049287
21.650000000000002	-0.25686083284850997	-0.25685824810782354	-0.2568571132231205	-0.2568629711194545	-0.27018898392181495	-0.25686370445698000458248840975942399449829757553414788501201825679651383791603715235913298467707705721892167517783330530049287	-0.25686370445698000458248840975942399449829757553414788501201825679651383791603715235913298467707705721892167517783330530049287
21.700000000000003	-0.2568609047058612	-0.2568583828191646	-0.2568572759227512	-0.25686299286870257	-0.27018900861651335	-0.25686370445698000458248840975942399449829757553414788501201825679651383791603715235913298467707705721892167517783330530049287	-0.25686370445698000458248840975942399449829757553414788501201825679651383791603715235913298467707705721892167517783330530049287
21.75	-0.25686097473780756	-0.25685851418762945	-0.2568574345853897	-0.2568630139524767	-0.2701890325651634	-0.25686370445698000458248840975942399449829757553414788501201825679651383791603715235913298467707705721892167517783330530049287	-0.25686370445698000458248840975942399449829757553414788501201825679651383791603715235913298467707705721892167517783330530049287
21.8	-0.25686104298950435	-0.25685864229920485	-0.2568575893175809	-0.2568630343923036	-0.27018905579324537	-0.25686370445698000458248840975942399449829757553414788501201825679651383791603715235913298467707705721892167517783330530049287	-0.25686370445698000458248840975942399449829757553414788501201825679651383791603715235913298467707705721892167517783330530049287
21.85	-0.2568611095061069	-0.25685876723987777	-0.25685774022586977	-0.2568630542097103	-0.27018907832623945	-0.25686370445698000458248840975942399449829757553414788501201825679651383791603715235913298467707705721892167517783330530049287	-0.25686370445698000458248840975942399449829757553414788501201825679651383791603715235913298467707705721892167517783330530049287
21.900000000000002	-0.25686117433277045	-0.25685888909563515	-0.25685788741680127	-0.25686307342622355	-0.2701891001896258	-0.25686370445698000458248840975942399449829757553414788501201825679651383791603715235913298467707705721892167517783330530049287	-0.25686370445698000458248840975942399449829757553414788501201825679651383791603715235913298467707705721892167517783330530049287
21.950000000000003	-0.2568612375146503	-0.25685900795246386	-0.2568580309969203	-0.25686309206337016	-0.2701891214088847	-0.25686370445698000458248840975942399449829757553414788501201825679651383791603715235913298467707705721892167517783330530049287	-0.25686370445698000458248840975942399449829757553414788501201825679651383791603715235913298467707705721892167517783330530049287
22.	-0.2568612990969017	-0.2568591238963508	-0.25685817107277187	-0.256863110142677	-0.2701891420094963	-0.25686370445698000458248840975942399449829757553414788501201825679651383791603715235913298467707705721892167517783330530049287	-0.25686370445698000458248840975942399449829757553414788501201825679651383791603715235913298467707705721892167517783330530049287
22.05	-0.2568613592929959	-0.25685923701043284	-0.256858307747975	-0.2568631276856709	-0.2701891620169409	-0.25686370445698000458248840975942399449829757553414788501201825679651383791603715235913298467707705721892167517783330530049287	-0.25686370445698000458248840975942399449829757553414788501201825679651383791603715235913298467707705721892167517783330530049287
22.1	-0.2568614179695713	-0.2568593473504088	-0.25685844110162337	-0.2568631447138787	-0.27018918145669857	-0.25686370445698000458248840975942399449829757553414788501201825679651383791603715235913298467707705721892167517783330530049287	-0.25686370445698000458248840975942399449829757553414788501201825679651383791603715235913298467707705721892167517783330530049287
22.150000000000002	-0.2568614751615822	-0.2568594549734106	-0.2568585712005722	-0.25686316124882724	-0.2701892003542497	-0.25686370445698000458248840975942399449829757553414788501201825679651383791603715235913298467707705721892167517783330530049287	-0.25686370445698000458248840975942399449829757553414788501201825679651383791603715235913298467707705721892167517783330530049287
22.200000000000003	-0.25686153090398295	-0.25685955993960136	-0.2568586981115869	-0.25686317731204333	-0.27018921873507434	-0.25686370445698000458248840975942399449829757553414788501201825679651383791603715235913298467707705721892167517783330530049287	-0.25686370445698000458248840975942399449829757553414788501201825679651383791603715235913298467707705721892167517783330530049287
22.25	-0.25686158523172786	-0.25685966230914375	-0.25685882190143283	-0.2568631929250539	-0.27018923662465283	-0.25686370445698000458248840975942399449829757553414788501201825679651383791603715235913298467707705721892167517783330530049287	-0.25686370445698000458248840975942399449829757553414788501201825679651383791603715235913298467707705721892167517783330530049287
22.3	-0.25686163817977126	-0.25685976214220074	-0.2568589426368754	-0.2568632081093857	-0.27018925403250793	-0.25686370445698000458248840975942399449829757553414788501201825679651383791603715235913298467707705721892167517783330530049287	-0.25686370445698000458248840975942399449829757553414788501201825679651383791603715235913298467707705721892167517783330530049287
22.35	-0.25686168978306745	-0.2568598594989352	-0.25685906038468	-0.25686322288656555	-0.27018927092093453	-0.25686370445698000458248840975942399449829757553414788501201825679651383791603715235913298467707705721892167517783330530049287	-0.25686370445698000458248840975942399449829757553414788501201825679651383791603715235913298467707705721892167517783330530049287
22.400000000000002	-0.2568617400765708	-0.25685995443951004	-0.25685917521161195	-0.2568632372763528	-0.2701892872999252	-0.25686370445698000458248840975942399449829757553414788501201825679651383791603715235913298467707705721892167517783330530049287	-0.25686370445698000458248840975942399449829757553414788501201825679651383791603715235913298467707705721892167517783330530049287
22.450000000000003	-0.2568617890952356	-0.25686004702408805	-0.2568592871844367	-0.2568632512501547	-0.27018930318466916	-0.25686370445698000458248840975942399449829757553414788501201825679651383791603715235913298467707705721892167517783330530049287	-0.25686370445698000458248840975942399449829757553414788501201825679651383791603715235913298467707705721892167517783330530049287
22.5	-0.2568618368740162	-0.2568601373128322	-0.2568593963699196	-0.256863264799911	-0.2701893185903556	-0.25686370445698000458248840975942399449829757553414788501201825679651383791603715235913298467707705721892167517783330530049287	-0.25686370445698000458248840975942399449829757553414788501201825679651383791603715235913298467707705721892167517783330530049287
22.55	-0.25686188357799306	-0.25686022536590536	-0.256859502834826	-0.25686327793811536	-0.27018933353217384	-0.25686370445698000458248840975942399449829757553414788501201825679651383791603715235913298467707705721892167517783330530049287	-0.25686370445698000458248840975942399449829757553414788501201825679651383791603715235913298467707705721892167517783330530049287
22.6	-0.2568619291041079	-0.2568603112434703	-0.25685960664592133	-0.25686329067726155	-0.270189348025313	-0.25686370445698000458248840975942399449829757553414788501201825679651383791603715235913298467707705721892167517783330530049287	-0.25686370445698000458248840975942399449829757553414788501201825679651383791603715235913298467707705721892167517783330530049287
22.650000000000002	-0.25686197347942863	-0.25686039500569	-0.256859707869971	-0.2568633030298432	-0.2701893620849624	-0.25686370445698000458248840975942399449829757553414788501201825679651383791603715235913298467707705721892167517783330530049287	-0.25686370445698000458248840975942399449829757553414788501201825679651383791603715235913298467707705721892167517783330530049287
22.700000000000003	-0.2568620167310231	-0.2568604767127274	-0.2568598065737403	-0.25686331500835424	-0.2701893757263113	-0.25686370445698000458248840975942399449829757553414788501201825679651383791603715235913298467707705721892167517783330530049287	-0.25686370445698000458248840975942399449829757553414788501201825679651383791603715235913298467707705721892167517783330530049287
22.75	-0.25686205888595925	-0.2568605564229345	-0.2568599028239946	-0.2568633266252883	-0.2701893889645488	-0.25686370445698000458248840975942399449829757553414788501201825679651383791603715235913298467707705721892167517783330530049287	-0.25686370445698000458248840975942399449829757553414788501201825679651383791603715235913298467707705721892167517783330530049287
22.8	-0.25686209997130494	-0.25686063417680205	-0.25685999669045656	-0.25686333789313914	-0.2701894018148642	-0.25686370445698000458248840975942399449829757553414788501201825679651383791603715235913298467707705721892167517783330530049287	-0.25686370445698000458248840975942399449829757553414788501201825679651383791603715235913298467707705721892167517783330530049287
22.85	-0.25686214001412805	-0.2568607100149952	-0.25686008826629303	-0.25686334882440054	-0.2701894142924468	-0.25686370445698000458248840975942399449829757553414788501201825679651383791603715235913298467707705721892167517783330530049287	-0.25686370445698000458248840975942399449829757553414788501201825679651383791603715235913298467707705721892167517783330530049287
22.900000000000002	-0.2568621790414965	-0.2568607839800425	-0.2568601776076448	-0.25686335943156613	-0.2701894264124858	-0.25686370445698000458248840975942399449829757553414788501201825679651383791603715235913298467707705721892167517783330530049287	-0.25686370445698000458248840975942399449829757553414788501201825679651383791603715235913298467707705721892167517783330530049287
22.950000000000003	-0.2568622170804782	-0.25686085611447207	-0.25686026476003593	-0.25686336972712975	-0.27018943819017033	-0.25686370445698000458248840975942399449829757553414788501201825679651383791603715235913298467707705721892167517783330530049287	-0.25686370445698000458248840975942399449829757553414788501201825679651383791603715235913298467707705721892167517783330530049287
23.	-0.25686225415814096	-0.2568609264608124	-0.2568603497689904	-0.25686337972358514	-0.2701894496406897	-0.25686370445698000458248840975942399449829757553414788501201825679651383791603715235913298467707705721892167517783330530049287	-0.25686370445698000458248840975942399449829757553414788501201825679651383791603715235913298467707705721892167517783330530049287
23.05	-0.2568622904021999	-0.2568609950615918	-0.2568604326800324	-0.25686338943342596	-0.2701894607739842	-0.25686370445698000458248840975942399449829757553414788501201825679651383791603715235913298467707705721892167517783330530049287	-0.25686370445698000458248840975942399449829757553414788501201825679651383791603715235913298467707705721892167517783330530049287
23.1	-0.25686232573297585	-0.25686106195933867	-0.25686051353868583	-0.25686339886914605	-0.2701894715722103	-0.25686370445698000458248840975942399449829757553414788501201825679651383791603715235913298467707705721892167517783330530049287	-0.25686370445698000458248840975942399449829757553414788501201825679651383791603715235913298467707705721892167517783330530049287
23.150000000000002	-0.25686236017143693	-0.2568611271965814	-0.2568605923904748	-0.2568634080432391	-0.27018948204033716	-0.25686370445698000458248840975942399449829757553414788501201825679651383791603715235913298467707705721892167517783330530049287	-0.25686370445698000458248840975942399449829757553414788501201825679651383791603715235913298467707705721892167517783330530049287
23.200000000000003	-0.25686239373855113	-0.25686119081584824	-0.2568606692809233	-0.25686341696100745	-0.27018949218820515	-0.25686370445698000458248840975942399449829757553414788501201825679651383791603715235913298467707705721892167517783330530049287	-0.25686370445698000458248840975942399449829757553414788501201825679651383791603715235913298467707705721892167517783330530049287
23.25	-0.2568624264552867	-0.25686125285966765	-0.25686074425555555	-0.256863425606364	-0.27018950202565467	-0.25686370445698000458248840975942399449829757553414788501201825679651383791603715235913298467707705721892167517783330530049287	-0.25686370445698000458248840975942399449829757553414788501201825679651383791603715235913298467707705721892167517783330530049287
23.3	-0.25686245834261145	-0.256861313370568	-0.2568608173598954	-0.2568634339848953	-0.2701895115625262	-0.25686370445698000458248840975942399449829757553414788501201825679651383791603715235913298467707705721892167517783330530049287	-0.25686370445698000458248840975942399449829757553414788501201825679651383791603715235913298467707705721892167517783330530049287
23.35	-0.2568624894214936	-0.2568613723910776	-0.256860888639467	-0.2568634421045675	-0.27018952080865993	-0.25686370445698000458248840975942399449829757553414788501201825679651383791603715235913298467707705721892167517783330530049287	-0.25686370445698000458248840975942399449829757553414788501201825679651383791603715235913298467707705721892167517783330530049287
23.400000000000002	-0.2568625197129012	-0.2568614299637248	-0.25686095813979437	-0.2568634499733467	-0.27018952977389643	-0.25686370445698000458248840975942399449829757553414788501201825679651383791603715235913298467707705721892167517783330530049287	-0.25686370445698000458248840975942399449829757553414788501201825679651383791603715235913298467707705721892167517783330530049287
23.450000000000003	-0.2568625492378022	-0.25686148613001897	-0.25686102590640153	-0.25686345759919904	-0.27018953846807603	-0.25686370445698000458248840975942399449829757553414788501201825679651383791603715235913298467707705721892167517783330530049287	-0.25686370445698000458248840975942399449829757553414788501201825679651383791603715235913298467707705721892167517783330530049287
23.5	-0.25686257801716483	-0.2568615409201951	-0.2568610919848126	-0.2568634649900906	-0.270189546901039	-0.25686370445698000458248840975942399449829757553414788501201825679651383791603715235913298467707705721892167517783330530049287	-0.25686370445698000458248840975942399449829757553414788501201825679651383791603715235913298467707705721892167517783330530049287
23.55	-0.2568626061498363	-0.2568615943624843	-0.2568611564205516	-0.2568634721539875	-0.27018955508262593	-0.25686370445698000458248840975942399449829757553414788501201825679651383791603715235913298467707705721892167517783330530049287	-0.25686370445698000458248840975942399449829757553414788501201825679651383791603715235913298467707705721892167517783330530049287
23.6	-0.25686263357418554	-0.256861646485988	-0.25686121927284733	-0.2568634790988559	-0.2701895630226771	-0.25686370445698000458248840975942399449829757553414788501201825679651383791603715235913298467707705721892167517783330530049287	-0.25686370445698000458248840975942399449829757553414788501201825679651383791603715235913298467707705721892167517783330530049287
23.650000000000002	-0.25686266030646054	-0.2568616973198077	-0.25686128059442537	-0.25686348583266183	-0.27018957073103284	-0.25686370445698000458248840975942399449829757553414788501201825679651383791603715235913298467707705721892167517783330530049287	-0.25686370445698000458248840975942399449829757553414788501201825679651383791603715235913298467707705721892167517783330530049287
23.700000000000003	-0.2568626863629095	-0.2568617468930448	-0.25686134041680175	-0.2568634923633714	-0.27018957821753364	-0.25686370445698000458248840975942399449829757553414788501201825679651383791603715235913298467707705721892167517783330530049287	-0.25686370445698000458248840975942399449829757553414788501201825679651383791603715235913298467707705721892167517783330530049287
23.75	-0.2568627117597804	-0.2568617952348007	-0.2568613987714611	-0.2568634986989508	-0.2701895854920198	-0.25686370445698000458248840975942399449829757553414788501201825679651383791603715235913298467707705721892167517783330530049287	-0.25686370445698000458248840975942399449829757553414788501201825679651383791603715235913298467707705721892167517783330530049287
23.8	-0.25686273651332153	-0.25686184237417686	-0.25686145568988805	-0.25686350484736614	-0.2701895925661668	-0.25686370445698000458248840975942399449829757553414788501201825679651383791603715235913298467707705721892167517783330530049287	-0.25686370445698000458248840975942399449829757553414788501201825679651383791603715235913298467707705721892167517783330530049287
23.85	-0.2568627606397809	-0.2568618883402747	-0.2568615112035675	-0.25686351081658343	-0.27018959946577326	-0.25686370445698000458248840975942399449829757553414788501201825679651383791603715235913298467707705721892167517783330530049287	-0.25686370445698000458248840975942399449829757553414788501201825679651383791603715235913298467707705721892167517783330530049287
23.900000000000002	-0.25686278415540664	-0.25686193316219563	-0.25686156534398397	-0.2568635166145689	-0.27018960619652876	-0.25686370445698000458248840975942399449829757553414788501201825679651383791603715235913298467707705721892167517783330530049287	-0.25686370445698000458248840975942399449829757553414788501201825679651383791603715235913298467707705721892167517783330530049287
23.950000000000003	-0.25686280707644676	-0.2568619768690411	-0.25686161814262226	-0.2568635222493028	-0.27018961275843323	-0.25686370445698000458248840975942399449829757553414788501201825679651383791603715235913298467707705721892167517783330530049287	-0.25686370445698000458248840975942399449829757553414788501201825679651383791603715235913298467707705721892167517783330530049287
24.	-0.2568628294191495	-0.25686201948991255	-0.25686166963096707	-0.25686352773856563	-0.2701896191514867	-0.25686370445698000458248840975942399449829757553414788501201825679651383791603715235913298467707705721892167517783330530049287	-0.25686370445698000458248840975942399449829757553414788501201825679651383791603715235913298467707705721892167517783330530049287
24.05	-0.2568628512600486	-0.2568620610539114	-0.25686171984050304	-0.25686353309332843	-0.2701896253756892	-0.25686370445698000458248840975942399449829757553414788501201825679651383791603715235913298467707705721892167517783330530049287	-0.25686370445698000458248840975942399449829757553414788501201825679651383791603715235913298467707705721892167517783330530049287
24.1	-0.25686287255145274	-0.2568621015901391	-0.2568617688027149	-0.25686353831359116	-0.2701896314310407	-0.25686370445698000458248840975942399449829757553414788501201825679651383791603715235913298467707705721892167517783330530049287	-0.25686370445698000458248840975942399449829757553414788501201825679651383791603715235913298467707705721892167517783330530049287
24.150000000000002	-0.25686289330595646	-0.256862141127697	-0.2568618165490874	-0.25686354339935374	-0.2701896373175412	-0.25686370445698000458248840975942399449829757553414788501201825679651383791603715235913298467707705721892167517783330530049287	-0.25686370445698000458248840975942399449829757553414788501201825679651383791603715235913298467707705721892167517783330530049287
24.200000000000003	-0.2568629135361541	-0.25686217969568664	-0.2568618631111052	-0.2568635483506163	-0.27018964303519066	-0.25686370445698000458248840975942399449829757553414788501201825679651383791603715235913298467707705721892167517783330530049287	-0.25686370445698000458248840975942399449829757553414788501201825679651383791603715235913298467707705721892167517783330530049287
24.25	-0.2568629332546401	-0.2568622173232094	-0.256861908520253	-0.25686355316737874	-0.2701896485839892	-0.25686370445698000458248840975942399449829757553414788501201825679651383791603715235913298467707705721892167517783330530049287	-0.25686370445698000458248840975942399449829757553414788501201825679651383791603715235913298467707705721892167517783330530049287
24.3	-0.2568629524740089	-0.25686225403936674	-0.2568619528080155	-0.25686355784964116	-0.27018965396393674	-0.25686370445698000458248840975942399449829757553414788501201825679651383791603715235913298467707705721892167517783330530049287	-0.25686370445698000458248840975942399449829757553414788501201825679651383791603715235913298467707705721892167517783330530049287
24.35	-0.25686297120685503	-0.256862289872839	-0.25686199600858517	-0.25686356239740343	-0.27018965917503324	-0.25686370445698000458248840975942399449829757553414788501201825679651383791603715235913298467707705721892167517783330530049287	-0.25686370445698000458248840975942399449829757553414788501201825679651383791603715235913298467707705721892167517783330530049287
24.400000000000002	-0.25686298946577274	-0.2568623248450964	-0.256862038162338	-0.25686356681066563	-0.2701896642172788	-0.25686370445698000458248840975942399449829757553414788501201825679651383791603715235913298467707705721892167517783330530049287	-0.25686370445698000458248840975942399449829757553414788501201825679651383791603715235913298467707705721892167517783330530049287
24.450000000000003	-0.2568630072633566	-0.2568623589723987	-0.2568620792920673	-0.25686357108942776	-0.2701896690906733	-0.25686370445698000458248840975942399449829757553414788501201825679651383791603715235913298467707705721892167517783330530049287	-0.25686370445698000458248840975942399449829757553414788501201825679651383791603715235913298467707705721892167517783330530049287
24.5	-0.25686302461220095	-0.25686239227099306	-0.2568621194184338	-0.25686357523368986	-0.2701896737952169	-0.25686370445698000458248840975942399449829757553414788501201825679651383791603715235913298467707705721892167517783330530049287	-0.25686370445698000458248840975942399449829757553414788501201825679651383791603715235913298467707705721892167517783330530049287
24.55	-0.25686304157158407	-0.2568624247571271	-0.25686215856209826	-0.2568635792434518	-0.27018967833090946	-0.25686370445698000458248840975942399449829757553414788501201825679651383791603715235913298467707705721892167517783330530049287	-0.25686370445698000458248840975942399449829757553414788501201825679651383791603715235913298467707705721892167517783330530049287
24.6	-0.25686305810458726	-0.2568624564470482	-0.2568621967437214	-0.2568635831187137	-0.270189682697751	-0.25686370445698000458248840975942399449829757553414788501201825679651383791603715235913298467707705721892167517783330530049287	-0.25686370445698000458248840975942399449829757553414788501201825679651383791603715235913298467707705721892167517783330530049287
24.650000000000002	-0.2568630742209756	-0.25686248735700373	-0.256862233983964	-0.2568635868594755	-0.2701896868957416	-0.25686370445698000458248840975942399449829757553414788501201825679651383791603715235913298467707705721892167517783330530049287	-0.25686370445698000458248840975942399449829757553414788501201825679651383791603715235913298467707705721892167517783330530049287
24.700000000000003	-0.2568630899305142	-0.2568625175032412	-0.25686227030348685	-0.25686359046573726	-0.2701896909248812	-0.25686370445698000458248840975942399449829757553414788501201825679651383791603715235913298467707705721892167517783330530049287	-0.25686370445698000458248840975942399449829757553414788501201825679651383791603715235913298467707705721892167517783330530049287
24.75	-0.2568631052429682	-0.25686254690200794	-0.2568623057229506	-0.2568635939374989	-0.2701896947868289	-0.25686370445698000458248840975942399449829757553414788501201825679651383791603715235913298467707705721892167517783330530049287	-0.25686370445698000458248840975942399449829757553414788501201825679651383791603715235913298467707705721892167517783330530049287
24.8	-0.2568631201681027	-0.25686257556955144	-0.25686234026301613	-0.2568635972747605	-0.27018969853195135	-0.25686370445698000458248840975942399449829757553414788501201825679651383791603715235913298467707705721892167517783330530049287	-0.25686370445698000458248840975942399449829757553414788501201825679651383791603715235913298467707705721892167517783330530049287
24.85	-0.25686313471568273	-0.25686260352211915	-0.2568623739443441	-0.256863600477522	-0.27018970218389926	-0.25686370445698000458248840975942399449829757553414788501201825679651383791603715235913298467707705721892167517783330530049287	-0.25686370445698000458248840975942399449829757553414788501201825679651383791603715235913298467707705721892167517783330530049287
24.900000000000002	-0.2568631488954735	-0.2568626307759585	-0.2568624067875952	-0.25686360354578336	-0.27018970574267265	-0.25686370445698000458248840975942399449829757553414788501201825679651383791603715235913298467707705721892167517783330530049287	-0.25686370445698000458248840975942399449829757553414788501201825679651383791603715235913298467707705721892167517783330530049287
24.950000000000003	-0.25686316271724	-0.25686265734731684	-0.25686243881343035	-0.2568636065096247	-0.27018970920827146	-0.25686370445698000458248840975942399449829757553414788501201825679651383791603715235913298467707705721892167517783330530049287	-0.25686370445698000458248840975942399449829757553414788501201825679651383791603715235913298467707705721892167517783330530049287
25.	-0.2568631761907475	-0.25686268325244166	-0.25686247004251017	-0.25686360939952857	-0.27018971258069574	-0.25686370445698000458248840975942399449829757553414788501201825679651383791603715235913298467707705721892167517783330530049287	-0.25686370445698000458248840975942399449829757553414788501201825679651383791603715235913298467707705721892167517783330530049287
25.05	-0.2568631893619243	-0.2568627085075804	-0.2568625004954954	-0.2568636122154953	-0.27018971585994545	-0.25686370445698000458248840975942399449829757553414788501201825679651383791603715235913298467707705721892167517783330530049287	-0.25686370445698000458248840975942399449829757553414788501201825679651383791603715235913298467707705721892167517783330530049287
25.1	-0.2568632022021805	-0.25686273312898045	-0.25686253019305966	-0.2568636149575249	-0.2701897190460206	-0.25686370445698000458248840975942399449829757553414788501201825679651383791603715235913298467707705721892167517783330530049287	-0.25686370445698000458248840975942399449829757553414788501201825679651383791603715235913298467707705721892167517783330530049287
25.150000000000002	-0.25686321471908946	-0.2568627571328892	-0.2568625591555507	-0.25686361762561744	-0.2701897221389213	-0.25686370445698000458248840975942399449829757553414788501201825679651383791603715235913298467707705721892167517783330530049287	-0.25686370445698000458248840975942399449829757553414788501201825679651383791603715235913298467707705721892167517783330530049287
25.200000000000003	-0.2568632269202247	-0.25686278053555417	-0.2568625873998935	-0.2568636202197728	-0.2701897251386474	-0.25686370445698000458248840975942399449829757553414788501201825679651383791603715235913298467707705721892167517783330530049287	-0.25686370445698000458248840975942399449829757553414788501201825679651383791603715235913298467707705721892167517783330530049287
25.25	-0.2568632388131594	-0.25686280335517264	-0.2568626149420206	-0.25686362273999114	-0.270189728045199	-0.25686370445698000458248840975942399449829757553414788501201825679651383791603715235913298467707705721892167517783330530049287	-0.25686370445698000458248840975942399449829757553414788501201825679651383791603715235913298467707705721892167517783330530049287
25.3	-0.2568632504054671	-0.25686282562051227	-0.2568626417978646	-0.2568636251862723	-0.27018973085857595	-0.25686370445698000458248840975942399449829757553414788501201825679651383791603715235913298467707705721892167517783330530049287	-0.25686370445698000458248840975942399449829757553414788501201825679651383791603715235913298467707705721892167517783330530049287
25.35	-0.2568632617047211	-0.25686284734527015	-0.25686266798335805	-0.2568636275586164	-0.27018973357877846	-0.25686370445698000458248840975942399449829757553414788501201825679651383791603715235913298467707705721892167517783330530049287	-0.25686370445698000458248840975942399449829757553414788501201825679651383791603715235913298467707705721892167517783330530049287
25.400000000000002	-0.2568632727184949	-0.2568628685398747	-0.25686269351443336	-0.2568636298570234	-0.2701897362058064	-0.25686370445698000458248840975942399449829757553414788501201825679651383791603715235913298467707705721892167517783330530049287	-0.25686370445698000458248840975942399449829757553414788501201825679651383791603715235913298467707705721892167517783330530049287
25.450000000000003	-0.2568632834543618	-0.2568628892147546	-0.2568627184070232	-0.2568636320814932	-0.27018973873965973	-0.25686370445698000458248840975942399449829757553414788501201825679651383791603715235913298467707705721892167517783330530049287	-0.25686370445698000458248840975942399449829757553414788501201825679651383791603715235913298467707705721892167517783330530049287
25.5	-0.25686329391989526	-0.25686290938033823	-0.25686274267706005	-0.25686363423202596	-0.2701897411803386	-0.25686370445698000458248840975942399449829757553414788501201825679651383791603715235913298467707705721892167517783330530049287	-0.25686370445698000458248840975942399449829757553414788501201825679651383791603715235913298467707705721892167517783330530049287
25.55	-0.2568633041506913	-0.2568629290470541	-0.25686276634047644	-0.25686363630862163	-0.2701897435278429	-0.25686370445698000458248840975942399449829757553414788501201825679651383791603715235913298467707705721892167517783330530049287	-0.25686370445698000458248840975942399449829757553414788501201825679651383791603715235913298467707705721892167517783330530049287
25.6	-0.2568633141246023	-0.25686294822533084	-0.25686278941320495	-0.2568636383112801	-0.27018974578217264	-0.25686370445698000458248840975942399449829757553414788501201825679651383791603715235913298467707705721892167517783330530049287	-0.25686370445698000458248840975942399449829757553414788501201825679651383791603715235913298467707705721892167517783330530049287
25.650000000000002	-0.25686332384750327	-0.25686296692559685	-0.2568628119111781	-0.2568636402400015	-0.2701897479433279	-0.25686370445698000458248840975942399449829757553414788501201825679651383791603715235913298467707705721892167517783330530049287	-0.25686370445698000458248840975942399449829757553414788501201825679651383791603715235913298467707705721892167517783330530049287
25.700000000000003	-0.2568633333252693	-0.25686298515828065	-0.25686283385032843	-0.25686364209478585	-0.27018975001135276	-0.25686370445698000458248840975942399449829757553414788501201825679651383791603715235913298467707705721892167517783330530049287	-0.25686370445698000458248840975942399449829757553414788501201825679651383791603715235913298467707705721892167517783330530049287
25.75	-0.2568633425637754	-0.2568630029338108	-0.2568628552465885	-0.25686364387563304	-0.2701897520124466	-0.25686370445698000458248840975942399449829757553414788501201825679651383791603715235913298467707705721892167517783330530049287	-0.25686370445698000458248840975942399449829757553414788501201825679651383791603715235913298467707705721892167517783330530049287
25.8	-0.2568633515688966	-0.2568630202626158	-0.25686287611589076	-0.2568636455825431	-0.27018975396880174	-0.25686370445698000458248840975942399449829757553414788501201825679651383791603715235913298467707705721892167517783330530049287	-0.25686370445698000458248840975942399449829757553414788501201825679651383791603715235913298467707705721892167517783330530049287
25.85	-0.256863360346508	-0.2568630371551242	-0.2568628964741678	-0.2568636472155161	-0.27018975588041816	-0.25686370445698000458248840975942399449829757553414788501201825679651383791603715235913298467707705721892167517783330530049287	-0.25686370445698000458248840975942399449829757553414788501201825679651383791603715235913298467707705721892167517783330530049287
25.900000000000002	-0.25686336890248457	-0.2568630536217645	-0.25686291633735225	-0.2568636487921922	-0.27018975774729587	-0.25686370445698000458248840975942399449829757553414788501201825679651383791603715235913298467707705721892167517783330530049287	-0.25686370445698000458248840975942399449829757553414788501201825679651383791603715235913298467707705721892167517783330530049287
25.950000000000003	-0.2568633772427014	-0.2568630696729651	-0.25686293572137653	-0.2568636503334543	-0.2701897595694348	-0.25686370445698000458248840975942399449829757553414788501201825679651383791603715235913298467707705721892167517783330530049287	-0.25686370445698000458248840975942399449829757553414788501201825679651383791603715235913298467707705721892167517783330530049287
26.	-0.25686338537303355	-0.2568630853191547	-0.25686295464217324	-0.2568636518393388	-0.2701897613468351	-0.25686370445698000458248840975942399449829757553414788501201825679651383791603715235913298467707705721892167517783330530049287	-0.25686370445698000458248840975942399449829757553414788501201825679651383791603715235913298467707705721892167517783330530049287
26.05	-0.2568633933210771	-0.2568631005707617	-0.2568629731146716	-0.2568636533098457	-0.27018976307949666	-0.25686370445698000458248840975942399449829757553414788501201825679651383791603715235913298467707705721892167517783330530049287	-0.25686370445698000458248840975942399449829757553414788501201825679651383791603715235913298467707705721892167517783330530049287
26.1	-0.25686340106966965	-0.2568631154382146	-0.25686299112813943	-0.2568636547449749	-0.27018976476741946	-0.25686370445698000458248840975942399449829757553414788501201825679651383791603715235913298467707705721892167517783330530049287	-0.25686370445698000458248840975942399449829757553414788501201825679651383791603715235913298467707705721892167517783330530049287
26.150000000000002	-0.25686340862336976	-0.256863129933293	-0.25686300868369605	-0.2568636561447265	-0.27018976641060355	-0.25686370445698000458248840975942399449829757553414788501201825679651383791603715235913298467707705721892167517783330530049287	-0.25686370445698000458248840975942399449829757553414788501201825679651383791603715235913298467707705721892167517783330530049287
26.200000000000003	-0.256863415986736	-0.25686314407531663	-0.25686302579329984	-0.25686365750910045	-0.2701897680090489	-0.25686370445698000458248840975942399449829757553414788501201825679651383791603715235913298467707705721892167517783330530049287	-0.25686370445698000458248840975942399449829757553414788501201825679651383791603715235913298467707705721892167517783330530049287
26.25	-0.25686342316432703	-0.25686315787353536	-0.25686304246890906	-0.2568636588380968	-0.2701897695627556	-0.25686370445698000458248840975942399449829757553414788501201825679651383791603715235913298467707705721892167517783330530049287	-0.25686370445698000458248840975942399449829757553414788501201825679651383791603715235913298467707705721892167517783330530049287
26.3	-0.25686343016070146	-0.2568631713349658	-0.256863058722482	-0.2568636601317155	-0.27018977107172354	-0.25686370445698000458248840975942399449829757553414788501201825679651383791603715235913298467707705721892167517783330530049287	-0.25686370445698000458248840975942399449829757553414788501201825679651383791603715235913298467707705721892167517783330530049287
26.35	-0.2568634369804179	-0.25686318446662465	-0.25686307456597696	-0.2568636613899566	-0.2701897725359528	-0.25686370445698000458248840975942399449829757553414788501201825679651383791603715235913298467707705721892167517783330530049287	-0.25686370445698000458248840975942399449829757553414788501201825679651383791603715235913298467707705721892167517783330530049287
26.400000000000002	-0.256863443628035	-0.2568631972755287	-0.2568630900113522	-0.25686366261282007	-0.2701897739554433	-0.25686370445698000458248840975942399449829757553414788501201825679651383791603715235913298467707705721892167517783330530049287	-0.25686370445698000458248840975942399449829757553414788501201825679651383791603715235913298467707705721892167517783330530049287
26.450000000000003	-0.25686345010811124	-0.2568632097686946	-0.2568631050705661	-0.2568636638003059	-0.2701897753301951	-0.25686370445698000458248840975942399449829757553414788501201825679651383791603715235913298467707705721892167517783330530049287	-0.25686370445698000458248840975942399449829757553414788501201825679651383791603715235913298467707705721892167517783330530049287
26.5	-0.25686345642520536	-0.256863221953139	-0.25686311975557685	-0.2568636649524141	-0.27018977666020816	-0.25686370445698000458248840975942399449829757553414788501201825679651383791603715235913298467707705721892167517783330530049287	-0.25686370445698000458248840975942399449829757553414788501201825679651383791603715235913298467707705721892167517783330530049287
26.55	-0.2568634626007173	-0.2568632338358786	-0.2568631340783429	-0.2568636660691447	-0.27018977794548255	-0.25686370445698000458248840975942399449829757553414788501201825679651383791603715235913298467707705721892167517783330530049287	-0.25686370445698000458248840975942399449829757553414788501201825679651383791603715235913298467707705721892167517783330530049287
26.6	-0.2568634686213436	-0.25686324542393013	-0.2568631480508224	-0.25686366715049763	-0.27018977918601816	-0.25686370445698000458248840975942399449829757553414788501201825679651383791603715235913298467707705721892167517783330530049287	-0.25686370445698000458248840975942399449829757553414788501201825679651383791603715235913298467707705721892167517783330530049287
26.650000000000002	-0.25686347449062225	-0.2568632567243103	-0.2568631616849737	-0.25686366819647294	-0.2701897803818151	-0.25686370445698000458248840975942399449829757553414788501201825679651383791603715235913298467707705721892167517783330530049287	-0.25686370445698000458248840975942399449829757553414788501201825679651383791603715235913298467707705721892167517783330530049287
26.700000000000003	-0.2568634802120911	-0.25686326774403584	-0.25686317499275513	-0.25686366920707066	-0.27018978154057927	-0.25686370445698000458248840975942399449829757553414788501201825679651383791603715235913298467707705721892167517783330530049287	-0.25686370445698000458248840975942399449829757553414788501201825679651383791603715235913298467707705721892167517783330530049287
26.75	-0.2568634857892881	-0.2568632784901233	-0.25686318798612495	-0.2568636701822907	-0.27018978267453125	-0.25686370445698000458248840975942399449829757553414788501201825679651383791603715235913298467707705721892167517783330530049287	-0.25686370445698000458248840975942399449829757553414788501201825679651383791603715235913298467707705721892167517783330530049287
26.8	-0.2568634912257511	-0.25686328896958954	-0.2568632006770415	-0.25686367112213315	-0.27018978378382535	-0.25686370445698000458248840975942399449829757553414788501201825679651383791603715235913298467707705721892167517783330530049287	-0.25686370445698000458248840975942399449829757553414788501201825679651383791603715235913298467707705721892167517783330530049287
26.85	-0.2568634965250181	-0.25686329918945117	-0.256863213077463	-0.25686367203325855	-0.27018978486846157	-0.25686370445698000458248840975942399449829757553414788501201825679651383791603715235913298467707705721892167517783330530049287	-0.25686370445698000458248840975942399449829757553414788501201825679651383791603715235913298467707705721892167517783330530049287
26.900000000000002	-0.256863501690627	-0.2568633091567249	-0.25686322519934784	-0.25686367292481316	-0.27018978592843984	-0.25686370445698000458248840975942399449829757553414788501201825679651383791603715235913298467707705721892167517783330530049287	-0.25686370445698000458248840975942399449829757553414788501201825679651383791603715235913298467707705721892167517783330530049287
26.950000000000003	-0.2568635067261157	-0.25686331887842745	-0.2568632370546543	-0.2568636737968523	-0.2701897869637602	-0.25686370445698000458248840975942399449829757553414788501201825679651383791603715235913298467707705721892167517783330530049287	-0.25686370445698000458248840975942399449829757553414788501201825679651383791603715235913298467707705721892167517783330530049287
27.	-0.25686351163502213	-0.25686332836157544	-0.25686324865299376	-0.25686367464937615	-0.2701897879744227	-0.25686370445698000458248840975942399449829757553414788501201825679651383791603715235913298467707705721892167517783330530049287	-0.25686370445698000458248840975942399449829757553414788501201825679651383791603715235913298467707705721892167517783330530049287
27.050000000000004	-0.25686351643394556	-0.2568633376137364	-0.2568632599704277	-0.25686367548238453	-0.2701897889604273	-0.25686370445698000458248840975942399449829757553414788501201825679651383791603715235913298467707705721892167517783330530049287	-0.25686370445698000458248840975942399449829757553414788501201825679651383791603715235913298467707705721892167517783330530049287
27.1	-0.25686352111257094	-0.2568633466449946	-0.25686327100286416	-0.25686367629587753	-0.27018978992177395	-0.25686370445698000458248840975942399449829757553414788501201825679651383791603715235913298467707705721892167517783330530049287	-0.25686370445698000458248840975942399449829757553414788501201825679651383791603715235913298467707705721892167517783330530049287
27.15	-0.2568635256736447	-0.2568633554603725	-0.2568632817572206	-0.25686367708985514	-0.2701897908584627	-0.25686370445698000458248840975942399449829757553414788501201825679651383791603715235913298467707705721892167517783330530049287	-0.25686370445698000458248840975942399449829757553414788501201825679651383791603715235913298467707705721892167517783330530049287
27.200000000000003	-0.25686353011991303	-0.2568633640639011	-0.25686329224041465	-0.25686367786431735	-0.2701897917704935	-0.25686370445698000458248840975942399449829757553414788501201825679651383791603715235913298467707705721892167517783330530049287	-0.25686370445698000458248840975942399449829757553414788501201825679651383791603715235913298467707705721892167517783330530049287
27.25	-0.25686353445412236	-0.2568633724596115	-0.2568633024593639	-0.2568636786192641	-0.27018979265786647	-0.25686370445698000458248840975942399449829757553414788501201825679651383791603715235913298467707705721892167517783330530049287	-0.25686370445698000458248840975942399449829757553414788501201825679651383791603715235913298467707705721892167517783330530049287
27.300000000000004	-0.25686353867901895	-0.2568633806515347	-0.25686331242098587	-0.2568636793546955	-0.2701897935205815	-0.25686370445698000458248840975942399449829757553414788501201825679651383791603715235913298467707705721892167517783330530049287	-0.25686370445698000458248840975942399449829757553414788501201825679651383791603715235913298467707705721892167517783330530049287
27.35	-0.2568635427973492	-0.2568633886437018	-0.25686332213219815	-0.25686368007061156	-0.2701897943586386	-0.25686370445698000458248840975942399449829757553414788501201825679651383791603715235913298467707705721892167517783330530049287	-0.25686370445698000458248840975942399449829757553414788501201825679651383791603715235913298467707705721892167517783330530049287
27.4	-0.25686354681185936	-0.2568633964401437	-0.25686333159991837	-0.25686368076701216	-0.2701897951720378	-0.25686370445698000458248840975942399449829757553414788501201825679651383791603715235913298467707705721892167517783330530049287	-0.25686370445698000458248840975942399449829757553414788501201825679651383791603715235913298467707705721892167517783330530049287
27.450000000000003	-0.2568635507252958	-0.25686340404489155	-0.25686334083106405	-0.2568636814438973	-0.2701897959607791	-0.25686370445698000458248840975942399449829757553414788501201825679651383791603715235913298467707705721892167517783330530049287	-0.25686370445698000458248840975942399449829757553414788501201825679651383791603715235913298467707705721892167517783330530049287
27.5	-0.2568635545404049	-0.25686341146197633	-0.25686334983255277	-0.25686368210126714	-0.2701897967248625	-0.25686370445698000458248840975942399449829757553414788501201825679651383791603715235913298467707705721892167517783330530049287	-0.25686370445698000458248840975942399449829757553414788501201825679651383791603715235913298467707705721892167517783330530049287
27.550000000000004	-0.2568635582700651	-0.2568634186954291	-0.25686335861130205	-0.2568636827391215	-0.27018979746428795	-0.25686370445698000458248840975942399449829757553414788501201825679651383791603715235913298467707705721892167517783330530049287	-0.25686370445698000458248840975942399449829757553414788501201825679651383791603715235913298467707705721892167517783330530049287
27.6	-0.25686356190627646	-0.2568634257492809	-0.2568633671742296	-0.25686368335746057	-0.27018979817905553	-0.25686370445698000458248840975942399449829757553414788501201825679651383791603715235913298467707705721892167517783330530049287	-0.25686370445698000458248840975942399449829757553414788501201825679651383791603715235913298467707705721892167517783330530049287
27.65	-0.2568635654511712	-0.25686343262756267	-0.25686337552825284	-0.2568636839562842	-0.270189798871535	-0.25686370445698000458248840975942399449829757553414788501201825679651383791603715235913298467707705721892167517783330530049287	-0.25686370445698000458248840975942399449829757553414788501201825679651383791603715235913298467707705721892167517783330530049287
27.700000000000003	-0.2568635689068817	-0.2568634393343056	-0.2568633836802894	-0.2568636845355924	-0.270189799548377	-0.25686370445698000458248840975942399449829757553414788501201825679651383791603715235913298467707705721892167517783330530049287	-0.25686370445698000458248840975942399449829757553414788501201825679651383791603715235913298467707705721892167517783330530049287
27.75	-0.2568635722755402	-0.2568634458735406	-0.2568633916372569	-0.25686368509538515	-0.27018980020997924	-0.25686370445698000458248840975942399449829757553414788501201825679651383791603715235913298467707705721892167517783330530049287	-0.25686370445698000458248840975942399449829757553414788501201825679651383791603715235913298467707705721892167517783330530049287
27.800000000000004	-0.2568635755592788	-0.25686345224929874	-0.25686339940607283	-0.2568636856385153	-0.2701898008563417	-0.25686370445698000458248840975942399449829757553414788501201825679651383791603715235913298467707705721892167517783330530049287	-0.25686370445698000458248840975942399449829757553414788501201825679651383791603715235913298467707705721892167517783330530049287
27.85	-0.2568635787602299	-0.2568634584656111	-0.25686340699365484	-0.25686368616950345	-0.27018980148746435	-0.25686370445698000458248840975942399449829757553414788501201825679651383791603715235913298467707705721892167517783330530049287	-0.25686370445698000458248840975942399449829757553414788501201825679651383791603715235913298467707705721892167517783330530049287
27.9	-0.2568635818805257	-0.2568634645265086	-0.2568634144069205	-0.2568636866884064	-0.27018980210334725	-0.25686370445698000458248840975942399449829757553414788501201825679651383791603715235913298467707705721892167517783330530049287	-0.25686370445698000458248840975942399449829757553414788501201825679651383791603715235913298467707705721892167517783330530049287
27.950000000000003	-0.25686358492229844	-0.25686347043628993	-0.256863421650915	-0.2568636871952243	-0.27018980270399034	-0.25686370445698000458248840975942399449829757553414788501201825679651383791603715235913298467707705721892167517783330530049287	-0.25686370445698000458248840975942399449829757553414788501201825679651383791603715235913298467707705721892167517783330530049287
28.	-0.25686358788768043	-0.2568634762006098	-0.2568634287139197	-0.256863687689957	-0.2701898032893936	-0.25686370445698000458248840975942399449829757553414788501201825679651383791603715235913298467707705721892167517783330530049287	-0.25686370445698000458248840975942399449829757553414788501201825679651383791603715235913298467707705721892167517783330530049287
28.050000000000004	-0.25686359078666565	-0.25686348182289287	-0.25686343559606073	-0.2568636881726046	-0.27018980385955715	-0.25686370445698000458248840975942399449829757553414788501201825679651383791603715235913298467707705721892167517783330530049287	-0.25686370445698000458248840975942399449829757553414788501201825679651383791603715235913298467707705721892167517783330530049287
28.1	-0.2568635936130481	-0.25686348730610176	-0.25686344230174035	-0.256863688643167	-0.27018980441448087	-0.25686370445698000458248840975942399449829757553414788501201825679651383791603715235913298467707705721892167517783330530049287	-0.25686370445698000458248840975942399449829757553414788501201825679651383791603715235913298467707705721892167517783330530049287
28.15	-0.2568635963684836	-0.2568634926531989	-0.25686344883536066	-0.25686368910164425	-0.27018980495416484	-0.25686370445698000458248840975942399449829757553414788501201825679651383791603715235913298467707705721892167517783330530049287	-0.25686370445698000458248840975942399449829757553414788501201825679651383791603715235913298467707705721892167517783330530049287
28.200000000000003	-0.2568635990546279	-0.25686349786714685	-0.25686345520132375	-0.2568636895480364	-0.270189805478609	-0.25686370445698000458248840975942399449829757553414788501201825679651383791603715235913298467707705721892167517783330530049287	-0.25686370445698000458248840975942399449829757553414788501201825679651383791603715235913298467707705721892167517783330530049287
28.25	-0.2568636016731368	-0.25686350295090815	-0.2568634614040319	-0.2568636899823434	-0.2701898059878134	-0.25686370445698000458248840975942399449829757553414788501201825679651383791603715235913298467707705721892167517783330530049287	-0.25686370445698000458248840975942399449829757553414788501201825679651383791603715235913298467707705721892167517783330530049287
28.300000000000004	-0.2568636042256661	-0.25686350790744533	-0.25686346744788713	-0.25686369040456525	-0.2701898064817779	-0.25686370445698000458248840975942399449829757553414788501201825679651383791603715235913298467707705721892167517783330530049287	-0.25686370445698000458248840975942399449829757553414788501201825679651383791603715235913298467707705721892167517783330530049287
28.35	-0.2568636067138716	-0.25686351273972086	-0.25686347333729165	-0.25686369081470195	-0.27018980696050277	-0.25686370445698000458248840975942399449829757553414788501201825679651383791603715235913298467707705721892167517783330530049287	-0.25686370445698000458248840975942399449829757553414788501201825679651383791603715235913298467707705721892167517783330530049287
28.4	-0.25686360913940903	-0.25686351745069724	-0.25686347907664764	-0.25686369121275354	-0.27018980742398774	-0.25686370445698000458248840975942399449829757553414788501201825679651383791603715235913298467707705721892167517783330530049287	-0.25686370445698000458248840975942399449829757553414788501201825679651383791603715235913298467707705721892167517783330530049287
28.450000000000003	-0.2568636115039342	-0.2568635220433371	-0.25686348467035713	-0.25686369159871997	-0.270189807872233	-0.25686370445698000458248840975942399449829757553414788501201825679651383791603715235913298467707705721892167517783330530049287	-0.25686370445698000458248840975942399449829757553414788501201825679651383791603715235913298467707705721892167517783330530049287
28.5	-0.2568636138091029	-0.25686352652060285	-0.2568634901228224	-0.2568636919726013	-0.2701898083052384	-0.25686370445698000458248840975942399449829757553414788501201825679651383791603715235913298467707705721892167517783330530049287	-0.25686370445698000458248840975942399449829757553414788501201825679651383791603715235913298467707705721892167517783330530049287
28.550000000000004	-0.25686361606267233	-0.2568635308854571	-0.2568634954384455	-0.25686369233439743	-0.2701898087230041	-0.25686370445698000458248840975942399449829757553414788501201825679651383791603715235913298467707705721892167517783330530049287	-0.25686370445698000458248840975942399449829757553414788501201825679651383791603715235913298467707705721892167517783330530049287
28.6	-0.25686361825982706	-0.2568635351408623	-0.25686350062162866	-0.2568636926841084	-0.2701898091264343	-0.25686370445698000458248840975942399449829757553414788501201825679651383791603715235913298467707705721892167517783330530049287	-0.25686370445698000458248840975942399449829757553414788501201825679651383791603715235913298467707705721892167517783330530049287
28.65	-0.25686362040185307	-0.25686353928978095	-0.25686350567677396	-0.2568636930217343	-0.2701898095201235	-0.25686370445698000458248840975942399449829757553414788501201825679651383791603715235913298467707705721892167517783330530049287	-0.25686370445698000458248840975942399449829757553414788501201825679651383791603715235913298467707705721892167517783330530049287
28.700000000000003	-0.2568636224900364	-0.2568635433351757	-0.2568635106082836	-0.256863693347275	-0.2701898099047136	-0.25686370445698000458248840975942399449829757553414788501201825679651383791603715235913298467707705721892167517783330530049287	-0.25686370445698000458248840975942399449829757553414788501201825679651383791603715235913298467707705721892167517783330530049287
28.75	-0.2568636245256631	-0.25686354728000893	-0.2568635154205597	-0.25686369366243245	-0.2701898102802045	-0.25686370445698000458248840975942399449829757553414788501201825679651383791603715235913298467707705721892167517783330530049287	-0.25686370445698000458248840975942399449829757553414788501201825679651383791603715235913298467707705721892167517783330530049287
28.800000000000004	-0.25686362651001904	-0.2568635511272432	-0.2568635201180044	-0.2568636939703077	-0.27018981064659636	-0.25686370445698000458248840975942399449829757553414788501201825679651383791603715235913298467707705721892167517783330530049287	-0.25686370445698000458248840975942399449829757553414788501201825679651383791603715235913298467707705721892167517783330530049287
28.85	-0.2568636284443903	-0.2568635548798411	-0.25686352470501983	-0.25686369427096617	-0.2701898110038891	-0.25686370445698000458248840975942399449829757553414788501201825679651383791603715235913298467707705721892167517783330530049287	-0.25686370445698000458248840975942399449829757553414788501201825679651383791603715235913298467707705721892167517783330530049287
28.9	-0.2568636303300628	-0.25686355854076504	-0.2568635291875178	-0.25686369456440783	-0.2701898113520827	-0.25686370445698000458248840975942399449829757553414788501201825679651383791603715235913298467707705721892167517783330530049287	-0.25686370445698000458248840975942399449829757553414788501201825679651383791603715235913298467707705721892167517783330530049287
28.950000000000003	-0.2568636321683227	-0.2568635621129776	-0.2568635335782919	-0.25686369485063265	-0.27018981169117723	-0.25686370445698000458248840975942399449829757553414788501201825679651383791603715235913298467707705721892167517783330530049287	-0.25686370445698000458248840975942399449829757553414788501201825679651383791603715235913298467707705721892167517783330530049287
29.	-0.25686363396045586	-0.25686356559944135	-0.25686353787937427	-0.2568636951296407	-0.27018981202117265	-0.25686370445698000458248840975942399449829757553414788501201825679651383791603715235913298467707705721892167517783330530049287	-0.25686370445698000458248840975942399449829757553414788501201825679651383791603715235913298467707705721892167517783330530049287
29.050000000000004	-0.25686363571248455	-0.2568635690023776	-0.2568635420907649	-0.25686369540143195	-0.27018981234206896	-0.25686370445698000458248840975942399449829757553414788501201825679651383791603715235913298467707705721892167517783330530049287	-0.25686370445698000458248840975942399449829757553414788501201825679651383791603715235913298467707705721892167517783330530049287
29.1	-0.2568636374206715	-0.2568635723189862	-0.25686354621246377	-0.25686369566600636	-0.27018981265386616	-0.25686370445698000458248840975942399449829757553414788501201825679651383791603715235913298467707705721892167517783330530049287	-0.25686370445698000458248840975942399449829757553414788501201825679651383791603715235913298467707705721892167517783330530049287
29.15	-0.2568636390860156	-0.25686357555046985	-0.2568635502444709	-0.256863695923364	-0.27018981295656425	-0.25686370445698000458248840975942399449829757553414788501201825679651383791603715235913298467707705721892167517783330530049287	-0.25686370445698000458248840975942399449829757553414788501201825679651383791603715235913298467707705721892167517783330530049287
29.200000000000003	-0.2568636407095159	-0.2568635786991271	-0.25686355418678625	-0.2568636961735048	-0.2701898132501632	-0.25686370445698000458248840975942399449829757553414788501201825679651383791603715235913298467707705721892167517783330530049287	-0.25686370445698000458248840975942399449829757553414788501201825679651383791603715235913298467707705721892167517783330530049287
29.25	-0.25686364229217135	-0.25686358176725665	-0.25686355803940986	-0.2568636964164288	-0.2701898135346631	-0.25686370445698000458248840975942399449829757553414788501201825679651383791603715235913298467707705721892167517783330530049287	-0.25686370445698000458248840975942399449829757553414788501201825679651383791603715235913298467707705721892167517783330530049287
29.300000000000004	-0.2568636438349809	-0.25686358475715715	-0.25686356180234177	-0.256863696652136	-0.27018981381006385	-0.25686370445698000458248840975942399449829757553414788501201825679651383791603715235913298467707705721892167517783330530049287	-0.25686370445698000458248840975942399449829757553414788501201825679651383791603715235913298467707705721892167517783330530049287
29.35	-0.25686364533894346	-0.2568635876711272	-0.25686356547558187	-0.2568636968806264	-0.27018981407636555	-0.25686370445698000458248840975942399449829757553414788501201825679651383791603715235913298467707705721892167517783330530049287	-0.25686370445698000458248840975942399449829757553414788501201825679651383791603715235913298467707705721892167517783330530049287
29.4	-0.256863646805058	-0.2568635905114654	-0.25686356905913027	-0.25686369710189993	-0.2701898143335681	-0.25686370445698000458248840975942399449829757553414788501201825679651383791603715235913298467707705721892167517783330530049287	-0.25686370445698000458248840975942399449829757553414788501201825679651383791603715235913298467707705721892167517783330530049287
29.450000000000003	-0.25686364823432356	-0.2568635932804705	-0.2568635725529869	-0.2568636973159567	-0.2701898145816715	-0.25686370445698000458248840975942399449829757553414788501201825679651383791603715235913298467707705721892167517783330530049287	-0.25686370445698000458248840975942399449829757553414788501201825679651383791603715235913298467707705721892167517783330530049287
29.5	-0.256863649627739	-0.256863595980441	-0.2568635759571518	-0.2568636975227967	-0.2701898148206759	-0.25686370445698000458248840975942399449829757553414788501201825679651383791603715235913298467707705721892167517783330530049287	-0.25686370445698000458248840975942399449829757553414788501201825679651383791603715235913298467707705721892167517783330530049287
29.550000000000004	-0.2568636509899805	-0.25686359861367564	-0.25686357927162495	-0.25686369772241985	-0.2701898150508614	-0.25686370445698000458248840975942399449829757553414788501201825679651383791603715235913298467707705721892167517783330530049287	-0.25686370445698000458248840975942399449829757553414788501201825679651383791603715235913298467707705721892167517783330530049287
29.6	-0.2568636523181469	-0.25686360118247303	-0.25686358249640634	-0.25686369791482616	-0.2701898152751407	-0.25686370445698000458248840975942399449829757553414788501201825679651383791603715235913298467707705721892167517783330530049287	-0.25686370445698000458248840975942399449829757553414788501201825679651383791603715235913298467707705721892167517783330530049287
29.65	-0.25686365361301444	-0.25686360368913175	-0.256863585631496	-0.2568636981000157	-0.2701898154942853	-0.25686370445698000458248840975942399449829757553414788501201825679651383791603715235913298467707705721892167517783330530049287	-0.25686370445698000458248840975942399449829757553414788501201825679651383791603715235913298467707705721892167517783330530049287
29.700000000000003	-0.25686365487535906	-0.25686360613595055	-0.2568635886768939	-0.2568636982789856	-0.2701898157082952	-0.25686370445698000458248840975942399449829757553414788501201825679651383791603715235913298467707705721892167517783330530049287	-0.25686370445698000458248840975942399449829757553414788501201825679651383791603715235913298467707705721892167517783330530049287
29.75	-0.256863656105957	-0.25686360852522794	-0.2568635916326001	-0.25686369845382045	-0.2701898159171705	-0.25686370445698000458248840975942399449829757553414788501201825679651383791603715235913298467707705721892167517783330530049287	-0.25686370445698000458248840975942399449829757553414788501201825679651383791603715235913298467707705721892167517783330530049287
29.800000000000004	-0.2568636573055843	-0.2568636108592626	-0.25686359449861446	-0.25686369862458575	-0.27018981612091114	-0.25686370445698000458248840975942399449829757553414788501201825679651383791603715235913298467707705721892167517783330530049287	-0.25686370445698000458248840975942399449829757553414788501201825679651383791603715235913298467707705721892167517783330530049287
29.85	-0.2568636584750171	-0.2568636131403533	-0.2568635972749371	-0.25686369879128157	-0.2701898163195171	-0.25686370445698000458248840975942399449829757553414788501201825679651383791603715235913298467707705721892167517783330530049287	-0.25686370445698000458248840975942399449829757553414788501201825679651383791603715235913298467707705721892167517783330530049287
29.9	-0.2568636596150314	-0.25686361537079844	-0.25686359996156805	-0.2568636989539078	-0.27018981651298846	-0.25686370445698000458248840975942399449829757553414788501201825679651383791603715235913298467707705721892167517783330530049287	-0.25686370445698000458248840975942399449829757553414788501201825679651383791603715235913298467707705721892167517783330530049287
29.950000000000003	-0.2568636607264033	-0.25686361755289683	-0.2568636025585072	-0.25686369911246454	-0.27018981670132514	-0.25686370445698000458248840975942399449829757553414788501201825679651383791603715235913298467707705721892167517783330530049287	-0.25686370445698000458248840975942399449829757553414788501201825679651383791603715235913298467707705721892167517783330530049287
30.	-0.25686366180990905	-0.25686361968894705	-0.2568636050657547	-0.25686369926695174	-0.2701898168845272	-0.25686370445698000458248840975942399449829757553414788501201825679651383791603715235913298467707705721892167517783330530049287	-0.25686370445698000458248840975942399449829757553414788501201825679651383791603715235913298467707705721892167517783330530049287