-5.	0.	0.	0.	0.	0.	0	0
-4.8	0.	0.	0.	0.	0.	0	0
-4.6	0.	0.	0.	0.	0.	0	0
-4.4	0.	0.	0.	0.	0.	0	0
-4.2	0.	0.	0.	0.	0.	0	0
-4.	0.	0.	0.	0.	0.	0	0
-3.8	0.	0.	0.	0.	0.	0	0
-3.5999999999999996	0.	0.	0.	0.	0.	0	0
-3.4	0.	0.	0.	0.	0.	0	0
-3.2	0.	0.	0.	0.	0.	0	0
-3.	0.	0.	0.	0.	0.	0	0
-2.8	0.	0.	0.	0.	0.	0	0
-2.5999999999999996	0.	0.	0.	0.	0.	0	0
-2.4	0.	0.	0.	0.	0.	0	0
-2.1999999999999997	0.	0.	0.	0.	0.	0	0
-2.	0.	0.	0.	0.	0.	0	0
-1.7999999999999998	0.	0.	0.	0.	0.	0	0
-1.5999999999999996	0.	0.	0.	0.	0.	0	0
-1.4	0.	0.	0.	0.	0.	0	0
-1.1999999999999997	0.	0.	0.	0.	0.	0	0
-1.	0.	0.	0.	0.	0.	0	0
-0.7999999999999998	0.	0.	0.	0.	0.	0	0
-0.5999999999999996	0.	0.	0.	0.	0.	0	0
-0.39999999999999947	0.	0.	0.	0.	0.	0	0
-0.1999999999999993	0.	0.	0.	0.	0.	0	0
0.	0.	0.	0.	0.	0.	0	0
0.20000000000000018	-4.627638405275086e-9	-6.870628614049725e-8	-3.0418237452470823e-9	-3.863609686189054e-9	-3.7649457539013264e-9	7.0117084160000146e-6	-1.5952038400000043e-7
0.40000000000000036	-7.145266587316049e-8	-5.317996989067341e-7	-2.7822605151841836e-8	-4.4149341588022574e-8	-1.733454030120921e-8	0.000027297728512000047	-1.2723322880000033e-6
0.6000000000000005	-3.494032590250703e-7	-1.784677946623878e-6	-1.2968507741410975e-7	-2.1436142587295872e-7	-6.951713639743273e-8	0.000059743519488000096	-4.281213312000011e-6
0.8000000000000007	-1.06761315722984e-6	-4.280735342601124e-6	-4.034222948580689e-7	-6.582345823652556e-7	-2.0830210718526434e-7	0.00010324665958400019	-0.000010117513216000027
1.	-2.5220817311371205e-6	-8.449694893599395e-6	-9.678872593227254e-7	-1.5606702825227152e-6	-4.929749539140155e-7	0.0001567168	-0.000019701200000000004
1.2000000000000002	-5.064629183744002e-6	-0.000014747065803922783	-1.9638902073366576e-6	-3.165806617165972e-6	-9.991197551179047e-7	0.00021907561881600004	-0.000033940905984000024
1.4000000000000004	-9.09373599695158e-6	-0.00002364100493774877	-3.5889861359589252e-6	-5.76562406315377e-6	-1.806662098496703e-6	0.0002892567749120001	-0.000053733973888000045
1.6000000000000005	-0.000015046930015822723	-0.00003561044213111021	-6.052185014000014e-6	-9.679341668117684e-6	-3.037637208959956e-6	0.0003662058618880003	-0.00007996650291200012
1.8000000000000007	-0.00002339444538537974	-0.00005114872499488449	-9.588952387764698e-6	-0.000015265699611652106	-4.80605266502862e-6	0.0004488803619840004	-0.00011351339481600016
2.	-0.0000346339273597437	-0.0000707609276307021	-0.000014461120770513557	-0.00002291374427462038	-7.242559831672029e-6	0.0005362496	-0.00015523840000000003
2.2	-0.00004928599778758169	-0.0000949551305300388	-0.000020949585029081734	-0.00003305098364683127	-0.000010488659033813804	0.0006272946972160002	-0.00020599416358400006
2.4000000000000004	-0.00006789052947609868	-0.0001242565758413923	-0.00002936792263101054	-0.000046122305692127444	-0.000014697622557958143	0.0007210085253120001	-0.00026662227148800015
2.6000000000000005	-0.00009100350498675189	-0.00015919330482430948	-0.00004003949432645095	-0.0000626081580766778	-0.000020032259085387032	0.0008163956602880002	-0.0003379532965120002
2.8000000000000007	-0.00011919435781540174	-0.0002003012587043926	-0.00005331419662228664	-0.00008300266033329152	-0.00002667039213256061	0.0009124723363840002	-0.0004208068444160003
3.	-0.00015304371225503252	-0.00024812330518335065	-0.0000695598203170361	-0.00010782338516164237	-0.000034790936837790074	0.0010082663999999996	-0.0005159916
3.200000000000001	-0.00019314145326512048	-0.0003032072743251429	-0.00008915746120445249	-0.0001376056558209763	-0.00004458701551453428	0.0011028172636160009	-0.000624305373184001
3.4000000000000004	-0.00024008506997967062	-0.00036610890662886185	-0.00011250637693595085	-0.00017290221562497464	-0.00005626069196641922	0.0011951758597119999	-0.0007465351450880002
3.5999999999999996	-0.0002944782265683817	-0.0004373854510476529	-0.0001400189130695013	-0.00021428040905955827	-0.00007001613334665235	0.001284404594688	-0.0008834571141119997
3.8000000000000007	-0.0003569295224254713	-0.0005176010280632244	-0.0001721252712371117	-0.0002623182467971581	-0.0000860691429185887	0.0013695773027840002	-0.0010358367420160006
4.	-0.00042805141042860976	-0.0006073211301646485	-0.00020926379505279813	-0.00031760813298605884	-0.00010463812250428391	0.0014497791999999996	-0.0012044288000000003
4.200000000000001	-0.0005084592475563847	-0.0007071142791190368	-0.00025189027337577195	-0.00038075805672883715	-0.00012595040076105203	0.0015241068380160005	-0.001389977414784001
4.4	-0.0005987704566980834	-0.0008175547891464701	-0.0003004623984498557	-0.00045237649486087346	-0.00015023882660280473	0.0015916680581119997	-0.0015932161146880006
4.600000000000001	-0.0006996037822155634	-0.0009392171778537187	-0.0003554600487259421	-0.0005330818238997832	-0.000177738987812889	0.001651581945088	-0.0018148678757120016
4.800000000000001	-0.0008115786248718493	-0.0010726765412441973	-0.00041737271380044746	-0.0006235007665133015	-0.00020869475192311762	0.0017029787811839998	-0.0020556451676160014
5.	-0.0009353144442464646	-0.0012185108705089517	-0.0004866898834688042	-0.0007242591653654475	-0.00024335052376974113	0.001745	-0.0023162500000000006
5.200000000000001	-0.0010714302188126335	-0.0013772958855530655	-0.000563908237252254	-0.0008359852434377938	-0.00028195561567631426	0.001776798140416	-0.002597373968384002
5.4	-0.001220543955538049	-0.0015496068482896313	-0.0006495413040406772	-0.0009593212930505555	-0.00032476807754093647	0.0017975368005119993	-0.002899698300288001
5.600000000000001	-0.0013832722422553786	-0.0017360193575928769	-0.0007441039900090881	-0.0010949110318698276	-0.0003720462815563831	0.001806390591487999	-0.0032238939013120027
5.800000000000001	-0.001560229837185739	-0.0019371129190382257	-0.0008481112013324971	-0.001243397510044496	-0.00042404860950950456	0.001802545091583999	-0.0035706214012160018
6.	-0.0017520292909328121	-0.0021534627772186975	-0.0009620845032840904	-0.0014054225791247047	-0.0004810373377163016	0.0017851967999999996	-0.0039405312
6.200000000000001	-0.0019592805970335097	-0.0023856425231983678	-0.0010865607470726102	-0.0015816279174011348	-0.0005432798740334685	0.0017535530908160003	-0.004334263513984003
6.4	-0.002182590867783314	-0.002634225765349367	-0.0012220767087135697	-0.0017726560284420938	-0.000611043101094488	0.0017068321669119991	-0.0047524484218880005
6.600000000000001	-0.00242256403257505	-0.002899785731330495	-0.0013691695227224846	-0.0019791482755094985	-0.0006845939015328456	0.0016442630138879992	-0.005195705910912003
6.800000000000001	-0.0026798005564189382	-0.0031828891786847054	-0.0015283805470900635	-0.002201743690282713	-0.000764199676095684	0.0015650853539839991	-0.005664645922816002
7.	-0.00295489717666604	-0.0034841007338156415	-0.0017002538225283738	-0.0024410807889176144	-0.0008501340698326171	0.001468549599999998	-0.006159868400000002
7.200000000000001	-0.0032484466562497645	-0.003803985023126947	-0.0018853335943601664	-0.00269779320463587	-0.0009426719630166252	0.0013539168092159982	-0.006681963331584002
7.4	-0.0035610375520023466	-0.004143105811319556	-0.0020841674342285572	-0.0029725126649117316	-0.001042087714977872	0.001220458637311999	-0.007231510799488004
7.600000000000001	-0.0038932539968040197	-0.004502018002560617	-0.002297304371609077	-0.0032658686012065137	-0.001148655707771834	0.0010674572922879993	-0.007809081024512003
7.800000000000001	-0.004245675494489218	-0.004881272279491766	-0.0025252931303553126	-0.003578482536688808	-0.0012626503149495156	0.0008942054883839968	-0.008415234412416005
8.	-0.004618876726573141	-0.005281419315601929	-0.0027686831228251286	-0.0039109743649230234	-0.0013843457135215126	0.0007000063999999962	-0.009050521600000003
8.200000000000001	-0.005013427369977762	-0.005703009208760902	-0.0030280234952071903	-0.004263960191541456	-0.0015140160636091388	0.00048417361561599835	-0.009715483501184006
8.4	-0.00542989192503339	-0.006146582421618601	-0.0033038626787900943	-0.0046380470677175305	-0.0016519358600678195	0.0002460310917119981	-0.010410651353088003
8.600000000000001	-0.005868829553113252	-0.006612672170649411	-0.0035967491420645864	-0.005033840967007187	-0.0017983792968696184	-0.000015086893312003455	-0.011136546762112006
8.8	-0.0063307939233272995	-0.007101811524828047	-0.003907229253236768	-0.005451943093301249	-0.0019536190301031723	-0.0002998357852160016	-0.011893681750016004
9.	-0.006816333067759379	-0.007614534441414698	-0.004235847107971216	-0.0058929406952291635	-0.00211792766078281	-0.000608860800000003	-0.0126825588
9.200000000000001	-0.0073259892447813425	-0.008151368975724608	-0.004583146747380918	-0.006357419244097333	-0.0022915776687850433	-0.0009427969699840038	-0.013503670902784006
9.4	-0.007860298810019633	-0.008712823582645152	-0.004949669768406305	-0.006845964076411572	-0.002474839023761654	-0.0013022691898879994	-0.014357501602688
9.600000000000001	-0.008419792094586372	-0.009299404862940116	-0.00533595306571598	-0.007359150776849979	-0.0026679802727043057	-0.0016878922629120045	-0.015244525043712008
9.8	-0.009004993290217674	-0.009911619417373264	-0.005742533096811274	-0.0078975397695978	-0.002871269959285155	-0.002100270946816	-0.016165206015616003
10.	-0.009616420340989555	-0.010549973846708376	-0.006169946178660048	-0.008461690224385357	-0.0030849757784452876	-0.0025400000000000006	-0.017120000000000003
10.200000000000001	-0.01025458484130485	-0.011214974618776744	-0.006618719025440576	-0.00905216106239385	-0.0033093612196481957	-0.003007664227584004	-0.018109353216384006
10.4	-0.01091999193986594	-0.01190711621094228	-0.007089374827814019	-0.00966949964373244	-0.003544688614362102	-0.0035038385274880034	-0.019133702668288007
10.600000000000001	-0.01161314024936598	-0.012626872062362503	-0.007582436776441551	-0.010314237499962194	-0.0037912202975343276	-0.004029087936512004	-0.020193476189312005
10.8	-0.01233452176164788	-0.013374713503399879	-0.008098428021506402	-0.010986905044555009	-0.004049216758949124	-0.004583967676416008	-0.02128909248921601
11.	-0.013084621768095009	-0.014151111864416897	-0.008637864589863186	-0.011688032321841025	-0.004318933423875433	-0.005169023200000001	-0.0224209612
11.2	-0.013863918785030495	-0.014956538475776038	-0.009201251170627351	-0.012418136306235452	-0.004600624906444693	-0.005784790237183993	-0.02358948292198399
11.400000000000002	-0.014672884483914421	-0.015791464643597337	-0.009789091561718252	-0.013177717865149928	-0.004894546012763288	-0.006431794841088002	-0.024795049269888007
11.600000000000001	-0.015511983626138683	-0.01665635145650552	-0.010401889561055208	-0.013967276884525953	-0.005200949654043403	-0.007110553434112009	-0.026038042918912013
11.8	-0.01638167400222937	-0.017551634190787275	-0.011040147565341251	-0.014787312763442076	-0.005520080379492224	-0.007821572854016006	-0.02731883765081601
12.	-0.017282406375276206	-0.01847774412443814	-0.01170435390772621	-0.015638310678593587	-0.005852181543904919	-0.008565350400000001	-0.0286377984
12.2	-0.018214624428416468	-0.01943511253545366	-0.012394989276660658	-0.01652073974958498	-0.006197496502076654	-0.009342373878783995	-0.029995281299583995
12.400000000000002	-0.01917876471620898	-0.02042417070182939	-0.01311253430043613	-0.01743506824149349	-0.006556268608802599	-0.010153121650688008	-0.031391633727488016
12.600000000000001	-0.020175256619741594	-0.02144534990156084	-0.013857469610126266	-0.01838176380274481	-0.0069287395754791935	-0.010998062675712017	-0.032827194352512024
12.8	-0.021204522305321886	-0.02249907539644924	-0.01463026998997988	-0.019361278860968643	-0.007315141241343175	-0.011877656559616	-0.034302293180416
13.	-0.022266976686607723	-0.023585744210340022	-0.015431393005421512	-0.020374050056261642	-0.007715702092386898	-0.0127923536	-0.0358172516
13.2	-0.02336302739004048	-0.02470574508951502	-0.016261293161446755	-0.02142051329871447	-0.008130650614476214	-0.013742594832383999	-0.037372382429184
13.400000000000002	-0.024493074723449245	-0.025859466779188302	-0.017120424963051207	-0.022501104794318022	-0.008560215293476985	-0.014728812076288018	-0.03896798996108803
13.600000000000001	-0.025657511647700238	-0.027047298024573875	-0.01800924241180425	-0.023616247234079624	-0.009004624257220265	-0.01575142798131201	-0.04060437001011201
13.8	-0.026856723751270763	-0.028269627570885796	-0.018928186269270883	-0.024766340055200814	-0.009464097530720184	-0.016810856073215998	-0.042281809958016
14.	-0.028091089227631694	-0.029526841045972627	-0.019877683315571285	-0.025951781033239325	-0.009938847422748242	-0.017907500800000007	-0.04400058880000001
14.200000000000003	-0.029360978855327763	-0.030819297248721983	-0.020858159677855523	-0.0271729679437529	-0.010429085952756266	-0.01904175757798402	-0.045760977190784036
14.400000000000002	-0.030666755980648736	-0.03214734129300266	-0.02187004148327363	-0.028430298439668128	-0.010935025140196062	-0.020214012837888005	-0.04756323749068801
14.600000000000001	-0.03200877650279001	-0.03351131818344945	-0.022913751818774416	-0.029724156298744895	-0.011456877000547162	-0.021424644070912005	-0.049407623811712015
14.8	-0.03338738886140376	-0.03491157292469712	-0.023989694312701978	-0.03105489896208514	-0.011994849247469056	-0.02267401987481602	-0.05129438206361602
15.	-0.03480293402644692	-0.03634845052138044	-0.025098264995939073	-0.032422880936230594	-0.012549138130872611	-0.023962500000000005	-0.05322375000000001
15.200000000000003	-0.03625574549023548	-0.037822294583337746	-0.026239859884013207	-0.03382845672772302	-0.01311993804765352	-0.025290435395584017	-0.055195957264384025
15.400000000000002	-0.037746149261618435	-0.03933342527602594	-0.027414875137349956	-0.03527198084309516	-0.013707443394707447	-0.026658168255488016	-0.057211225436288024
15.600000000000001	-0.03927446386218798	-0.04088214330399769	-0.028623701178863526	-0.03675380020621459	-0.014311848568930084	-0.028066032064512025	-0.059269768077312025
15.8	-0.040841000324445986	-0.042468748782337064	-0.029866703508008557	-0.03827423303592405	-0.014933346660661465	-0.029514351644416	-0.061371790777215995
16.	-0.0424460621918497	-0.044093541826128124	-0.031144242733460937	-0.039833590763764366	-0.015572119451827023	-0.031003443200000022	-0.06351749120000003
16.200000000000003	-0.044089945520663025	-0.04575682255045497	-0.03245667946389658	-0.0414321848212764	-0.016228342985899705	-0.032533614365184045	-0.06570705912998405
16.400000000000002	-0.04577293888354278	-0.04745889065616954	-0.03380437430799134	-0.04307032664000091	-0.01690219326382735	-0.034105164249088035	-0.06794067651788804
16.6	-0.04749532337479115	-0.049200027758776646	-0.03518768737930522	-0.04474832436821677	-0.01759384628655783	-0.035718383482112016	-0.07021851752691202
16.8	-0.04925737261720952	-0.05098049076486384	-0.03660696155987528	-0.04646645972084547	-0.01830347790136704	-0.03737355426201602	-0.07254074857881603
17.	-0.05105935277049048	-0.05280053480151121	-0.03806251844984304	-0.04822500166126679	-0.019031256521826544	-0.03907095040000001	-0.07490752840000002
17.200000000000003	-0.0529015225410878	-0.054660414995798864	-0.03955467833286564	-0.05002421907063056	-0.019777340030065482	-0.040810837366784036	-0.07731900806758404
17.400000000000002	-0.05478413319350681	-0.05656038647480682	-0.041083761492600145	-0.051864380830086536	-0.020541885513827705	-0.04259347233868802	-0.07977533105548802
17.6	-0.056707428562958524	-0.0585007043156923	-0.0426500882127037	-0.05374575480470283	-0.0213250500608571	-0.04441910424371201	-0.08227663328051202
17.8	-0.058671645069324534	-0.06048161120442234	-0.044253977139933516	-0.055668588181913704	-0.02212699075889753	-0.046287973807616026	-0.08482304314841602
18.	-0.060677011732381596	-0.06250332123908192	-0.0458957241425806	-0.05763310886506696	-0.022947863902460335	-0.0482003136	-0.0874146816
18.200000000000003	-0.0627237501882359	-0.06456604449964164	-0.04757560841142699	-0.05963954402056359	-0.023787811358171825	-0.050156348080384036	-0.09005166215718403
18.400000000000002	-0.06481207470691963	-0.06666999106607192	-0.04929390875642965	-0.06168812081480447	-0.02464696848983975	-0.05215629364428803	-0.09273409096908804
18.6	-0.06694219221110519	-0.06881537101834335	-0.051050903987545665	-0.06377906626322057	-0.0255254706612053	-0.05420035866931203	-0.09546206685811204
18.8	-0.06911430229589148	-0.07100239443642646	-0.052846872914732064	-0.06591259367723616	-0.02642345323600966	-0.056288743561216	-0.098235681366016
19.	-0.07132859724962218	-0.0732312649868657	-0.05468209087205171	-0.06808889191490017	-0.027341051577994005	-0.05842164080000002	-0.10105501880000002
19.200000000000003	-0.07358526207569366	-0.07550215656223012	-0.05655680702350181	-0.07030814730500898	-0.028278401023765318	-0.060599234985984046	-0.10392015627878405
19.400000000000002	-0.07588447451531496	-0.07781523442772188	-0.058471258615418145	-0.07257054617635884	-0.02923563019636647	-0.06282170288588804	-0.10683116377868804
19.6	-0.07822640507118309	-0.08017066384775527	-0.060425682833900256	-0.07487627485753189	-0.030212852413229685	-0.06508921347891203	-0.10978810417971203
19.8	-0.08061121703203539	-0.08256861008674454	-0.06242031686504763	-0.07722551236680461	-0.031210178879921585	-0.06740192800281603	-0.11279103331161602
20.	-0.08303906649804658	-0.08500923840910395	-0.06445539789495976	-0.07961841121761658	-0.03222772080200881	-0.06976	-0.11584000000000001
20.200000000000003	-0.08551010240703771	-0.08749271155759111	-0.06653115666551974	-0.08205511792022015	-0.03326558938505799	-0.07216357536358407	-0.11893504611238408
20.400000000000002	-0.08802446656146203	-0.09001916632652637	-0.06864779633299808	-0.08453577898486758	-0.03432389583463573	-0.07461279238348802	-0.12207620660428803
20.6	-0.09058229365614276	-0.0925887242503165	-0.07080551267590357	-0.08706054092181126	-0.035402751040787495	-0.07710778179251201	-0.12526350956531201
20.8	-0.0931837113067272	-0.09520150666862315	-0.07300450147268402	-0.08962954712920869	-0.03650225546720335	-0.07964866681241604	-0.12849697626521606
21.	-0.09582884007883286	-0.09785763492110802	-0.07524495850178725	-0.09224291680511787	-0.037622497027091764	-0.08223556319999999	-0.13177662119999997
21.200000000000003	-0.09851779351785889	-0.10055723034743283	-0.0775270795123592	-0.09490075781741211	-0.03876356288913389	-0.08486857929318406	-0.13510245213798405
21.400000000000002	-0.10125067817943345	-0.1033004136190184	-0.07985104961262887	-0.09760317796951197	-0.03992554022201081	-0.087547816057088	-0.13847447016588801
21.6	-0.10402759366047473	-0.10608728608751622	-0.08221702752979732	-0.10035028506483819	-0.04110851619440366	-0.09027336713011205	-0.14189266973491205
21.8	-0.10684863263084225	-0.10891792732284868	-0.08462516797492911	-0.10314218594268804	-0.04231257797499356	-0.09304531887001599	-0.145357038706816
22.	-0.10971388086555137	-0.11179241573272801	-0.08707562565908886	-0.1059789686018212	-0.04353781160128826	-0.0958637504	-0.1488675584
22.200000000000003	-0.11262341727753342	-0.11471082972486646	-0.08956855529334118	-0.1088607038952349	-0.04478428960818745	-0.09872873365478409	-0.1524242036355841
22.400000000000002	-0.11557731395091823	-0.11767324770697613	-0.09210411131041582	-0.11178746205154683	-0.04605207565076516	-0.10164033342668805	-0.15602694278348805
22.6	-0.11857563617481592	-0.12067974802774581	-0.09468243285944872	-0.11475931329937483	-0.04734123322846714	-0.10459860741171201	-0.15967573780851202
22.8	-0.12161844247758509	-0.12373039711132217	-0.09730363619327842	-0.11777632772445976	-0.04865182584073911	-0.10760360625561602	-0.163370544316416
23.	-0.12470578466155953	-0.126825235128059	-0.09996783568615406	-0.1208385630570355	-0.04998391698702681	-0.11065537359999998	-0.16711131159999998
23.200000000000003	-0.12783770783822462	-0.12996429875525603	-0.10267514571232486	-0.12394605533326164	-0.05133757016677598	-0.11375394612838408	-0.17089798268518408
23.400000000000002	-0.13101425046381623	-0.133147624670213	-0.10542568064603987	-0.12709883839254663	-0.05271284617672443	-0.11689935361228804	-0.17473049437708804
23.6	-0.1342354443753367	-0.13637524955022964	-0.10821955459191585	-0.1302969460742991	-0.05410979067406156	-0.12009161895731207	-0.17860877730611208
23.8	-0.13750131482695935	-0.13964721007260578	-0.11105686411738806	-0.1335404122176732	-0.055528444047512567	-0.12333075824921602	-0.18253275597401603
24.	-0.14081188052681676	-0.14296353703445772	-0.11393768267718113	-0.13682926410869753	-0.05696884668046846	-0.1266167808	-0.1865023488
24.200000000000003	-0.14416715367415128	-0.14632423438104286	-0.11686208233759966	-0.14016350562773983	-0.05843103895632026	-0.12994968919398403	-0.19051746816678405
24.400000000000002	-0.14756713999681526	-0.1497292984117859	-0.11983013516494813	-0.14354313543732186	-0.059915061258458906	-0.13332947933388803	-0.19457802046668804
24.6	-0.15101183878911054	-0.15317872542580194	-0.12284191322553112	-0.1469681521999656	-0.06142095396419512	-0.1367561404869121	-0.19868390614771209
24.8	-0.15450124294994785	-0.15667251172220595	-0.12589748858565322	-0.15043855457819286	-0.06294875224515917	-0.14022965533081605	-0.20283501975961604
25.	-0.1580353390213173	-0.16021065360011294	-0.12899692839491406	-0.1539543384575872	-0.06449847658597879	-0.14375	-0.20703125
25.200000000000003	-0.16161410722706046	-0.1637931450590973	-0.13214027111228258	-0.1575154784369171	-0.06607014490029571	-0.14731714413158414	-0.21127247976038416
25.400000000000002	-0.16523752151192356	-0.1674199569583053	-0.13532754483712756	-0.16112193927661733	-0.06766377510175157	-0.150931050911488	-0.215558586172288
25.6	-0.16890554958089077	-0.1710910467973986	-0.138558777655423	-0.16477368568445505	-0.06927938510398811	-0.15459167712051203	-0.219889440653312
25.8	-0.17261815293878147	-0.17480637191589074	-0.1418339976531428	-0.1684706823681974	-0.07091699282064702	-0.15829897318041597	-0.224264908953216
26.	-0.17637528693009807	-0.1785658896532954	-0.14515323291626098	-0.17221289318029506	-0.07257661645503291	-0.16205288320000003	-0.22868485120000004
26.200000000000003	-0.18017690077912302	-0.18236955734912624	-0.14851651146480507	-0.17600026550012476	-0.07425827025934342	-0.165853345021184	-0.23314912194598403
26.400000000000002	-0.18402293763024619	-0.18621733296712553	-0.15192384901859646	-0.1798327318527248	-0.0759619502801818	-0.16970029026508798	-0.23765757021388798
26.6	-0.18791333458852222	-0.19010916375134784	-0.15537523468743447	-0.1837102242323835	-0.07768764960115943	-0.17359364437811206	-0.24221003954291206
26.8	-0.1918480227604404	-0.19404496726640819	-0.15887065411036178	-0.18763267463338912	-0.07943536130588767	-0.17753332667801602	-0.24680636803481604
27.	-0.19582692729490356	-0.19802465783350753	-0.16241009292642103	-0.19160001492243056	-0.08120507847797792	-0.18151925040000005	-0.25144638840000005
27.200000000000003	-0.19984996742441066	-0.20204814977384702	-0.165993536774655	-0.19561216621274144	-0.08299679420104156	-0.18555132274278408	-0.2561299280035841
27.4	-0.2039170565064258	-0.20611535740862746	-0.16962097129410614	-0.19966903090596935	-0.08481050155868985	-0.1896294449146879	-0.2608568089114879
27.6	-0.2080281020649351	-0.2102261950590501	-0.17329238098704355	-0.2037705095320116	-0.08664619363453431	-0.193753512179712	-0.26562684793651203
27.800000000000004	-0.212183005832183	-0.21438057704631583	-0.1770077295262492	-0.2079165026207649	-0.08850386253875078	-0.19792341390361606	-0.27043985668441606
28.	-0.2163816637905724	-0.2185784174895048	-0.1807669623604523	-0.21210691070187307	-0.09038348598515894	-0.20213903360000007	-0.2752956416000001
28.200000000000003	-0.22062396621473698	-0.22281961439425882	-0.18457002432513048	-0.21634162862647355	-0.09228503071395873	-0.20640024897638407	-0.28019400401318406
28.4	-0.22490979771376154	-0.22710403844503288	-0.18841686025576077	-0.22062053114937452	-0.09420846319100318	-0.21070693198028795	-0.28513474018508794
28.6	-0.22923903727356384	-0.2314315577036878	-0.19230741498782083	-0.2249434885896612	-0.09615374988214564	-0.2150589488453121	-0.2901176413541121
28.800000000000004	-0.23361155829941127	-0.235802040232084	-0.19624163335678785	-0.22931037126641837	-0.09812085725323921	-0.21945616013721606	-0.29514249378201607
29.	-0.2380272286585865	-0.2402153540920819	-0.20021945556241444	-0.2337210494987307	-0.100109751770137	-0.22389842079999997	-0.3002090788
29.200000000000003	-0.2424859107231777	-0.24467136734554232	-0.2042407961524827	-0.23817539121232864	-0.10212039989869236	-0.22838558020198407	-0.3053171728547841
29.4	-0.24698746141300773	-0.24916994805432552	-0.2083055608683187	-0.24267324615165567	-0.10415276810475829	-0.23291748218188796	-0.31046654755468794
29.6	-0.2515317322386779	-0.25371096426777023	-0.21241365544385105	-0.24721445572790693	-0.10620682017311593	-0.2374939650949121	-0.3156569697157121
29.800000000000004	-0.2561185693447382	-0.2582942737374908	-0.21656498561300805	-0.25179886130948953	-0.10828250355700039	-0.2421148618588162	-0.3208882014076162
30.	-0.260747813552963	-0.2629197058835241	-0.22075945710971792	-0.2564263042648106	-0.11037975959202528	-0.24678	-0.32616
30.200000000000003	-0.26541930040574835	-0.2675870853384706	-0.22499697558960668	-0.2610966252266621	-0.11249852960434942	-0.2514892016995841	-0.33147211820838407
30.4	-0.27013286020960203	-0.27229623673493014	-0.2292774353467731	-0.2658096508338617	-0.11463875492013133	-0.256242283839488	-0.33682430414028797
30.6	-0.27488831807874436	-0.2770469847055032	-0.2336007076043575	-0.2705651952064313	-0.1168003768655298	-0.26103905804851196	-0.342216301341312
30.800000000000004	-0.27968549397880277	-0.2818391538827898	-0.23796666079654857	-0.27536307202460264	-0.11898333676670343	-0.26587933074841613	-0.34764784884121613
31.	-0.2845242027705971	-0.28667256889938986	-0.24237516335753506	-0.2802030949686073	-0.1211875759498108	-0.2707629032	-0.3531186812
31.200000000000003	-0.28940425425402583	-0.2915470543879039	-0.2468260837215062	-0.2850850776083719	-0.1234130357357222	-0.27568957154918416	-0.35862852855398414
31.4	-0.29432545321201686	-0.29646242908386555	-0.2513192903226505	-0.29000882442871523	-0.12565965198567658	-0.280659126873088	-0.364177116661888
31.6	-0.2992875994545876	-0.3014184847358854	-0.25585465245070543	-0.294974124236538	-0.12792734513665407	-0.285671355226112	-0.36976416695091197
31.800000000000004	-0.30429048786296836	-0.30641500545485295	-0.2604320262488072	-0.29998076428832793	-0.13021603294504233	-0.29072603768601607	-0.3753893965628161
32.	-0.30933390843380104	-0.31145177535283475	-0.2650512412266048	-0.3050285318405726	-0.13252563316722893	-0.29582295040000023	-0.3810525184000002
32.2	-0.3144176463234241	-0.31652857854189786	-0.2697121249927938	-0.31011721414952026	-0.13485606355960172	-0.300961864630784	-0.38675324117158405
32.4	-0.31954148189221565	-0.32164519913410866	-0.27441450515606913	-0.31524659370018365	-0.13720724187854824	-0.30614254680268804	-0.39249126943948803
32.6	-0.32470519074900855	-0.3268014212415343	-0.27915820932512625	-0.32041643624723176	-0.1395790858804563	-0.31136475854771195	-0.398266303664512
32.800000000000004	-0.32990854379557777	-0.3319970289762413	-0.28394306510866024	-0.3256265038900137	-0.14197151332171357	-0.3166282567516162	-0.4040780402524162
33.	-0.3351513072711754	-0.3372318034003089	-0.2887689001153661	-0.33087655872787847	-0.14438444177380697	-0.3219327936	-0.4099261716
33.2	-0.34043324279714243	-0.34250550197741647	-0.2936355419539394	-0.33616636286017587	-0.1468177801022729	-0.3272781166243841	-0.4158103861411841
33.400000000000006	-0.34575410742156576	-0.34781787128037905	-0.29854281392405985	-0.3414956763861882	-0.14927142503161345	-0.33266396874828824	-0.42173036839308825
33.6	-0.3511136536639969	-0.35316865783014695	-0.30349051140121247	-0.3468642443712963	-0.1517452723984565	-0.3380900883333121	-0.4276857990021121
33.800000000000004	-0.35651162956022664	-0.35855760814767096	-0.30847841874699916	-0.35227180505831535	-0.15423921803943025	-0.343556209225216	-0.43367635479001604
34.	-0.3619477787071013	-0.36398446875390117	-0.31350632030179154	-0.3577180966568231	-0.1567531577911624	-0.34906206080000013	-0.4397017088000001
34.2	-0.3674218403073963	-0.36944898616978844	-0.31857400040596184	-0.36320285737639824	-0.15928698749028114	-0.3546073680099841	-0.4457615303427841
34.400000000000006	-0.37293354921474015	-0.374950906916283	-0.32368124339988186	-0.3687258248138253	-0.16184060297341435	-0.3601918514298882	-0.4518554850426882
34.6	-0.37848263597857	-0.38048997616030383	-0.3288278336239233	-0.3742867250807751	-0.16441390007718987	-0.36581522730291205	-0.45798323488371206
34.800000000000004	-0.3840688268891485	-0.3860659200184221	-0.3340135554184586	-0.37988527411501316	-0.16700677380432077	-0.3714772075868161	-0.46414443825561613
35.	-0.389691844022607	-0.3916784507061112	-0.3392381931200445	-0.3855211875044962	-0.16961910789003862	-0.3771775	-0.47033875
35.2	-0.3953514052860439	-0.3973272801365272	-0.34450152225896574	-0.3911941808371817	-0.1722507780734638	-0.38291580806758413	-0.47656582145638415
35.400000000000006	-0.40104722446264435	-0.4030121202228255	-0.34980329205618926	-0.3969039696085321	-0.17490165993149473	-0.3886918311674882	-0.4828253005082882
35.6	-0.4067790112568555	-0.40873268287816167	-0.35514324692692134	-0.4026502619144286	-0.17757162904102972	-0.39450526457651214	-0.4891168316293121
35.800000000000004	-0.4125464713395865	-0.4144886800156916	-0.360521131286369	-0.4084327532200235	-0.18026056097896748	-0.4003557995164161	-0.4954400559292161
36.	-0.4183493063934394	-0.4202798235485707	-0.3659366895497383	-0.41425113776050704	-0.18296833132220627	-0.4062431232	-0.5017946112
36.2	-0.4241872141579918	-0.4261058251481348	-0.37138966613223623	-0.42010510977107013	-0.18569481564764476	-0.4121669188771841	-0.5081801319619841
36.400000000000006	-0.4300598884750875	-0.431966383815137	-0.3768798054490691	-0.4259943634866788	-0.1884398895321813	-0.41812686588108816	-0.5145962495098881
36.6	-0.43596701933417087	-0.4378611802225533	-0.3824068519154434	-0.43191858928518506	-0.1912034264206059	-0.42412263967411207	-0.5210425919589121
36.800000000000004	-0.44190829291765177	-0.44378989363247556	-0.38797054968667843	-0.4378774641929504	-0.1939852875738221	-0.43015391189401625	-0.5275187842908162
37.	-0.4478833916462939	-0.44975220330699484	-0.39357062882980437	-0.44387066236151573	-0.19678533000882106	-0.43622035039999985	-0.5340244483999999
37.2	-0.45389199422463167	-0.455747788508203	-0.39920679882400195	-0.4498978579424226	-0.19960341074152677	-0.4423216193187843	-0.5405592031395843
37.400000000000006	-0.4599337756864105	-0.4617763284981914	-0.40487876755886976	-0.45595872508721197	-0.202439386787863	-0.448457379090688	-0.547122664367488
37.6	-0.4660084074400574	-0.4678375025390512	-0.41058624292400625	-0.46205293634343614	-0.20529311516375356	-0.454627286515712	-0.553714444992512
37.800000000000004	-0.4721155573141754	-0.4739309898928743	-0.4163289328090105	-0.46818015238326827	-0.2081644528851225	-0.4608309947996161	-0.5603341550204162
38.	-0.4782548896030493	-0.48005646799911045	-0.42210654510348083	-0.4743400285678139	-0.21105325696789348	-0.4670681536000002	-0.5669814016000002
38.2	-0.48442606511219394	-0.4862135960769969	-0.4279187876970163	-0.4805322202343849	-0.21395938442271453	-0.4733384090723841	-0.5736557890691841
38.400000000000006	-0.490628741203905	-0.4924020231211068	-0.4337653684792155	-0.48675638272029265	-0.21688268812454653	-0.4796414039162882	-0.5803569190010882
38.6	-0.49686257184283683	-0.4986213980324244	-0.4396459941022356	-0.4930121708736305	-0.21982300999452897	-0.4859767774213122	-0.5870843902501122
38.800000000000004	-0.5031272076416103	-0.5048713697119346	-0.4455603531234261	-0.49929923057362524	-0.2227801902099159	-0.49234416551321614	-0.5938377989980161
39.	-0.509422295906417	-0.5111515870606214	-0.45150812065444124	-0.5056171998730489	-0.22575406894796096	-0.4987432007999999	-0.6006167387999999
39.2	-0.5157474806826661	-0.5174616989794696	-0.4574889715114246	-0.5119657165646313	-0.22874448638591813	-0.5051735126179842	-0.6074208006307842
39.400000000000006	-0.5221024028006305	-0.5238013543694636	-0.463502580510519	-0.5183444184411018	-0.23175128270104117	-0.5116347270778883	-0.6142495729306883
39.6	-0.5284866999211206	-0.5301702021315877	-0.4695486224678674	-0.5247529432206158	-0.2347742980705838	-0.5181264671109123	-0.6211026416517123
39.800000000000004	-0.5349000065811653	-0.5365678870650438	-0.47562677219961336	-0.5311909229110638	-0.23781337267180006	-0.5246483525148161	-0.6279795903036162
40.	-0.5413419542397145	-0.5429940359335844	-0.48173670452189954	-0.5376579799399913	-0.24086834653122507	-0.5312	-0.63488
40.2	-0.5478121713233619	-0.5494482707567213	-0.4878780942508695	-0.5441537358252888	-0.243939053398315	-0.5377810232355841	-0.6418034495043841
40.400000000000006	-0.5543102832720694	-0.5559302135593615	-0.49405061299055913	-0.5506778120848465	-0.24702531886014034	-0.5443910328954884	-0.6487495152762884
40.6	-0.5608359125849016	-0.5624394863664116	-0.5002539129627777	-0.5572298302363459	-0.25012696798286527	-0.5510296367045121	-0.6557177715173121
40.800000000000004	-0.5673886788658071	-0.5689757112027793	-0.5064876393698279	-0.5638094088564013	-0.25324382583265426	-0.5576964394844163	-0.6627077902172163
41.	-0.5739681988693603	-0.5755385100933711	-0.5127514374149812	-0.5704161565523371	-0.2563757174756714	-0.5643910431999998	-0.6697191411999999
41.2	-0.5805740865465747	-0.5821275050630944	-0.5190449523015099	-0.5770496798370573	-0.25952246797808115	-0.5711130470051842	-0.6767513921699841
41.400000000000006	-0.5872059530906599	-0.5887423180998614	-0.5253678292326857	-0.5837095852234655	-0.26268390240604783	-0.5778620472890883	-0.6838041087578883
41.6	-0.5938634069828606	-0.5953825640441794	-0.53171971341178	-0.5903954792244647	-0.26585984582573546	-0.5846376377221121	-0.6908768545669122
41.800000000000004	-0.600546054038248	-0.6020478431943831	-0.5381002500420655	-0.5971069671456793	-0.2690501226851478	-0.5914394093020164	-0.6979691912188164
42.	-0.6072534974515611	-0.6087377541983233	-0.5445090843231154	-0.6038436455785646	-0.2722545497708881	-0.5982669503999999	-0.7050806783999999
42.2	-0.6139853378430342	-0.615451895703852	-0.5509458552490086	-0.6106051073153373	-0.2754729388531053	-0.605119846806784	-0.7122108739075841
42.400000000000006	-0.6207411733042489	-0.62218986635882	-0.5574101846805033	-0.6173909451338389	-0.27870510162890644	-0.6119976817786882	-0.7193593336954882
42.6	-0.6275205994439814	-0.6289512648110787	-0.5639016916926125	-0.6242007518119103	-0.2819508497953983	-0.6189000360837122	-0.7265256119205122
42.800000000000004	-0.6343232094340742	-0.6357356897084797	-0.5704199953603498	-0.6310341197619139	-0.2852099950496882	-0.6258264880476161	-0.733709260988416
43.	-0.6411485940552932	-0.642542739698874	-0.576964714758728	-0.6378906349452649	-0.2884823490888829	-0.6327766136000003	-0.7409098316000002
43.2	-0.6479963417432365	-0.649372013050983	-0.5835354689627608	-0.644769877845024	-0.2917677236100897	-0.6397499863203844	-0.7481268727971844
43.400000000000006	-0.6548660386341909	-0.6562230984295994	-0.5901318770474611	-0.6516714287739308	-0.29506593031041545	-0.6467461774842882	-0.7553599320090882
43.6	-0.6617572686110438	-0.6630955749586902	-0.5967535580878419	-0.658594868044725	-0.2983767794060865	-0.6537647561093118	-0.7626085550981119
43.800000000000004	-0.6686696133491892	-0.669989021416916	-0.6034001309587985	-0.6655397759135248	-0.301700073364829	-0.6608052890012163	-0.7698722864060162
44.	-0.6756026523624281	-0.676903016582936	-0.6100712052465965	-0.6725057286165241	-0.30503561225846154	-0.6678673407999999	-0.7771506687999998
44.2	-0.6825559630488844	-0.6838371392354107	-0.6167663781794298	-0.6794922958607684	-0.30838319616379295	-0.6749504740259842	-0.7844432437187842
44.400000000000006	-0.6895291207369422	-0.6907909681529998	-0.6234852462044892	-0.686499046763897	-0.3117426251576317	-0.6820542491258885	-0.7917495512186885
44.6	-0.6965216987311553	-0.697764082114363	-0.6302274057689651	-0.6935255504435488	-0.31511369931678634	-0.6891782245189123	-0.7990691300197122
44.800000000000004	-0.7035332683582014	-0.7047560598981607	-0.636992453320049	-0.7005713760171717	-0.3184962187180658	-0.6963219566428164	-0.8064015175516164
45.	-0.7105633990127976	-0.7117664790941303	-0.6437799853049311	-0.7076360905776191	-0.3218899834382785	-0.7034850000000001	-0.8137462500000001
45.2	-0.7176116582036777	-0.7187949069753913	-0.650589598170803	-0.7147192546314862	-0.3252947935494929	-0.710666907203584	-0.8211028623523842
45.400000000000006	-0.7246776115995254	-0.7258409059557315	-0.657420888364855	-0.7218204273713575	-0.3287104464410804	-0.7178672290234882	-0.8284708884442882
45.6	-0.7317608230749194	-0.7329040384574872	-0.6642734514780804	-0.7289391679898178	-0.33213673315465286	-0.7250855144325122	-0.8358498610053122
45.800000000000004	-0.7388608547563273	-0.7399838669029957	-0.6711468720962792	-0.7360750356794522	-0.33557344389810717	-0.7323213106524161	-0.8432393117052162
46.	-0.7459772670680342	-0.7470799537145929	-0.6780407276233091	-0.7432275888223727	-0.3390203688793397	-0.7395741631999999	-0.8506387711999999
46.2	-0.753109618778149	-0.7541918613146162	-0.6849545953828547	-0.7503963802483522	-0.3424772983062472	-0.7468436159331843	-0.8580477691779842
46.400000000000006	-0.7602574670445477	-0.7613191521254019	-0.6918880526985999	-0.7575809604999314	-0.3459440223867261	-0.7541292110970885	-0.8654658344058885
46.6	-0.7674203674608716	-0.7684613885692865	-0.6988406768942284	-0.7647808801146916	-0.34942033132867295	-0.7614304893701124	-0.8728924947749124
46.800000000000004	-0.7745978741025035	-0.7756181306668196	-0.7058120452934248	-0.7719956896302147	-0.3529060153399845	-0.768746989910016	-0.880327277346816
47.	-0.7817895395725568	-0.7827889296257695	-0.7128017352198729	-0.7792249393423356	-0.3564008645201993	-0.7760782504	-0.8877697084
47.2	-0.7889949150478613	-0.7899733350222844	-0.7198093239972573	-0.786468175614163	-0.35990466527398896	-0.7834238070947844	-0.8952193134755844
47.400000000000006	-0.7962135503249639	-0.7971708964403094	-0.7268343869343613	-0.7937249416789041	-0.3634171998688665	-0.7907831948666885	-0.9026756174234885
47.6	-0.8034449938661158	-0.8043811634637897	-0.7338764887915109	-0.8009947806891766	-0.3669382504003164	-0.798155947251712	-0.9101381444485119
47.800000000000004	-0.8106887928452887	-0.8116036856766717	-0.740935191262776	-0.8082772357975994	-0.3704675989638236	-0.8055415964956163	-0.9176064181564163
48.	-0.8179444931941477	-0.8188380126629001	-0.7480100560616924	-0.8155718515442275	-0.37400502765487226	-0.8129396736000002	-0.9250799616000003
48.2	-0.8252116396481093	-0.8260836940064212	-0.755100644901797	-0.8228781926374324	-0.3775503185689473	-0.8203497083683838	-0.9325582973251838
48.400000000000006	-0.8324897757922919	-0.8333402792620619	-0.7622065194966258	-0.8301957989860649	-0.38110325380153315	-0.8277712294522883	-0.9400409474170883
48.6	-0.8397784441075717	-0.8406073143679035	-0.7693272415597148	-0.83752419982725	-0.3846636154481142	-0.8352037643973126	-0.9475274335461126
48.800000000000004	-0.8470771860165753	-0.8478843398009485	-0.7764623728046008	-0.8448629243981143	-0.38823118521652306	-0.8426468396892162	-0.9550172770140162
49.	-0.8543855419297111	-0.8551708958276063	-0.7836114749414381	-0.8522115019357829	-0.3918057408605737	-0.8500999807999999	-0.9625099987999999
49.2	-0.8617030512911651	-0.8624665227142879	-0.7907741061934855	-0.8595694616773819	-0.39538705810948566	-0.8575627122339845	-0.9700051196067845
49.400000000000006	-0.869029252624962	-0.8697707607274032	-0.797949816971892	-0.8669363328600369	-0.39897491270478647	-0.8650345575738879	-0.977502159906688
49.6	-0.8763636835809536	-0.8770831501333621	-0.8051381568980249	-0.8743116447208734	-0.4025690803880038	-0.8725150395269121	-0.985000639987712
49.800000000000004	-0.8837058809808643	-0.8844032311985754	-0.8123386755932521	-0.8816949264970174	-0.4061693369006657	-0.880003679970816	-0.992500079999616
50.	-0.8910553808643018	-0.8917305441894529	-0.8195509226789404	-0.8890857074255942	-0.40977545798429954	-0.8875	-1.
50.2	-0.8984117185348227	-0.8990646291439082	-0.8267744477764576	-0.8964835167437302	-0.4133872193804333	-0.895003519971584	-1.007499920000384
50.400000000000006	-0.9057744286059313	-0.906405022336343	-0.834008800507171	-0.9038878836885507	-0.4170043968305947	-0.9025137595514885	-1.0149993600122884
50.6	-0.913143045047117	-0.9137512580781616	-0.8412535304924476	-0.911298337497181	-0.42062676527229376	-0.9100302377605123	-1.0224978400933122
50.800000000000004	-0.9205171012299208	-0.921102870840976	-0.8485081872181918	-0.9187144074067477	-0.42425409639902223	-0.9175524730204161	-1.0299948803932162
51.	-0.9278961299739293	-0.928459395096397	-0.8557723157961082	-0.9261356226543758	-0.42788616134758173	-0.9250799831999996	-1.0374900011999997
51.2	-0.9352796635928632	-0.9358203653160365	-0.8630454572603344	-0.9335615124771914	-0.431522731265213	-0.932612285661184	-1.044982722985984
51.400000000000006	-0.9426672339405675	-0.9431853159715058	-0.870327152659837	-0.9409916061123201	-0.43516357729915667	-0.9401488973050881	-1.052472566453888
51.6	-0.9500583724570917	-0.9505537815344157	-0.877616943043583	-0.9484254327968874	-0.4388084705966532	-0.9476893346181121	-1.0599590525829121
51.800000000000004	-0.9574526102147217	-0.9579252964763785	-0.8849143694605397	-0.9558625217680194	-0.4424571823049434	-0.9552331137180161	-1.0674417026748162
52.	-0.9648494779640221	-0.9652993947277353	-0.8922189729596741	-0.9633024022628415	-0.4461094835712677	-0.9627797504000003	-1.0749200384000004
52.2	-0.9722485061798897	-0.9726756078764697	-0.8995302945899536	-0.9707446035184796	-0.4497651455388214	-0.9703287601827841	-1.0823935818435841
52.400000000000006	-0.9796492251076009	-0.9800534680155345	-0.906847875400345	-0.9781886547720595	-0.45342393815910526	-0.9778796583546878	-1.0898618555514878
52.6	-0.9870511648088486	-0.9874325073462391	-0.9141712559807869	-0.9856340852607064	-0.4570856296789773	-0.9854319600197118	-1.0973243825765118
52.800000000000004	-0.9944538552078156	-0.9948122580698938	-0.9214999731170657	-0.9930804242215466	-0.46074998841279624	-0.9929851801436156	-1.1047806865244156
53.	-1.0018568261371987	-1.0021922523878077	-0.9288335626797459	-1.0005272008917054	-0.4644167826749204	-1.0005388336000005	-1.1122302916000004
53.2	-1.009259607384304	-1.009572022501291	-0.9361715606683947	-1.0079739445083091	-0.4680857807797084	-1.0080924352163843	-1.1196727226531842
53.400000000000006	-1.0166617287370427	-1.016951100611653	-0.9435135030825781	-1.0154201803914975	-0.4717567510415187	-1.0156454998202884	-1.1271075052250883
53.6	-1.024062720030036	-1.0243290189202032	-0.9508589259218627	-1.0228653948052624	-0.4754294617747096	-1.0231975422853117	-1.1345341655941117
53.800000000000004	-1.0314621111906501	-1.031705308945972	-0.9582073651858154	-1.0303091067579433	-0.47910368129363984	-1.0307480775772166	-1.1419522308220167
54.	-1.0388594322850526	-1.0390795026602737	-0.9655583568740023	-1.0377508475172443	-0.4827791778481507	-1.0382966208000002	-1.1493612288000001
54.2	-1.0462542135642714	-1.0464511335095281	-0.9729114369859905	-1.0451901483508705	-0.4864557186056961	-1.045842687241985	-1.156760688294785
54.400000000000006	-1.0536459855102676	-1.0538197349502134	-0.9802661407243383	-1.052626540526526	-0.49013307063555345	-1.0533857924218883	-1.1641501389946884
54.6	-1.0610342788819616	-1.0611848404388078	-0.9876220016429444	-1.0600595553119152	-0.49381100118119736	-1.0609254521349123	-1.1715291115557123
54.800000000000004	-1.0684186247613434	-1.06854598343179	-0.9949785541790747	-1.0674887239747435	-0.4974892774861029	-1.0684611824988155	-1.1788971376476156
55.	-1.0757985545994684	-1.0759026973856385	-1.0023353328072617	-1.0749135777827146	-0.5011676667937445	-1.0759925000000006	-1.1862537500000006
55.2	-1.0831736002625951	-1.083254515756832	-1.0096918720020396	-1.0823336480035335	-0.5048459363475972	-1.0835189215395835	-1.1935984824483836
55.400000000000006	-1.090543294078183	-1.0906009719808976	-1.0170477062379415	-1.0897484659049046	-0.5085238533911356	-1.0910399644794877	-1.2009308699802879
55.6	-1.0979071688809854	-1.0979415994315014	-1.0244023699895002	-1.0971575627545325	-0.5122011851678344	-1.0985551466885117	-1.2082504487813117
55.800000000000004	-1.1052647580591235	-1.1052759351214867	-1.03175539773125	-1.104560469820122	-0.5158776987682279	-1.106063986588416	-1.2155567562812162
56.	-1.1126155956001051	-1.112603517288673	-1.0391063239347078	-1.1119567183693768	-0.5195531610629964	-1.1135660031999999	-1.2228493312
56.2	-1.1199592161369718	-1.1199238841708805	-1.046454682331863	-1.1193458396700027	-0.5232273398908263	-1.121060716189184	-1.2301277135939839
56.400000000000006	-1.1272951549942603	-1.1272365740059287	-1.0538000081977308	-1.1267273649897036	-0.5269000031868287	-1.1285476459130883	-1.2373914449018883
56.6	-1.1346229482341577	-1.134541125031637	-1.0611418380069741	-1.134100825596184	-0.5305709188861153	-1.136026313466112	-1.244640067990912
56.800000000000004	-1.1419421327025265	-1.1418370754858258	-1.0684797082342576	-1.1414657527571488	-0.5342398549237976	-1.143496240726017	-1.251873127202817
57.	-1.1492522460749615	-1.1491239636063142	-1.075813155354244	-1.148821677740302	-0.5379065792349871	-1.1509569503999997	-1.2590901683999998
57.2	-1.1565528269029104	-1.1564013275547278	-1.0831417158415975	-1.1561681318133488	-0.5415708597547955	-1.1584079660707844	-1.2662907390115845
57.400000000000006	-1.1638434146596788	-1.1636687075925611	-1.0904649261709816	-1.1635046462439935	-0.5452324644183341	-1.1658488122426884	-1.2734743880794883
57.6	-1.1711235497865229	-1.1709256496020217	-1.0977823228170593	-1.1708307522999404	-0.5488911610406676	-1.1732790143877125	-1.2806406663045125
57.800000000000004	-1.1783927737387483	-1.1781717001290462	-1.1050934421851515	-1.1781459812488944	-0.5525467187161129	-1.1806980989916163	-1.2877891260924161
58.	-1.1856506290317341	-1.1854064057195701	-1.112397821254143	-1.1854498643585598	-0.5561989078187933	-1.1881055935999996	-1.2949193215999997
58.2	-1.1928966592870247	-1.1926293129195307	-1.1196950012185822	-1.1927419328966415	-0.5598474987385482	-1.1955010268643846	-1.3020308087811845
58.400000000000006	-1.200130409278416	-1.1998399682748633	-1.1269845240795342	-1.2000217181308441	-0.5634922618652172	-1.2028839285882882	-1.3091231454330883
58.6	-1.207351424977984	-1.2070379183315045	-1.1342659318380641	-1.2072887513288715	-0.5671329675886392	-1.2102538297733125	-1.3161958912421126
58.800000000000004	-1.2145592536022005	-1.2142227096353908	-1.141538766495238	-1.2145425582820257	-0.570769386298654	-1.217610262665216	-1.323248607830016
59.	-1.2217534436579736	-1.2213938888420275	-1.1488025700521207	-1.2217826418373576	-0.5744012883851007	-1.2249527608000002	-1.3302808588000001
59.2	-1.2289335449887298	-1.2285510082554099	-1.156056884509778	-1.229008558555632	-0.5780284442344976	-1.232280859049984	-1.3372922097827842
59.400000000000006	-1.236099108820509	-1.2356936260490468	-1.1633012518692751	-1.2362198751152145	-0.5816506245401959	-1.2395940936698884	-1.3442822284826885
59.60000000000001	-1.2432496878079766	-1.2428213006040962	-1.1705352140728549	-1.2434161581944712	-0.5852676029426114	-1.246892002342913	-1.351250484723713
59.8	-1.2503848360805756	-1.249933590301716	-1.177758316482809	-1.2505969744717667	-0.5888791540495947	-1.2541741242268158	-1.3581965504956157
60.	-1.2575041092885226	-1.2570300535230654	-1.1849701098161425	-1.2577618906254682	-0.5924850524689974	-1.2614400000000001	-1.3651200000000001
60.2	-1.2646070646489473	-1.2641102486493023	-1.1921701451270132	-1.264910473333941	-0.59608507280867	-1.2686891719075848	-1.3720204096963848
60.400000000000006	-1.271693260991929	-1.271173734061585	-1.1993579734695796	-1.2720422892755507	-0.5996789896764633	-1.2759211838074882	-1.3788973583482882
60.60000000000001	-1.2787622588065544	-1.2782200681410711	-1.2065331458979995	-1.279156905128663	-0.6032665776802282	-1.2831355812165126	-1.3857504270693126
60.8	-1.2858136202870545	-1.285248810311173	-1.2136952134664307	-1.2862538875716436	-0.6068476114278154	-1.2903319113564158	-1.3925791993692158
61.	-1.292846909378795	-1.2922595297232642	-1.2208437272290327	-1.2933328032828588	-0.6104218655068483	-1.2975097232000001	-1.3993832612000001
61.2	-1.2998616918244457	-1.2992518001088065	-1.2279782382399627	-1.3003932189406742	-0.6139891160435834	-1.304668567517184	-1.406162201001984
61.400000000000006	-1.30685753520996	-1.3062251952115451	-1.2350982979799143	-1.3074347012234553	-0.6175491431079158	-1.3118079969210896	-1.4129156097498896
61.60000000000001	-1.313834009010716	-1.3131792887752256	-1.2422034651974252	-1.314456816809568	-0.6211017272892027	-1.3189275659141122	-1.4196430809989122
61.8	-1.3207906846375679	-1.3201136545435925	-1.24929330347191	-1.3214591323773779	-0.6246466491768008	-1.3260268309340162	-1.4263442109308162
62.	-1.327727135482922	-1.327027866260393	-1.2563673764376477	-1.328441214605251	-0.6281836893600682	-1.3331053503999994	-1.4330185983999995
62.2	-1.3346429369668256	-1.3339214976693712	-1.2634252477289158	-1.3354026301715534	-0.6317126284283616	-1.3401626847587838	-1.4396658449795838
62.400000000000006	-1.3415376665830159	-1.3407941225015605	-1.270466480979993	-1.3423429457546503	-0.6352332469710383	-1.3471983965306884	-1.4462855550074885
62.60000000000001	-1.3484109039449999	-1.3476453179871453	-1.277490639825157	-1.3492617280329076	-0.6387453255774556	-1.354212050355712	-1.452877335632512
62.8	-1.3552622308321818	-1.3544746741005858	-1.2844972878986858	-1.3561585436846908	-0.6422486449198072	-1.361203213039616	-1.4594407968604157
63.	-1.3620912312358613	-1.3612817834757853	-1.291485988832223	-1.3630329593883663	-0.6457429891914896	-1.3681714535999996	-1.4659755515999997
63.2	-1.368897491405363	-1.3680662387466458	-1.2984563082732758	-1.3698845418222998	-0.6492281465468097	-1.3751163433123832	-1.4724812157091831
63.400000000000006	-1.3756805998941015	-1.3748276325470699	-1.3054078227765624	-1.3767128576648566	-0.6527039053203095	-1.3820374557562887	-1.4789574080410888
63.60000000000001	-1.3824401476056465	-1.3815655575109596	-1.3123401120838738	-1.383517473594403	-0.6561700538465312	-1.3889343668613123	-1.4854037504901125
63.8	-1.389175727839804	-1.3882796062722171	-1.3192527559369998	-1.3902979562893039	-0.6596263804600163	-1.395806654953216	-1.4918198680380161
64.	-1.395886936338715	-1.3949693714647455	-1.3261453340777318	-1.397053872427926	-0.6630726734953077	-1.4026539008000016	-1.4982053888000015
64.2	-1.4025733713328865	-1.4016344457989396	-1.3330174262478607	-1.403784781909836	-0.6665087212869472	-1.4094756876579833	-1.5045599440707833
64.4	-1.4092346335873231	-1.408274429953857	-1.3398686121891765	-1.410490242691706	-0.6699343121694767	-1.4162716013178878	-1.5108831683706878
64.60000000000001	-1.4158703264475592	-1.4148889378144527	-1.3466984716434702	-1.4171698825613042	-0.6733492350428251	-1.4230412301509126	-1.5171746994917124
64.8	-1.4224800558857593	-1.4214775844324699	-1.3535065843495946	-1.423823336988106	-0.6767532846135713	-1.4297841651548164	-1.5234341785436163
65.	-1.4290634305467926	-1.4280399848596539	-1.3602925355746567	-1.4304502414415887	-0.6801462587042293	-1.4365000000000008	-1.5296612500000006
65.2	-1.435620061794299	-1.4345757541477482	-1.3670559230979964	-1.4370502313912281	-0.6835279551582717	-1.443188331075584	-1.535855561744384
65.4	-1.4421495637567954	-1.4410845073484966	-1.3737963462964435	-1.4436229423065	-0.6868981718191711	-1.4498487575354881	-1.542016765116288
65.60000000000001	-1.448651553373723	-1.4475658595136436	-1.3805134045468275	-1.4501680096568808	-0.6902567065304005	-1.456480881344513	-1.548144514957313
65.8	-1.4551256504415235	-1.4540194256949324	-1.3872066972259778	-1.456685068911846	-0.6936033571354325	-1.463084307324416	-1.554238469657216
66.	-1.4615714776597482	-1.4604448217053796	-1.393875823710725	-1.463173755540873	-0.6969379214777404	-1.4696586431999994	-1.5602982911999996
66.2	-1.46798866067712	-1.4668416770016603	-1.400520383377898	-1.4696337050134374	-0.7002601973982086	-1.4762034996451845	-1.5663236452099847
66.4	-1.4743768281375864	-1.4732096322743489	-1.4071399756043272	-1.4760645527990153	-0.7035699845453054	-1.482718490329088	-1.572314200997888
66.60000000000001	-1.4807356117264472	-1.47954832852081	-1.4137342001091273	-1.4824659343670827	-0.7068670901684251	-1.4892032319621133	-1.5782696316069131
66.8	-1.4870646462163821	-1.4858574067384076	-1.4203026672620451	-1.4888374851871156	-0.710151323383798	-1.4956573443420156	-1.5841896138588156
67.	-1.4933635695135625	-1.4921365079245077	-1.426844999057665	-1.495178840728591	-0.7134224933076554	-1.5020804503999996	-1.5900738283999996
67.2	-1.499632022703741	-1.4983852730764746	-1.4333608180355197	-1.5014896364609847	-0.7166804090562275	-1.5084721762467852	-1.595921959747585
67.4	-1.5058696500982705	-1.504603343191673	-1.4398497467351423	-1.5077695078537725	-0.7199248797457453	-1.5148321512186864	-1.6017336963354865
67.60000000000001	-1.5120760992802451	-1.5107903592674676	-1.4463114076960653	-1.5140180903764309	-0.7231557144924393	-1.5211600079237118	-1.6075087305605118
67.8	-1.518251021150552	-1.5169459650693196	-1.4527454234578212	-1.5202350194984355	-0.72637272241254	-1.5274553822876162	-1.6132467588284163
68.	-1.5243940699739476	-1.5230698233689974	-1.459151416559944	-1.5264199306892634	-0.729575712646447	-1.5337179136000003	-1.6189474816000002
68.2	-1.530504903425139	-1.5291616046228191	-1.4655290095419662	-1.5325724594183905	-0.7327644984963081	-1.5399472445603832	-1.6246106034371834
68.4	-1.5365831826348741	-1.5352209793015994	-1.4718778265950379	-1.5386922411552926	-0.7359389012504882	-1.5461430213242884	-1.6302358330490883
68.60000000000001	-1.5426285722360185	-1.5412476178761525	-1.4781975080991183	-1.544778911369446	-0.739098743061858	-1.552304893549312	-1.635822883338112
68.8	-1.5486407404095957	-1.547241190817293	-1.4844877032118315	-1.5508321055303265	-0.7422438460832874	-1.5584325144412152	-1.641371471446015
69.	-1.5546193589309312	-1.5532013685958364	-1.4907480611631982	-1.5568514591074112	-0.7453740324676476	-1.5645255408000014	-1.646881318800001
69.2	-1.560564103215672	-1.5591278216825968	-1.4969782311832383	-1.5628366075701756	-0.7484891243678086	-1.5705836330659837	-1.6523521511587838
69.4	-1.5664746523659137	-1.5650202205439345	-1.5031778625019723	-1.568787186388096	-0.7515889439366408	-1.5766064553658887	-1.6577836986586885
69.60000000000001	-1.5723506892162433	-1.5708782427080874	-1.5093466043494201	-1.5747028235970244	-0.7546733133270146	-1.582593675558912	-1.663175695859712
69.8	-1.5781919003798284	-1.5767015875537211	-1.515484105955602	-1.580583170738868	-0.7577420550106607	-1.588544965282817	-1.6685278817916167
70.	-1.5839979762945058	-1.5824899585529648	-1.5215900165482854	-1.5864279601636158	-0.7607949987231604	-1.5944599999999993	-1.6738399999999993
70.2	-1.5897686112688545	-1.5882430591779462	-1.5276639901283842	-1.5922369295117984	-0.7638319811539596	-1.600338459043584	-1.679111798592384
70.4	-1.5955035035282772	-1.5939605929007936	-1.5337057009702912	-1.598009816423947	-0.7668528392564736	-1.6061800256634882	-1.6843430302842881
70.60000000000001	-1.601202355261077	-1.5996422631936351	-1.5397148285223452	-1.6037463585405924	-0.7698574099841184	-1.6119843870725121	-1.6895334524453123
70.8	-1.6068648726645254	-1.6052877735285986	-1.5456910522328844	-1.6094462935022655	-0.7728455302903093	-1.6177512344924168	-1.6946828271452166
71.	-1.6124907659909642	-1.610896827377813	-1.5516340515502482	-1.615109358949498	-0.7758170371284623	-1.6234802632000007	-1.6997909212000009
71.2	-1.6180797495938737	-1.6164691284427433	-1.5575435059227751	-1.6207352925228207	-0.7787717674519928	-1.6291711725731846	-1.7048575062179845
71.4	-1.6236315419739387	-1.6220043942642854	-1.5634190947988036	-1.6263238318627646	-0.7817095582143163	-1.6348236661370885	-1.7098823586458884
71.60000000000001	-1.6291458658251619	-1.627502363174258	-1.5692604976266722	-1.6318747146098607	-0.7846302476201562	-1.6404374516101123	-1.7148652598149123
71.80000000000001	-1.634622448080899	-1.6329627751740168	-1.5750673939182895	-1.63738767840464	-0.787533684209466	-1.6460122409500166	-1.7198059959868166
72.	-1.64006101995997	-1.6383853702649174	-1.5808394736707532	-1.6428624608876332	-0.7904197214739569	-1.6515477504000002	-1.7247043584000004
72.2	-1.6454613170127463	-1.6437698884483165	-1.58657644769051	-1.6482987996993723	-0.7932882129315287	-1.6570437005347844	-1.7295601433155845
72.4	-1.6508230791671914	-1.6491160697255696	-1.5922780291720993	-1.653696432480388	-0.7961390121000805	-1.6624998163066877	-1.7343731520634877
72.60000000000001	-1.6561460507749688	-1.6544236540980326	-1.5979439313100614	-1.659055096871211	-0.798971972497512	-1.6679158270917125	-1.7391431910885125
72.80000000000001	-1.6614299806575188	-1.6596923815670612	-1.6035738672989361	-1.6643745305123727	-0.8017869476417223	-1.6732914667356171	-1.743870071996417
73.	-1.6666746221521256	-1.6649219935474422	-1.609167550333263	-1.6696544710444037	-0.8045837910506108	-1.6786264736000012	-1.7485536116000011
73.2	-1.6718797331580133	-1.6701122530945867	-1.614724693607583	-1.6748946561078355	-0.8073623562402243	-1.6839205906083827	-1.7531936319651829
73.4	-1.6770450761824256	-1.6752629398612253	-1.6202450103164354	-1.6800948233431992	-0.8101225000356043	-1.6891735652922888	-1.7577899604570888
73.60000000000001	-1.6821704183866888	-1.680373833905879	-1.6257282143980616	-1.6852547103910258	-0.8128640915170895	-1.694385149837312	-1.7623424297861119
73.80000000000001	-1.6872555316322801	-1.6854447152870686	-1.6311740376738424	-1.690374054891846	-0.8155870025310206	-1.6995551011292158	-1.766850878054016
74.	-1.6923001925269654	-1.690475364063315	-1.6365822298597776	-1.695452594486191	-0.8182911049237376	-1.7046831807999994	-1.7713151487999994
74.2	-1.6973041824708115	-1.6954655602931399	-1.6419525414244611	-1.7004900668145921	-0.8209762705415815	-1.7097691552739853	-1.7757350910467853
74.4	-1.7022672877023117	-1.7004150840350636	-1.6472847228364857	-1.7054862095175805	-0.8236423712308925	-1.7148127958138897	-1.7801105593466895
74.60000000000001	-1.707189299344436	-1.7053237153476073	-1.6525785245644447	-1.7104407602356868	-0.8262892788380108	-1.7198138785669137	-1.7844414138277136
74.80000000000001	-1.712070013450731	-1.7101912387842069	-1.6578336970769312	-1.7153534566094422	-0.8289168652092772	-1.7247721846108146	-1.7887275202396147
75.	-1.7169092310513825	-1.7150174671840543	-1.663049990842538	-1.720224029315613	-0.8315250022596367	-1.7296875	-1.79296875
75.2	-1.7217067581993153	-1.7198022241740982	-1.668227156329859	-1.7250522617491368	-0.8341135686896329	-1.7345596158115835	-1.7971649802403835
75.4	-1.7264624060162694	-1.724545333397976	-1.6733649468850014	-1.729838023901622	-0.8366824552286126	-1.7393883281914877	-1.8013160938522876
75.60000000000001	-1.7311759907388449	-1.7292466184993256	-1.6784631409654125	-1.7345811889641733	-0.839231553815324	-1.7441734384005119	-1.8054219795333122
75.80000000000001	-1.7358473337646305	-1.733905903121785	-1.6835215297517194	-1.7392816301278953	-0.8417607563885149	-1.7489147528604168	-1.8094825318332166
76.	-1.7404762616982568	-1.7385230109089918	-1.6885399045144196	-1.7439392205838922	-0.8442699548869333	-1.7536120832000015	-1.8134976512000014
76.2	-1.745062606397486	-1.7430977655045845	-1.6935180565240113	-1.748553833523269	-0.8467590412493278	-1.7582652463011832	-1.8174672440259831
76.4	-1.7496062050192682	-1.747629990556022	-1.6984557770509925	-1.7531253421371304	-0.8492279074144462	-1.7628740643450884	-1.8213912226938884
76.60000000000001	-1.7541069000658744	-1.7521195203368882	-1.7033528573658605	-1.7576536196165808	-0.8516764453210366	-1.7674383648581138	-1.8252695056229138
76.80000000000001	-1.7585645394308949	-1.756566220077232	-1.7082090887391135	-1.7621385391527247	-0.8541045474628587	-1.7719579807580152	-1.8291020173148151
77.	-1.762978976445399	-1.7609699605337714	-1.7130242624393768	-1.766579973936666	-0.8565121173408353	-1.7764327504000006	-1.8328886884000006
77.2	-1.7673500699239824	-1.7653306124632262	-1.717798177267805	-1.7709777971595106	-0.8588990684024562	-1.7808625176227855	-1.8366294556835854
77.4	-1.7716776842108355	-1.7696480466223148	-1.7225306616656129	-1.7753318820123625	-0.8612653144428545	-1.785247131794687	-1.840324262191487
77.60000000000001	-1.7759616892258294	-1.7739221337677562	-1.7272215512331355	-1.779642101686326	-0.8636107692571634	-1.7895864478597125	-1.8439730572165125
77.80000000000001	-1.7802019605105965	-1.778152744656269	-1.7318706815707083	-1.783908329372506	-0.8659353466405161	-1.793880326383615	-1.8475757963644153
78.	-1.784398379274639	-1.7823397500445721	-1.736477888278666	-1.7881304382620065	-0.8682389603880455	-1.798128633599998	-1.8511324415999981
78.2	-1.7885508324413577	-1.7864830210718183	-1.7410430069573446	-1.792308301545933	-0.8705215242948852	-1.8023312414563837	-1.8546429612931838
78.4	-1.7926592126941745	-1.790582448589566	-1.7455658732070791	-1.7964417924153893	-0.8727829521561681	-1.8064880276602895	-1.8581073302650895
78.60000000000001	-1.7967234185225902	-1.7946379518234772	-1.750046322628205	-1.8005307840614804	-0.8750231597046569	-1.8105988757253113	-1.8615255298341111
78.80000000000001	-1.8007433542682443	-1.7986494521708762	-1.7544841909513214	-1.8045751496753109	-0.8772420775373531	-1.8146636750172163	-1.8648975478620162
79.	-1.8047189301710798	-1.8026168710290873	-1.7588793293527751	-1.8085747624479847	-0.8794396430381637	-1.8186823207999998	-1.8682233787999998
79.2	-1.8086500624153043	-1.806540129795436	-1.7632316181133638	-1.8125294955706073	-0.8816157936223963	-1.8226547142819856	-1.8715030237347854
79.4	-1.8125366731755521	-1.810419149867246	-1.7675409406912048	-1.816439222234283	-0.8837704667053583	-1.8265807626618868	-1.874736490434687
79.60000000000001	-1.816378690662959	-1.8142538526418421	-1.771807180544416	-1.820303815630116	-0.8859035997023571	-1.8304603791749092	-1.8779237933957091
79.80000000000001	-1.8201760491711791	-1.818044159516549	-1.7760302211311154	-1.824123148949211	-0.8880151300287	-1.8342934831388162	-1.8810649538876163
80.	-1.8239286891225408	-1.821789993956143	-1.7802099459094205	-1.8278970953826725	-0.8901049950996943	-1.838079999999998	-1.8841599999999978
80.2	-1.8276365571141102	-1.8254913090680207	-1.78434623833745	-1.8316255281216056	-0.8921731323295321	-1.841819861379584	-1.8872089666883838
80.4	-1.8312996059637217	-1.8291480799134856	-1.788438981873321	-1.8353079939567167	-0.894219483944974	-1.8455130051194861	-1.8902118958202863
80.60000000000001	-1.8349177947561317	-1.8327602820579143	-1.792488061121159	-1.8389438036186212	-0.8962440090819312	-1.8491593753285138	-1.8931688362213137
80.80000000000001	-1.8384910888889954	-1.8363278910666831	-1.7964933858050152	-1.8425330567064089	-0.8982466705396392	-1.8527589224284196	-1.8960798437212194
81.	-1.8420194601190603	-1.8398508825051685	-1.8004548898092705	-1.8460758777488193	-0.9002274311173333	-1.8563116032	-1.8989449811999997
81.2	-1.8455028866082	-1.843329231938747	-1.8043725079777782	-1.8495723912745923	-0.902186253614249	-1.8598173808291851	-1.901764318633985
81.4	-1.8489413529694891	-1.8467629149327953	-1.8082461751543897	-1.853022721812467	-0.9041231008296219	-1.8632762249530885	-1.9045379331418886
81.60000000000001	-1.8523348503132537	-1.8501519070526895	-1.812075826182957	-1.856426993891183	-0.9060379355626873	-1.8666881117061134	-1.9072659090309134
81.80000000000001	-1.8556833762931932	-1.8534961900925009	-1.8158613959073326	-1.8597853320394795	-0.9079307206126808	-1.8700530237660151	-1.909948337842815
82.	-1.8589869351524524	-1.856795783415367	-1.819602819171368	-1.8630978607860962	-0.9098014188922289	-1.8733709503999976	-1.912585318399998
82.2	-1.8622455377697498	-1.860050720263843	-1.8233000308189158	-1.8663647046597724	-0.9116500027285858	-1.8766418875107855	-1.9151769568515853
82.4	-1.865459201705301	-1.863261033899219	-1.8269529697992457	-1.869585988189248	-0.9134764605165073	-1.8798658376826891	-1.917723366719489
82.60000000000001	-1.8686279512470962	-1.866426757582785	-1.8305616090981933	-1.8727618359032618	-0.9152807822030926	-1.8830428102277135	-1.9202246689445133
82.80000000000001	-1.8717518174568315	-1.8695479245758313	-1.8341259383661197	-1.8758923723305538	-0.9170629577354402	-1.886172821231617	-1.9226809919324168
83.	-1.874830838216079	-1.8726245681396474	-1.837645947360569	-1.8789777219998631	-0.9188229770606489	-1.8892558936000032	-1.9250924716000029
83.2	-1.8778650582722964	-1.875656721535524	-1.8411216258390866	-1.8820180094399293	-0.9205608301258174	-1.892292057104383	-1.9274592514211832
83.4	-1.880854529284984	-1.8786444056267915	-1.8445529635592168	-1.885013359179492	-0.9222765068780446	-1.895281348428287	-1.9297814824730875
83.60000000000001	-1.8837993098717165	-1.8815870248785682	-1.847939950278504	-1.8879638957472906	-0.9239699972644291	-1.8982238112133147	-1.9320593234821146
83.80000000000001	-1.8866994656541949	-1.8844843951339922	-1.8512825757544933	-1.8908697436720643	-0.9256412100655209	-1.9011194961052156	-1.9342929408700158
84.	-1.8895550693043945	-1.8873367371423941	-1.8545808297432438	-1.8937310274825527	-0.927289820803279	-1.9039684607999996	-1.9364825087999993
84.2	-1.8923662005906	-1.890144271653105	-1.8578347122974268	-1.8965478717074953	-0.9289158637583302	-1.9067707700899845	-1.9386282092227844
84.4	-1.8951329464234947	-1.8929072194154553	-1.8610442624751289	-1.8993204008756317	-0.9305194162154217	-1.9095264959098874	-1.9407302319226876
84.60000000000001	-1.8978554009022872	-1.8956258011787754	-1.864209528474482	-1.9020487395157013	-0.9321005554593005	-1.9122357173829094	-1.9427887745637094
84.80000000000001	-1.9005336653606348	-1.8983002376923963	-1.8673305584936182	-1.9047330121564434	-0.9336593587747138	-1.9148985208668154	-1.9448040427356155
85.	-1.9031678484129606	-1.9009307497056485	-1.8704074007306692	-1.9073733433265974	-0.9351959034464088	-1.9175149999999992	-1.9467762499999992
85.2	-1.9057580660003512	-1.9035175579678627	-1.873440103383768	-1.909969857554903	-0.9367102667591327	-1.9200852557475852	-1.948705617936385
85.4	-1.9083044414366939	-1.9060608832283696	-1.8764287146510459	-1.9125226793700996	-0.9382025259976327	-1.9226093964474882	-1.950592376188288
85.60000000000001	-1.9108071054547902	-1.9085609462364999	-1.8793732827306349	-1.9150319333009267	-0.9396727584466559	-1.9250875378565113	-1.9524367625093113
85.80000000000001	-1.9132661962523285	-1.9110179677415842	-1.8822738204699638	-1.9174977438761236	-0.9411210413909494	-1.927519803196419	-1.9542390228092188
86.	-1.915681859538101	-1.9134321684929527	-1.885129882731236	-1.9199202356244296	-0.9425474521152604	-1.9299063232000044	-1.955999411200004
86.2	-1.9180542485780296	-1.9158037692399368	-1.8879414867567932	-1.9222995330745847	-0.9439520679043361	-1.9322472361571856	-1.9577181900419856
86.4	-1.9203835242412048	-1.918132990731867	-1.8907088462356503	-1.924635760755328	-0.9453349660429237	-1.9345426879610907	-1.9593956299898903
86.60000000000001	-1.922669855045994	-1.9204200537180736	-1.8934321748568217	-1.9269290431953991	-0.9466962238157702	-1.93679283215411	-1.9610320100389096
86.80000000000001	-1.924913417206136	-1.9226651789478872	-1.8961116863093221	-1.9291795049235372	-0.948035918507623	-1.9389978299740172	-1.962627617570817
87.	-1.9271143946768043	-1.924868587170639	-1.8987475942821659	-1.931387270468482	-0.949354127403229	-1.9411578504000007	-1.9641827484000007
87.2	-1.9292729792007521	-1.9270304991356593	-1.901340112464368	-1.933552464358973	-0.9506509277873356	-1.9432730701987828	-1.965697706819583
87.4	-1.931389370354225	-1.9291511355922788	-1.903889454544943	-1.9356752111237494	-0.95192639694469	-1.9453436739706862	-1.9671728056474862
87.60000000000001	-1.9334637755932291	-1.9312307172898282	-1.9063958342129055	-1.937755635291551	-0.9531806121600391	-1.9473698541957123	-1.9686083662725125
87.80000000000001	-1.9354964102995103	-1.933269464977638	-1.90885946515727	-1.939793861391117	-0.9544136507181302	-1.949351811279614	-1.9700047187004142
88.	-1.9374874978266516	-1.935267599405039	-1.9112805610670507	-1.9417900139511868	-0.9556255899037105	-1.951289753599998	-1.971362201599998
88.2	-1.939437269546144	-1.937225341321362	-1.913659335631263	-1.9437442175005002	-0.9568165070015271	-1.953183897552384	-1.9726811623491844
88.4	-1.9413459648935039	-1.9391429114759373	-1.9159960025389213	-1.9456565965677963	-0.9579864792963272	-1.9550344675962874	-1.9739619570810873
88.60000000000001	-1.9432138314143321	-1.9410205306180959	-1.91829077547904	-1.947527275681815	-0.9591355840728579	-1.956841696301311	-1.9752049507301113
88.80000000000001	-1.9450411248103447	-1.9428584194971683	-1.9205438681406337	-1.9493563793712951	-0.9602638986158666	-1.9586058243932194	-1.976410517078019
89.	-1.9468281089855595	-1.944656798862485	-1.922755494212717	-1.9511440321649764	-0.9613715002101001	-1.9603271007999983	-1.9775790387999983
89.2	-1.9485750560922706	-1.9464158894633767	-1.9249258673843048	-1.9528903585915989	-0.9624584661403058	-1.9620057826979862	-1.978710907510786
89.4	-1.950282246577177	-1.9481359120491746	-1.9270552013444118	-1.954595483179901	-0.9635248736912309	-1.9636421355578872	-1.9798065238106872
89.60000000000001	-1.9519499692275049	-1.9498170873692087	-1.929143709782052	-1.9562595304586232	-0.9645708001476223	-1.965236433190914	-1.9808662973317137
89.80000000000001	-1.9535785212169423	-1.9514596361728098	-1.9311916063862407	-1.9578826249565042	-0.9655963227942275	-1.9667889577948168	-1.9818906467836168
90.	-1.9551682081519215	-1.9530637792093086	-1.9331991048459918	-1.9594648912022838	-0.9666015189157934	-1.9683000000000017	-1.9828800000000015
90.2	-1.9567193441175474	-1.954629737228036	-1.9351664188503206	-1.9610064291857279	-0.9675864657970673	-1.969769858915584	-1.983834793984384
90.4	-1.9582322517237254	-1.9561577309783222	-1.9370937620882414	-1.9625072679686046	-0.9685512407227964	-1.9711988421754887	-1.9847554749562892
90.60000000000001	-1.9597072621512706	-1.9576479812094982	-1.9389813482487686	-1.963967871182732	-0.9694959209777277	-1.9725872659845152	-1.9856424983973149
90.80000000000001	-1.9611447151978834	-1.9591007086708947	-1.9408293910209173	-1.965388785816158	-0.9704205838466086	-1.973935455164416	-1.986496329097216
91.	-1.9625449593243833	-1.960516134111842	-1.9426381040937017	-1.9667705588569322	-0.9713253066141859	-1.9752437432000003	-1.9873174412
91.2	-1.963908351700688	-1.961894478281671	-1.9444077011561367	-1.9681137372931032	-0.9722101665652072	-1.976512472285185	-1.9881063182499847
91.4	-1.9652352582519168	-1.9632359619297124	-1.9461383958972367	-1.9694188681127198	-0.9730752409844193	-1.9777419933690905	-1.9888634532378902
91.60000000000001	-1.9665260537044418	-1.9645408058052967	-1.9478304020060166	-1.9706864983038308	-0.9739206071565696	-1.9789326662021107	-1.989589348646911
91.80000000000001	-1.9677811216320136	-1.9658092058172163	-1.9494839331714908	-1.971917174854485	-0.9747463423664052	-1.9800848593820177	-1.9902845164988179
92.	-1.9690008545018265	-1.9670414248472863	-1.9510992030826737	-1.9731114447527314	-0.9755525055040019	-1.9811989503999992	-1.9909494783999993
92.2	-1.970185653720629	-1.9682380296961641	-1.9526764254285802	-1.9742698549866187	-0.9763392277652989	-1.9822753256867802	-1.9915847655875805
92.4	-1.9713359296806978	-1.9693996116811705	-1.954215813898225	-1.9753929525441958	-0.9771067570761325	-1.9833143806586888	-1.9921909189754885
92.60000000000001	-1.9724521018060353	-1.9705267621196263	-1.9557175821806227	-1.9764812844135113	-0.9778553438520379	-1.984316519763713	-1.9927684892005129
92.80000000000001	-1.9735345985984039	-1.9716200723288524	-1.9571819439647877	-1.9775353975826142	-0.9785852385085504	-1.9852821565276184	-1.993318036668418
93.	-1.974583857683389	-1.9726801336261692	-1.9586090977034085	-1.9785558390395535	-0.9792966914612053	-1.9862117135999988	-1.993840131599999
93.2	-1.9756003258564976	-1.9737075373288977	-1.9599993466910592	-1.9795431557723775	-0.9799899531255379	-1.9871056228003867	-1.9943353540771867
93.4	-1.9765844591292554	-1.974702874754359	-1.9613532051173586	-1.9804978947691356	-0.9806652739170837	-1.9879643251642856	-1.9948042940890858
93.60000000000001	-1.9775367227752656	-1.9756667372198733	-1.9626711977449989	-1.9814206030178765	-0.9813229042513777	-1.98878827098931	-1.9952475515781103
93.80000000000001	-1.9784575913762672	-1.9765997160427615	-1.9639538493366717	-1.982311827506649	-0.9819630945439555	-1.989577919881218	-1.9956657364860177
94.	-1.9793475488682706	-1.9775024025403447	-1.9652016846550693	-1.9831721152235016	-0.9825860952103521	-1.9903337407999984	-1.9960594687999986
94.2	-1.9802070885875758	-1.9783753880299435	-1.9664152284628837	-1.9840020131564835	-0.9831921566661032	-1.9910562121059847	-1.9964293785987852
94.4	-1.9810367133169058	-1.9792192638288786	-1.9675950055228069	-1.9848020682936434	-0.9837815293267438	-1.9917458216058914	-1.9967761060986913
94.60000000000001	-1.9818369353314726	-1.9800346212544708	-1.9687415405975306	-1.9855728276230302	-0.9843544636078093	-1.99240306659891	-1.9971003016997102
94.80000000000001	-1.9826082764449862	-1.9808220516240411	-1.9698553584497471	-1.9863148381326927	-0.984911209924835	-1.993028453922817	-1.997402626031617
95.	-1.9833512680558916	-1.98158214625491	-1.970936983842148	-1.9870286468106797	-0.9854520186933564	-1.9936225000000003	-1.9976837500000002
95.2	-1.984066451193282	-1.9823154964643983	-1.9719869415374258	-1.98771480064504	-0.9859771403289085	-1.9941857308835809	-1.9979443548323808
95.4	-1.9847543765630773	-1.9830226935698267	-1.9730057562982721	-1.9883738466238223	-0.9864868252470269	-1.9947186823034881	-1.9981851321242878
95.60000000000001	-1.985415604594094	-1.9837043288885163	-1.973993952887379	-1.989006331735076	-0.9869813238632467	-1.9952218997125135	-1.9984067838853132
95.80000000000001	-1.9860507054840513	-1.9843609937377877	-1.9749520560674385	-1.9896128029668492	-0.9874608865931034	-1.9956959383324167	-1.9986100225852166
96.	-1.9866602592457587	-1.9849932794349616	-1.9758805906011425	-1.990193807307191	-0.987925763852132	-1.9961413632000018	-1.9987955712000023
96.2	-1.9872448557531508	-1.985601777297359	-1.976780081251183	-1.9907498917441502	-0.9883762060558682	-1.9965587492131862	-1.9989641632579858
96.4	-1.9878050947873391	-1.9861870786423004	-1.9776510527802522	-1.9912816032657759	-0.9888124636198471	-1.9969486811770865	-1.9991165428858864
96.60000000000001	-1.9883415860827105	-1.9867497747871068	-1.9784940299510418	-1.9917894888601166	-0.989234786959604	-1.9973117538501133	-1.9992534648549132
96.80000000000001	-1.9888549493730214	-1.9872904570490988	-1.979309537526244	-1.9922740955152214	-0.9896434264906743	-1.9976485719900168	-1.999375694626817
97.	-1.9893458144374565	-1.9878097167455973	-1.9800981002685505	-1.992735970219139	-0.9900386326285932	-1.9979597503999997	-1.9994840083999996
97.2	-1.98981482114679	-1.9883081451939228	-1.9808602429406534	-1.993175659959918	-0.9904206557888962	-1.99824591397479	-1.99957919315559
97.4	-1.990262619509274	-1.9887863337113965	-1.9815964903052448	-1.9935937117256075	-0.9907897463871184	-1.9985076977466878	-1.999662046703488
97.60000000000001	-1.9906898697169528	-1.989244873615339	-1.9823073671250167	-1.9939906725042564	-0.9911461548387952	-1.9987457469317107	-1.9997333777285107
97.80000000000001	-1.9910972421915487	-1.989684356223071	-1.9829933981626608	-1.9943670892839134	-0.991490131559462	-1.9989607169756134	-1.9997940058364136
98.	-1.9914854176306886	-1.9901053728519134	-1.9836551081808693	-1.9947235090526272	-0.9918219269646539	-1.9991532735999988	-1.9998447615999986
98.2	-1.991855087053872	-1.9905085148191868	-1.9842930219423343	-1.9950604787984467	-0.9921417914699064	-1.9993240928483846	-1.9998864866051846
98.4	-1.992206951848603	-1.990894373442212	-1.9849076642097476	-1.9953785455094208	-0.9924499754907549	-1.9994738611322906	-1.9999200334970908
98.60000000000001	-1.9925417238165313	-1.99126354003831	-1.9854995597458012	-1.9956782561735984	-0.9927467294427345	-1.9996032752773147	-1.9999462660261145
98.80000000000001	-1.9928601252193587	-1.9916166059248015	-1.986069233313187	-1.9959601577790282	-0.9930323037413804	-1.9997130425692136	-1.9999660590940138
99.	-1.9931628888251192	-1.9919541624190071	-1.9866172096745973	-1.996224797313759	-0.9933069488022283	-1.9998038808000005	-1.9999802988000006
99.2	-1.9934507579541172	-1.9922768008382477	-1.9871440135927236	-1.9964727217658398	-0.9935709150408132	-1.9998765183139833	-1.9999898824867834
99.4	-1.9937244865250732	-1.9925851124998442	-1.9876501698302584	-1.9967044781233192	-0.9938244528726706	-1.9999316940538818	-1.999995718786682
99.60000000000001	-1.9939848391012067	-1.9928796887211169	-1.9881362031498933	-1.9969206133742463	-0.9940678127133357	-1.999970157606909	-1.999998727667709
99.80000000000001	-1.9942325909362224	-1.9931611208193871	-1.9886026383143205	-1.9971216745066696	-0.9943012449783438	-1.9999926692508176	-1.9999998404796173
100.	-1.994468528020565	-1.9934300001119718	-1.9890500000862255	-1.9973082085086356	-0.9945250000832272	-2.	-2.
100.2	-1.9946934424773144	-1.9936876134927868	-1.9894793557244763	-1.9974818529490859	-0.994739677901283	-2	-2
100.4	-1.9949080837088742	-1.9939351257095517	-1.989891877500961	-1.9976442792972064	-0.9949459381471504	-2	-2
100.60000000000001	-1.995113118136514	-1.9941729367942367	-1.990288224900722	-1.997796232970501	-0.9951441143167385	-2	-2
100.80000000000001	-1.9953091382676829	-1.9944014262898146	-1.9906690261394246	-1.9979383312089576	-0.9953345174117453	-2	-2
101.	-1.9954966742559308	-1.9946209486811484	-1.9910349324693546	-1.9980712838480672	-0.995517450401309	-2	-2
101.2	-1.9956762034373037	-1.994831857704159	-1.9913865511321747	-1.9981956695282312	-0.9956932228950093	-2	-2
101.4	-1.9958481582073304	-1.99503451306609	-1.9917243847614512	-1.9983120325498365	-0.9958621346033413	-2	-2
101.60000000000001	-1.9960129325367988	-1.9952292580486541	-1.9920489339377638	-1.9984208916114414	-0.9960244282912498	-2	-2
101.80000000000001	-1.9961708873703063	-1.9954163725236294	-1.9923606992416933	-1.9985227342550678	-0.996180342835417	-2	-2
102.	-1.9963223551076197	-1.9955961320245417	-1.9926601812538198	-1.998618011370552	-0.9963301171125246	-2	-2
102.2	-1.9964676433318695	-1.9957688120849175	-1.9929478805547234	-1.9987071406944965	-0.9964739899992547	-2	-2
102.4	-1.996607037918338	-1.9959346882382831	-1.993224297724984	-1.9987905287532135	-0.9966122003722893	-2	-2
102.60000000000001	-1.9967408056345954	-1.996094036018165	-1.9934899331411526	-1.9988685343927517	-0.9967449871083102	-2	-2
102.80000000000001	-1.996869196321326	-1.996247130958089	-1.9937452086346636	-1.998941507646362	-0.9968725890839996	-2	-2
103.	-1.99699244472836	-1.9963942485915813	-1.993990477135945	-1.9990097730534544	-0.9969952208963365	-2	-2
103.2	-1.997110772066039	-1.9965356372684735	-1.9942261174174223	-1.9990736359151902	-0.9971130483928671	-2	-2
103.4	-1.9972243873219222	-1.99667148779045	-1.9944525082515203	-1.9991333816187302	-0.9972262514071898	-2	-2
103.60000000000001	-1.9973334883833824	-1.996802006799161	-1.9946700276047225	-1.9991892720180056	-0.9973350101145007	-2	-2
103.80000000000001	-1.997438262999523	-1.9969274014090401	-1.9948790265556464	-1.999241560353471	-0.9974395046375566	-2	-2
104.	-1.997538889609947	-1.9970478786959942	-1.9950798242466128	-1.9992904743335544	-0.997539906493	-2	-2
104.2	-1.9976355380629016	-1.9971636367281356	-1.9952727380236641	-1.9993362417133447	-0.9976363693507687	-2	-2
104.4	-1.9977283702411333	-1.9972748531005176	-1.9954580852328427	-1.9993790676146963	-0.9977290446851997	-2	-2
104.60000000000001	-1.9978175406110084	-1.9973817025830949	-1.9956361782018806	-1.9994191250028555	-0.9978180839706303	-2	-2
104.80000000000001	-1.9979031967069074	-1.9974843599458219	-1.995807293133317	-1.9994565862888174	-0.9979036375774136	-2	-2
105.	-1.9979854795618108	-1.9975829987089455	-1.9959716921117387	-1.9994916238835772	-0.9979858405453367	-2	-2
105.2	-1.9980645240921213	-1.9976777745729108	-1.9961296373215476	-1.9995244065062128	-0.9980648179080392	-2	-2
105.4	-1.9981404594437153	-1.9977688315822548	-1.9962813909465895	-1.9995550719552315	-0.9981406946606497	-2	-2
105.60000000000001	-1.9982134093054056	-1.9978563137646521	-1.9964272050615457	-1.9995837493192978	-0.9982135957982963	-2	-2
105.80000000000001	-1.9982834921940542	-1.9979403651477778	-1.9965673019251173	-1.9996105685439851	-0.9982836435977035	-2	-2
106.	-1.9983508217158823	-1.998021126773451	-1.9967018987796523	-1.9996356595748677	-0.9983509460075817	-2	-2
106.2	-1.998415506806731	-1.9980987232309262	-1.996831212867498	-1.9996591512058062	-0.9984156065615052	-2	-2
106.4	-1.9984776519542868	-1.9981732737934017	-1.9969554610035525	-1.9996811437583821	-0.9984777288051673	-2	-2
106.60000000000001	-1.998537357404547	-1.9982448977471727	-1.9970748439566857	-1.9997017202644112	-0.998537416258045	-2	-2
106.80000000000001	-1.998594719354353	-1.998313714354455	-1.9971895431707973	-1.9997209657129569	-0.9985947670703462	-2	-2
107.	-1.998649830132293	-1.998379836900494	-1.9972997390778118	-1.9997389652921873	-0.9986498684977403	-2	-2
107.2	-1.9987027783654088	-1.9984433660457201	-1.997405612109653	-1.999755801631081	-0.9987028065873104	-2	-2
107.4	-1.9987536491425282	-1.9985044009746735	-1.9975073405543695	-1.9997715479823812	-0.9987536673861394	-2	-2
107.60000000000001	-1.9988025241622895	-1.9985630408718942	-1.9976050834060342	-1.9997862763556726	-0.9988025365218229	-2	-2
107.80000000000001	-1.9988494818762208	-1.9986193844666418	-1.997698990135726	-1.9998000577918946	-0.9988494918235291	-2	-2
108.	-1.9988945976241228	-1.9986735215875835	-1.9977892102041317	-1.9998129517459755	-0.9988946046873917	-2	-2
108.2	-1.9989379437624024	-1.9987255345149884	-1.9978758930719382	-1.999825012717111	-0.9989379463667524	-2	-2
108.4	-1.9989795897864626	-1.998775505351378	-1.9979591848871658	-1.9998362955652649	-0.9989795881149527	-2	-2
108.60000000000001	-1.999019602447176	-1.9988235161992747	-1.9980392131815232	-1.9998468543605044	-0.9990196003794537	-2	-2
108.80000000000001	-1.9990580458620235	-1.9988696483981225	-1.9981160992547449	-1.9998567344114062	-0.9990580455468864	-2	-2
109.	-1.999094981621249	-1.9989139741183146	-1.9981899644053105	-1.9998659762236117	-0.9990949814868548	-2	-2
109.2	-1.9991304688895093	-1.9989565598241346	-1.9982609299316996	-1.9998746203213043	-0.9991304660243081	-2	-2
109.4	-1.9991645645025808	-1.998997471907596	-1.9983291170745805	-1.9998827068459046	-0.9991645569841952	-2	-2
109.60000000000001	-1.9991973230606384	-1.9990367767607138	-1.9983946390186456	-1.9998902714177047	-0.9991973121914653	-2	-2
109.80000000000001	-1.9992287970169518	-1.999074540775502	-1.998457593193577	-1.9998973467106547	-0.99922878736224	-2	-2
110.	-1.9992590367632714	-1.9991108291283255	-1.9985180752529887	-1.9999039653485875	-0.9992590296642976	-2	-2
110.2	-1.9992880907115693	-1.9991456973073896	-1.9985761808504947	-1.9999101589364483	-0.9992880846639529	-2	-2
110.4	-1.9993160053722208	-1.9991791971439414	-1.9986320056397089	-1.9999159534619444	-0.9993159979484039	-2	-2
110.60000000000001	-1.999342825514083	-1.9992113805595715	-1.9986856450457553	-1.9999213735482309	-0.9993428151048487	-2	-2
110.80000000000001	-1.999368593882087	-1.9992422994758694	-1.9987371862404937	-1.999926443861307	-0.9993685817204855	-2	-2
111.	-1.9993933518238927	-1.9992720058144255	-1.9987867060293496	-1.9999311885020106	-0.9993933413646591	-2	-2
111.2	-1.999417138965019	-1.9993005509796706	-1.9988342805598664	-1.999935627563957	-0.9994171309600833	-2	-2
111.4	-1.9994399933761957	-1.9993279794993986	-1.9988799859795878	-1.9999397794090217	-0.999439986458087	-2	-2
111.60000000000001	-1.999461951634406	-1.9993543319226492	-1.9989238984360573	-1.9999436623921991	-0.9994619438155211	-2	-2
111.80000000000001	-1.9994830488816837	-1.9993796488610693	-1.9989660932267057	-1.999947294868483	-0.9994830389892372	-2	-2
112.	-1.9995033188815237	-1.9994039709263054	-1.999006636497204	-1.9999506943404777	-0.9995033079360865	-2	-2
112.2	-1.9995227940730866	-1.9994273387300041	-1.9990455888873904	-1.9999538746671255	-0.9995227846869442	-2	-2
112.4	-1.999541505623042	-1.9994497926982264	-1.9990830109667557	-1.9999568491377888	-0.9995414981825179	-2	-2
112.60000000000001	-1.9995594834757562	-1.9994713686093253	-1.9991189633047899	-1.999959631063052	-0.9995594768032146	-2	-2
112.80000000000001	-1.999576756401154	-1.9994920982645676	-1.9991535064709833	-1.9999622337535	-0.9995767489295821	-2	-2
113.	-1.9995933520408677	-1.9995120134615754	-1.999186699319487	-1.9999646698326605	-0.9995933429421684	-2	-2
113.2	-1.9996092969524444	-1.9995311459979708	-1.9992185923127574	-1.9999669490443635	-0.9996092872195396	-2	-2
113.4	-1.9996246166520097	-1.999549527671376	-1.9992492334339003	-1.999969080804909	-0.999624608312014	-2	-2
113.60000000000001	-1.9996393356550437	-1.9995671902306824	-1.9992786706684638	-1.9999710745548134	-0.9996393289105522	-2	-2
113.80000000000001	-1.9996534775156474	-1.9995841624016002	-1.999306952001997	-1.9999729397345918	-0.9996534713913839	-2	-2
114.	-1.999667064864234	-1.999600469138173	-1.9993341254152568	-1.9999746853686513	-0.9996670581307395	-2	-2
114.2	-1.999680119443924	-1.9996161353033612	-1.999360236349999	-1.9999763185374098	-0.9996801115048488	-2	-2
114.4	-1.999692662145067	-1.9996311857601252	-1.9993853239224768	-1.9999778459975284	-0.9996926538813392	-2	-2
114.60000000000001	-1.999704713038943	-1.999645645371425	-1.999409426314662	-1.9999792745214775	-0.999704705965746	-2	-2
114.80000000000001	-1.9997162914097355	-1.9996595389956877	-1.9994325817085261	-1.9999806108817269	-0.9997162855894752	-2	-2
115.	-1.999727415785476	-1.9996728896902005	-1.9994548282860405	-1.9999818615597003	-0.9997274104053351	-2	-2
115.2	-1.9997381039677122	-1.9996857171216054	-1.9994762041493108	-1.9999830316388938	-0.9997380980661338	-2	-2
115.4	-1.9997483730599113	-1.9996980407432547	-1.999496744082086	-1.9999841259815905	-0.9997483662246794	-2	-2
115.60000000000001	-1.9997582394949152	-1.9997098800085016	-1.999516478615945	-1.9999851494640655	-0.9997582325280208	-2	-2
115.80000000000001	-1.9997677190611747	-1.9997212543706981	-1.9995354380245864	-1.9999861069625944	-0.99976771345354	-2	-2
116.	-1.9997768269281102	-1.999732183283197	-1.9995536525817093	-1.9999870031455411	-0.9997768228973294	-2	-2
116.2	-1.999785577670253	-1.9997426854967761	-1.9995711525610123	-1.9999878416338974	-0.9997855744108547	-2	-2
116.4	-1.9997939852907587	-1.9997527766527055	-1.9995879681731306	-1.9999886258758428	-0.9997939815455817	-2	-2
116.60000000000001	-1.9998020632436317	-1.9997624715350195	-1.9996041266452225	-1.9999893593315783	-0.9998020578529763	-2	-2
116.80000000000001	-1.9998098244553206	-1.9997717849277656	-1.999619651624006	-1.9999900454613044	-0.9998098168845039	-2	-2
117.	-1.999817281345457	-1.9997807316149914	-1.9996345665704982	-1.9999906876419955	-0.9998172721916305	-2	-2
117.2	-1.9998244458466996	-1.9997893263807445	-1.999648894945717	-1.9999912885706326	-0.9998244370894622	-2	-2
117.4	-1.9998313294237615	-1.9997975840090723	-1.9996626602106793	-1.9999918506217442	-0.9998313222523237	-2	-2
117.60000000000001	-1.999837943091868	-1.9998055192840223	-1.999675885826403	-1.9999923761685776	-0.9998379374815369	-2	-2
117.80000000000001	-1.9998442974342883	-1.9998131458703272	-1.9996885948164687	-1.9999928675843799	-0.9998442926968555	-2	-2
118.	-1.9998504026193775	-1.999820474237011	-1.9997008067020774	-1.999993327242398	-0.9998503978180332	-2	-2
118.2	-1.9998562684166792	-1.999827515014531	-1.9997125394313615	-1.9999937575159077	-0.9998562627648235	-2	-2
118.4	-1.999861904212757	-1.9998342788537797	-1.9997238109532218	-1.9999941606110532	-0.9998618974569802	-2	-2
118.60000000000001	-1.9998673190261131	-1.9998407764056494	-1.9997346392165583	-1.999994538058625	-0.9998673118142569	-2	-2
118.80000000000001	-1.9998725215215891	-1.999847018321032	-1.9997450421702714	-1.9999948912216705	-0.9998725152667226	-2	-2
119.	-1.9998775200242267	-1.9998530152508203	-1.9997550377632614	-1.999995221463236	-0.999877515219183	-2	-2
119.2	-1.9998823225328421	-1.9998587778459058	-1.9997646432096532	-1.999995530146369	-0.9998823189363536	-2	-2
119.4	-1.9998869367323586	-1.9998643161855978	-1.9997738726915968	-1.9999958186341162	-0.9998869337064229	-2	-2
119.60000000000001	-1.999891370006548	-1.9998696380093792	-1.9997827398814325	-1.9999960883279821	-0.9998913668175797	-2	-2
119.80000000000001	-1.9998956294495227	-1.9998747509879082	-1.9997912584635953	-1.9999963408297903	-0.9998956255580127	-2	-2
120.	-1.9998997218773564	-1.9998796628261897	-1.9997994421225198	-1.9999965771499573	-0.9998997172159106	-2	-2
120.2	-1.9999036538388049	-1.9998843812292275	-1.9998073045426414	-1.999996798164663	-0.9999036490787031	-2	-2
120.4	-1.9999074316258245	-1.9998889139020262	-1.9998148594083947	-1.9999970047500868	-0.9999074276520815	-2	-2
120.60000000000001	-1.9999110612837216	-1.99989326854959	-1.99982211949458	-1.999997197782408	-0.9999110582319026	-2	-2
120.80000000000001	-1.9999145486206797	-1.9998974528769233	-1.9998290952997868	-1.9999973781378064	-0.9999145461885167	-2	-2
121.	-1.9999178992171986	-1.9999014742904409	-1.999835797205264	-1.9999975467808242	-0.9999178968922743	-2	-2
121.2	-1.9999211184349301	-1.9999053385018444	-1.9998422355931462	-1.999997704687707	-0.9999211157135259	-2	-2
121.4	-1.9999242114253488	-1.9999090510644892	-1.999848420845568	-1.999997852460642	-0.999924208022622	-2	-2
121.60000000000001	-1.9999271831378793	-1.9999126175773125	-1.9998543633446644	-1.9999979906838405	-0.9999271791899133	-2	-2
121.80000000000001	-1.9999300383278769	-1.9999160436392505	-1.9998600734694614	-1.9999981199415142	-0.9999300345454673	-2	-2
122.	-1.9999327815642605	-1.9999193348492403	-1.9998655606617746	-1.9999982408178745	-0.9999327784937688	-2	-2
122.2	-1.9999354172368558	-1.9999224968062184	-1.9998708328487218	-1.9999983538973838	-0.9999354149028662	-2	-2
122.4	-1.999937949563211	-1.9999255351091214	-1.9998758979362938	-1.9999984598265788	-0.9999379477030876	-2	-2
122.60000000000001	-1.9999403825956419	-1.9999284552021919	-1.9998807638304805	-1.999998559074235	-0.9999403808247619	-2	-2
122.80000000000001	-1.9999427202275002	-1.9999312612826843	-1.9998854384372726	-1.9999986519860606	-0.9999427181982173	-2	-2
123.	-1.9999449661995148	-1.9999339573270858	-1.9998899296626607	-1.9999987389077638	-0.9999449637537826	-2	-2
123.2	-1.9999471241056972	-1.9999365473650428	-1.9998942453948667	-1.999998820185053	-0.9999471214217862	-2	-2
123.4	-1.9999491973991623	-1.9999390354262014	-1.999898392587262	-1.999998896163636	-0.9999491950181109	-2	-2
123.60000000000001	-1.9999511893976447	-1.9999414255402075	-1.9999023772220037	-1.999998967193791	-0.9999511875696474	-2	-2
123.80000000000001	-1.9999531032887456	-1.9999437217367078	-1.9999062053041876	-1.9999990336370748	-0.9999531019459615	-2	-2
124.	-1.9999549421350649	-1.9999459280453478	-1.9999098828389095	-1.9999990957652476	-0.999954941037049	-2	-2
124.2	-1.9999567088792374	-1.9999480484306764	-1.9999134158312648	-1.999999153832857	-0.9999567077329053	-2	-2
124.4	-1.9999584063483604	-1.9999500860453425	-1.9999168102863492	-1.9999992080944509	-0.9999584049235265	-2	-2
124.60000000000001	-1.9999600372587922	-1.9999520437640916	-1.9999200721835197	-1.9999992588045765	-0.9999600354989082	-2	-2
124.80000000000001	-1.9999616042202795	-1.999953924505611	-1.9999232067559911	-1.9999993062177814	-0.9999616023490462	-2	-2
125.	-1.999963109740324	-1.999955731188589	-1.999926218475674	-1.9999993505886133	-0.9999631081613904	-2	-2
125.2	-1.9999645562281005	-1.999957466731713	-1.9999291117903042	-1.9999993921692762	-0.9999645550524252	-2	-2
125.4	-1.9999659459982626	-1.9999591340536713	-1.9999318911476165	-1.999999431046295	-0.9999659451220339	-2	-2
125.60000000000001	-1.9999672812747962	-1.9999607360731513	-1.9999345609953463	-1.999999467328017	-0.9999672804714986	-2	-2
125.80000000000001	-1.9999685641943503	-1.999962275682076	-1.9999371257812293	-1.9999995012088256	-0.9999685632021021	-2	-2
126.	-1.9999697968099386	-1.9999637552266216	-1.9999395899530006	-1.9999995328831037	-0.9999697954151264	-2	-2
126.2	-1.9999709810939315	-1.9999651767710216	-1.9999419579583957	-1.9999995625452345	-0.9999709792118541	-2	-2
126.4	-1.999972118941527	-1.9999665424175366	-1.999944234050272	-1.9999995903896006	-0.9999721166935673	-2	-2
126.60000000000001	-1.999973212173474	-1.999967854268428	-1.9999464213243858	-1.9999996166105853	-0.9999732099573269	-2	-2
126.80000000000001	-1.9999742625391768	-1.9999691144259568	-1.9999485228510665	-1.9999996414025718	-0.9999742607098835	-2	-2
127.	-1.999975271719429	-1.999970324992384	-1.9999505417476209	-1.9999996647915999	-0.9999752703455478	-2	-2
127.2	-1.999976241329203	-1.9999714880699706	-1.999952481131356	-1.999999686657424	-0.999976240332475	-2	-2
127.4	-1.9999771729200002	-1.9999726057609775	-1.9999543441195784	-1.9999997070950075	-0.9999771721388199	-2	-2
127.60000000000001	-1.9999780679826198	-1.9999736800778443	-1.9999561338295953	-1.9999997262018572	-0.9999780672327374	-2	-2
127.80000000000001	-1.9999789279498799	-1.9999747124783074	-1.999957853378713	-1.9999997440754793	-0.9999789270823827	-2	-2
128.	-1.9999797541967872	-1.999975704406793	-1.9999595058842388	-1.9999997608133802	-0.9999797531559106	-2	-2
128.20000000000002	-1.9999805480460877	-1.9999766573319964	-1.999961094178362	-1.9999997765130662	-0.9999805469214763	-2	-2
128.4	-1.9999813107681004	-1.999977572722613	-1.9999626203675762	-1.9999997912720435	-0.9999813098246598	-2	-2
128.60000000000002	-1.9999820435833866	-1.9999784520473385	-1.9999640866449577	-1.999999805152071	-0.9999820429786257	-2	-2
128.8	-1.9999827476645327	-1.999979296774868	-1.9999654952083104	-1.9999998181035101	-0.9999827473937491	-2	-2
129.	-1.999983424138272	-1.9999801083738973	-1.9999668482554376	-1.9999998301724546	-0.9999834241077842	-2	-2
129.20000000000002	-1.9999840740871233	-1.9999808883131216	-1.9999681479841427	-1.9999998414157443	-0.9999840741584847	-2	-2
129.4	-1.9999846985510856	-1.99998163793404	-1.9999693965922294	-1.9999998518902196	-0.9999846985836046	-2	-2
129.60000000000002	-1.9999852985294946	-1.9999823582367071	-1.9999705962775012	-1.9999998616527206	-0.9999852984208981	-2	-2
129.8	-1.9999858749823916	-1.9999830502573808	-1.999971749235465	-1.9999998707600875	-0.9999858747081192	-2	-2
130.	-1.9999864288322582	-1.9999837150348736	-1.9999728572983169	-1.9999998792691605	-0.9999864284830217	-2	-2
130.20000000000002	-1.9999869609653493	-1.9999843536079975	-1.9999739219538044	-1.9999998872417293	-0.9999869607330716	-2	-2
130.4	-1.9999874722332085	-1.999984967015565	-1.999974944762006	-1.9999998947652253	-0.9999874721827132	-2	-2
130.60000000000002	-1.9999879634539817	-1.999985556296388	-1.9999759272830004	-1.9999999018556653	-0.9999879635585796	-2	-2
130.8	-1.9999884354136843	-1.9999861224892788	-1.9999768710768662	-1.9999999085130495	-0.9999884355963767	-2	-2
131.	-1.9999888888676312	-1.9999866666321942	-1.999977777703682	-1.9999999147373775	-0.9999888890318113	-2	-2
131.20000000000002	-1.9999893245413425	-1.9999871895924617	-1.9999786487235263	-1.9999999205286494	-0.9999893246005896	-2	-2
131.4	-1.9999897431320708	-1.9999876920695747	-1.9999794856964779	-1.9999999258868653	-0.9999897430384181	-2	-2
131.60000000000002	-1.9999901453096187	-1.9999881747990977	-1.9999802901608936	-1.9999999308120253	-0.9999901450810031	-2	-2
131.8	-1.9999905317175362	-1.9999886385165948	-1.9999810632850685	-1.9999999353041291	-0.9999905314640511	-2	-2
132.	-1.9999909029742031	-1.9999890839576302	-1.9999818061219359	-1.9999999394226862	-0.9999909028439354	-2	-2
132.20000000000002	-1.999991259673704	-1.9999895118577684	-1.9999825197620755	-1.9999999433075129	-0.9999912597052608	-2	-2
132.4	-1.999991602386798	-1.9999899229525735	-1.9999832052960667	-1.9999999469644356	-0.9999916025609313	-2	-2
132.60000000000002	-1.9999919316619121	-1.99999031797761	-1.9999838638144882	-1.9999999503934545	-0.9999919319245643	-2	-2
132.8	-1.9999922480259684	-1.9999906976590855	-1.9999844964079199	-1.9999999535945692	-0.9999922483097768	-2	-2
133.	-1.999992551985229	-1.9999910625516328	-1.999985104166941	-1.99999995656778	-0.9999925522301861	-2	-2
133.20000000000002	-1.999992844026063	-1.9999914131512573	-1.9999856881821303	-1.9999999593130866	-0.9999928441994095	-2	-2
133.4	-1.9999931246158154	-1.9999917499718105	-1.9999862494998772	-1.9999999618304893	-0.9999931247310642	-2	-2
133.60000000000002	-1.9999933942034989	-1.9999920735271444	-1.9999867888962006	-1.9999999641211201	-0.999993394337866	-2	-2
133.8	-1.9999936532204845	-1.9999923843311103	-1.9999873071312797	-1.999999966259883	-0.9999936534460108	-2	-2
134.	-1.9999939020812472	-1.99999268289756	-1.9999878049754722	-1.9999999682919476	-0.9999939024052877	-2	-2
134.20000000000002	-1.9999941411840707	-1.9999929697403453	-1.999988283199135	-1.9999999702173135	-0.999994141579447	-2	-2
134.4	-1.9999943709115238	-1.9999932453733182	-1.999988742572625	-1.9999999720359807	-0.9999943713322392	-2	-2
134.60000000000002	-1.999994591631259	-1.9999935102906832	-1.9999891838663002	-1.9999999737479492	-0.9999945920274145	-2	-2
134.8	-1.9999948036964197	-1.9999937648605568	-1.999989607850517	-1.9999999753532192	-0.9999948040287232	-2	-2
135.	-1.9999950074464004	-1.9999940094419917	-1.9999900152956331	-1.9999999768517904	-0.9999950076999157	-2	-2
135.20000000000002	-1.9999952032072297	-1.9999942443990417	-1.9999904069113676	-1.999999978243663	-0.9999952034047423	-2	-2
135.4	-1.9999953912921493	-1.9999944700957615	-1.9999907832273731	-1.9999999795349626	-0.9999953915022443	-2	-2
135.60000000000002	-1.999995572002183	-1.9999946868962053	-1.999991144772874	-1.9999999807607771	-0.999995572274089	-2	-2
135.8	-1.9999957456264625	-1.9999948951644275	-1.9999914920779496	-1.9999999819266858	-0.9999957459652332	-2	-2
136.	-1.999995912442843	-1.999995095264482	-1.9999918256726796	-1.9999999830326884	-0.9999959128248211	-2	-2
136.20000000000002	-1.9999960727182384	-1.9999952875604237	-1.9999921460871433	-1.9999999840787854	-0.9999960731019973	-2	-2
136.4	-1.9999962267091673	-1.9999954723879454	-1.99999245385142	-1.9999999850649766	-0.9999962270459062	-2	-2
136.60000000000002	-1.999996374662014	-1.9999956499958733	-1.999992749495589	-1.9999999859912616	-0.9999963749056919	-2	-2
136.8	-1.999996516813541	-1.9999958206329966	-1.99999303354973	-1.999999986857641	-0.9999965169304992	-2	-2
137.	-1.9999966533912308	-1.9999959845485986	-1.9999933065439222	-1.9999999876641146	-0.9999966533694723	-2	-2
137.20000000000002	-1.999996784613653	-1.9999961419919619	-1.999993569008245	-1.9999999884194324	-0.9999967844717556	-2	-2
137.4	-1.999996910690753	-1.9999962932123696	-1.999993821428008	-1.999999989136961	-0.9999969104864934	-2	-2
137.60000000000002	-1.9999970318243008	-1.9999964384591047	-1.9999940641361107	-1.9999999898168437	-0.9999970316626288	-2	-2
137.8	-1.999997148208119	-1.9999965779814501	-1.9999942974359324	-1.9999999904590802	-0.9999971482130127	-2	-2
138.	-1.9999972600284996	-1.9999967120286892	-1.9999945216308646	-1.9999999910636703	-0.9999972602827027	-2	-2
138.20000000000002	-1.9999973674643183	-1.9999968408501048	-1.9999947370242983	-1.9999999916306146	-0.9999973680104781	-2	-2
138.4	-1.9999974706875179	-1.9999969646949796	-1.9999949439196247	-1.9999999921599125	-0.9999974715351176	-2	-2
138.60000000000002	-1.999997569863293	-1.9999970838061016	-1.9999951426202354	-1.9999999926515646	-0.9999975709954003	-2	-2
138.8	-1.9999976651503018	-1.9999971983587272	-1.999995333429521	-1.9999999931060919	-0.999997666530105	-2	-2
139.	-1.9999977567010527	-1.9999973084916796	-1.9999955166508734	-1.999999993534056	-0.9999977582780109	-2	-2
139.20000000000002	-1.9999978446620712	-1.9999974143437693	-1.9999956925876836	-1.999999993939609	-0.9999978463778966	-2	-2
139.4	-1.999997929174082	-1.9999975160538077	-1.999995861543902	-1.999999994322751	-0.9999979309685412	-2	-2
139.60000000000002	-1.99999801037234	-1.9999976137606057	-1.999996023920977	-1.9999999946834826	-0.9999980121887238	-2	-2
139.8	-1.9999980883867516	-1.9999977076029747	-1.9999961800209136	-1.9999999950218028	-0.9999980901772232	-2	-2
140.	-1.9999981633421793	-1.9999977977197252	-1.9999963300409607	-1.9999999953377126	-0.9999981651104132	-2	-2
140.20000000000002	-1.9999982353585646	-1.999997884249669	-1.9999964741783676	-1.9999999956312111	-0.9999982371535467	-2	-2
140.4	-1.9999983045511285	-1.9999979673316166	-1.9999966126303832	-1.999999995902299	-0.9999983063963898	-2	-2
140.60000000000002	-1.9999983710306455	-1.9999980471043795	-1.9999967455942569	-1.9999999961529742	-0.9999983729280748	-2	-2
140.8	-1.9999984349034399	-1.9999981237129292	-1.999996873267238	-1.999999996390448	-0.9999984368377348	-2	-2
141.	-1.9999984962717692	-1.9999981973562218	-1.9999969958465755	-1.999999996615371	-0.9999984982145025	-2	-2
141.20000000000002	-1.9999985552337824	-1.9999982681491761	-1.9999971135295187	-1.999999996827743	-0.9999985571475107	-2	-2
141.4	-1.9999986118838844	-1.9999983361809779	-1.9999972265133168	-1.9999999970275646	-0.9999986137258922	-2	-2
141.60000000000002	-1.9999986663126867	-1.999998401540813	-1.9999973349975626	-1.9999999972148355	-0.9999986680387797	-2	-2
141.8	-1.999998718607306	-1.9999984643178672	-1.9999974392574933	-1.9999999973895553	-0.9999987201753061	-2	-2
142.	-1.9999987688514367	-1.9999985246013259	-1.9999975394816578	-1.9999999975517244	-0.9999987702246041	-2	-2
142.20000000000002	-1.9999988171254865	-1.999998582480375	-1.999997635803413	-1.9999999977013434	-0.9999988182900102	-2	-2
142.4	-1.9999988635066428	-1.9999986380442	-1.9999977283561157	-1.9999999978412317	-0.9999988644976773	-2	-2
142.60000000000002	-1.9999989080691893	-1.9999986913819872	-1.9999978172731232	-1.999999997974082	-0.9999989089126522	-2	-2
142.8	-1.9999989508844016	-1.9999987425829215	-1.9999979026877923	-1.999999998099894	-0.9999989515949907	-2	-2
143.	-1.9999989920208234	-1.9999987917365236	-1.99999798473348	-1.999999998218668	-0.999998992604749	-2	-2
143.20000000000002	-1.9999990315442486	-1.9999988389695016	-1.9999980635435433	-1.9999999983304038	-0.9999990320019827	-2	-2
143.4	-1.9999990695179395	-1.999998884376189	-1.999998139251339	-1.9999999984351013	-0.9999990698467477	-2	-2
143.60000000000002	-1.999999106002669	-1.9999989280166706	-1.9999982119902247	-1.9999999985327608	-0.9999991061991002	-2	-2
143.8	-1.999999141056794	-1.999998969951032	-1.9999982818961184	-1.999999998623382	-0.9999991411190957	-2	-2
144.	-1.999999174736433	-1.9999990102393588	-1.9999983491307902	-1.9999999987075692	-0.9999991746667903	-2	-2
144.20000000000002	-1.9999992070954993	-1.999999048941736	-1.999998413793596	-1.9999999987912183	-0.99999920690224	-2	-2
144.4	-1.9999992381857188	-1.9999990861182488	-1.9999984759637546	-1.9999999988756767	-0.9999992378876704	-2	-2
144.60000000000002	-1.9999992680568872	-1.999999121828983	-1.9999985357204846	-1.9999999989607606	-0.9999992676955881	-2	-2
144.8	-1.9999992967567857	-1.9999991561340231	-1.9999985931430044	-1.9999999990462867	-0.9999992963671659	-2	-2
145.	-1.999999324331355	-1.9999991890934552	-1.9999986483105332	-1.999999999132071	-0.9999993239368322	-2	-2
145.20000000000002	-1.999999350824697	-1.999999220767364	-1.9999987013022893	-1.99999999921793	-0.9999993504390157	-2	-2
145.4	-1.9999993762792148	-1.9999992512244757	-1.9999987521974913	-1.9999999993036799	-0.9999993759081447	-2	-2
145.60000000000002	-1.9999994007356734	-1.999999280525586	-1.9999988010753582	-1.9999999993891373	-0.9999994003786479	-2	-2
145.8	-1.9999994242331534	-1.9999993087055203	-1.9999988480151087	-1.9999999994741184	-0.9999994238849538	-2	-2
146.	-1.9999994468093103	-1.9999993357987118	-1.999998893097754	-1.9999999995584397	-0.9999994464614909	-2	-2
146.20000000000002	-1.9999994685002198	-1.9999993618395937	-1.9999989364126667	-1.999999999641917	-0.9999994681426877	-2	-2
146.4	-1.9999994893406263	-1.9999993868625985	-1.999998978023776	-1.9999999997243676	-0.9999994889629729	-2	-2
146.60000000000002	-1.9999995093638603	-1.9999994109021595	-1.99999901798959	-1.9999999998056068	-0.9999995089569271	-2	-2
146.8	-1.9999995286019767	-1.9999994339927094	-1.999999056368617	-1.9999999998854519	-0.999999528166252	-2	-2
147.	-1.9999995470857566	-1.9999994561686814	-1.9999990932193652	-1.9999999999637184	-0.999999546622828	-2	-2
147.20000000000002	-1.9999995648448003	-1.9999994774645082	-1.999999128600343	-2.0000000000402234	-0.9999995643519585	-2	-2
147.4	-1.9999995819589889	-1.999999497914623	-1.9999991625700582	-2.0000000001147824	-0.9999995813789474	-2	-2
147.60000000000002	-1.9999995983506087	-1.9999995175558611	-1.999999195187019	-2.0000000001872125	-0.9999995977290983	-2	-2
147.8	-1.999999614099505	-1.9999995364288417	-1.9999992265097342	-2.00000000025733	-0.9999996134277147	-2	-2
148.	-1.9999996292308948	-1.9999995545602367	-1.9999992565967115	-2.0000000003249507	-0.9999996285001005	-2	-2
148.20000000000002	-1.9999996437689642	-1.9999995719753565	-1.9999992855064592	-2.0000000003898917	-0.9999996429715591	-2	-2
148.4	-1.9999996577369707	-1.9999995886995114	-1.9999993132974856	-2.0000000004519687	-0.9999996568673943	-2	-2
148.60000000000002	-1.999999671157304	-1.999999604758012	-1.9999993400282987	-2.000000000510998	-0.9999996702129099	-2	-2
148.8	-1.999999684051395	-1.9999996201761687	-1.999999365736799	-2.0000000005667964	-0.9999996830334092	-2	-2
149.	-1.9999996964399196	-1.9999996349792917	-1.9999993904032982	-2.0000000006191803	-0.9999996953541963	-2	-2
149.20000000000002	-1.999999708342694	-1.9999996491926915	-1.9999994140665	-2.0000000006679652	-0.9999997072005744	-2	-2
149.4	-1.9999997197787274	-1.9999996628416785	-1.9999994367709932	-2.000000000712969	-0.99999971859479	-2	-2
149.60000000000002	-1.9999997307663646	-1.9999996759515632	-1.999999458561367	-2.000000000754006	-0.9999997295310963	-2	-2
149.8	-1.9999997413231614	-1.999999688547656	-1.9999994794822102	-2.0000000007908945	-0.9999997400222097	-2	-2
150.	-1.9999997514660477	-1.9999997006552674	-1.9999994995781119	-2.0000000008234498	-0.9999997500877864	-2	-2
150.20000000000002	-1.9999997612111904	-1.9999997122997075	-1.9999995188936608	-2.000000000851488	-0.9999997597474823	-2	-2
150.4	-1.9999997705742318	-1.9999997234918594	-1.9999995374734463	-2.0000000008748264	-0.9999997690209536	-2	-2
150.60000000000002	-1.9999997795701479	-1.99999973422834	-1.9999995553620573	-2.0000000008932806	-0.9999997779278562	-2	-2
150.8	-1.999999788213314	-1.9999997445283524	-1.9999995726040825	-2.000000000906667	-0.9999997864878464	-2	-2
151.	-1.999999796517609	-1.9999997544115613	-1.9999995892441111	-2.000000000914803	-0.99999979472058	-2	-2
151.20000000000002	-1.999999804496256	-1.999999763897632	-1.9999996053267322	-2.000000000917503	-0.9999998026457132	-2	-2
151.4	-1.9999998121620786	-1.999999773006229	-1.9999996208965343	-2.000000000914585	-0.999999810282902	-2	-2
151.60000000000002	-1.999999819527298	-1.999999781757018	-1.999999635934164	-2.0000000009058647	-0.9999998176518025	-2	-2
151.8	-1.999999826603725	-1.9999997901696638	-1.9999996503764959	-2.0000000008911583	-0.9999998247720707	-2	-2
152.	-1.999999833402698	-1.9999997982638311	-1.9999996642451077	-2.0000000008702825	-0.9999998316633628	-2	-2
152.20000000000002	-1.9999998399350802	-1.9999998060591853	-1.9999996775623945	-2.0000000008430536	-0.9999998383308972	-2	-2
152.4	-1.999999846211317	-1.9999998135753911	-1.9999996903507513	-2.0000000008092877	-0.9999998447389697	-2	-2
152.60000000000002	-1.999999852241453	-1.9999998208321137	-1.9999997026325729	-2.0000000007688015	-0.9999998508931521	-2	-2
152.8	-1.9999998580351377	-1.999999827849018	-1.9999997144302546	-2.000000000721855	-0.999999856803253	-2	-2
153.	-1.9999998636016745	-1.9999998346454615	-1.9999997257661914	-2.0000000006767227	-0.9999998624790808	-2	-2
153.20000000000002	-1.9999998689499339	-1.9999998411992566	-1.9999997366627782	-2.0000000006364265	-0.9999998679304444	-2	-2
153.4	-1.9999998740884797	-1.999999847493697	-1.9999997471424102	-2.0000000006007514	-0.9999998731671521	-2	-2
153.60000000000002	-1.9999998790255427	-1.999999853538595	-1.9999997572274824	-2.000000000569484	-0.9999998781990126	-2	-2
153.8	-1.9999998837690174	-1.9999998593437622	-1.9999997669403895	-2.00000000054241	-0.9999998830358345	-2	-2
154.	-1.9999998883264907	-1.9999998649190105	-1.9999997763035269	-2.0000000005193153	-0.9999998876874263	-2	-2
154.20000000000002	-1.9999998927052844	-1.9999998702741515	-1.9999997853385967	-2.000000000499986	-0.9999998921635966	-2	-2
154.4	-1.9999998969123574	-1.9999998754189972	-1.9999997940254572	-2.0000000004842073	-0.9999998964741541	-2	-2
154.60000000000002	-1.9999999009544902	-1.9999998803633594	-1.9999998023546668	-2.0000000004717657	-0.9999999006289072	-2	-2
154.8	-1.999999904838114	-1.9999998851170495	-1.9999998103392618	-2.000000000462447	-0.9999999046376645	-2	-2
155.	-1.999999908569475	-1.9999998896898799	-1.999999817992279	-2.0000000004560374	-0.9999999084984149	-2	-2
155.20000000000002	-1.9999999121545144	-1.999999894091662	-1.9999998253267548	-2.000000000452322	-0.9999999122008524	-2	-2
155.4	-1.9999999155989814	-1.9999998983322076	-1.999999832355726	-2.0000000004510876	-0.9999999157504923	-2	-2
155.60000000000002	-1.9999999189083908	-1.9999999024213284	-1.999999839092229	-2.0000000004521197	-0.9999999191530116	-2	-2
155.8	-1.9999999220880353	-1.999999906367116	-1.9999998455493004	-2.0000000004552043	-0.999999922414087	-2	-2
156.	-1.9999999251430105	-1.9999999101571593	-1.9999998517399766	-2.000000000460127	-0.9999999255393954	-2	-2
156.20000000000002	-1.9999999280782037	-1.999999913791236	-1.9999998576772946	-2.000000000466674	-0.9999999285346138	-2	-2
156.4	-1.9999999308983016	-1.9999999172750247	-1.9999998633742908	-2.000000000474631	-0.999999931405419	-2	-2
156.60000000000002	-1.9999999336078083	-1.9999999206142034	-1.9999998688440015	-2.0000000004837846	-0.9999999341574876	-2	-2
156.8	-1.999999936211072	-1.9999999238144506	-1.9999998740994636	-2.0000000004939196	-0.9999999367964967	-2	-2
157.	-1.9999999387122809	-1.9999999268814448	-1.999999879155771	-2.0000000005048224	-0.9999999393281231	-2	-2
157.20000000000002	-1.9999999411154246	-1.9999999298208644	-1.9999998840410969	-2.0000000005162795	-0.9999999417580436	-2	-2
157.4	-1.999999943424319	-1.9999999326383875	-1.9999998887610102	-2.000000000528076	-0.9999999440919352	-2	-2
157.60000000000002	-1.9999999456426631	-1.9999999353396924	-1.999999893315511	-2.000000000539998	-0.9999999463356021	-2	-2
157.8	-1.9999999477740469	-1.9999999379304578	-1.9999998977045992	-2.000000000551831	-0.9999999485012422	-2	-2
158.	-1.999999949821864	-1.999999940416362	-1.9999999019282748	-2.0000000005633622	-0.9999999505941239	-2	-2
158.20000000000002	-1.9999999517893883	-1.999999942803083	-1.9999999059865379	-2.000000000574376	-0.9999999526142475	-2	-2
158.4	-1.999999953679752	-1.9999999450962997	-1.9999999098793884	-2.0000000005846594	-0.9999999545616126	-2	-2
158.60000000000002	-1.999999955495998	-1.9999999473037466	-1.9999999136068263	-2.000000000593998	-0.9999999564362194	-2	-2
158.8	-1.9999999572410208	-1.9999999494373	-1.9999999171688516	-2.0000000006021774	-0.9999999582380679	-2	-2
159.	-1.9999999589176123	-1.999999951498067	-1.9999999205654642	-2.000000000608984	-0.9999999599671581	-2	-2
159.20000000000002	-1.9999999605284997	-1.999999953486048	-1.9999999237966644	-2.000000000614203	-0.9999999616234899	-2	-2
159.4	-1.9999999620761877	-1.9999999554012424	-1.9999999268624518	-2.0000000006176206	-0.9999999632070635	-2	-2
159.60000000000002	-1.9999999635632144	-1.9999999572436509	-1.9999999297628268	-2.000000000619023	-0.9999999647178787	-2	-2
159.8	-1.999999964991908	-1.9999999590132729	-1.9999999324978068	-2.000000000618196	-0.9999999661559357	-2	-2
160.	-1.9999999663646046	-1.9999999607101084	-1.9999999351082	-2.000000000614926	-0.9999999675212342	-2	-2
160.20000000000002	-1.9999999676834588	-1.9999999623341578	-1.9999999376315398	-2.0000000006089973	-0.9999999688137745	-2	-2
160.4	-1.9999999689506074	-1.999999963885421	-1.9999999400678266	-2.0000000006001977	-0.9999999700335565	-2	-2
160.60000000000002	-1.9999999701680828	-1.9999999653638978	-1.9999999424170598	-2.0000000005883116	-0.9999999711907727	-2	-2
160.8	-1.9999999713377954	-1.9999999667695882	-1.9999999446792398	-2.000000000573126	-0.9999999723088521	-2	-2
161.	-1.9999999724616664	-1.9999999681024925	-1.9999999468543663	-2.0000000005544263	-0.9999999733887236	-2	-2
161.20000000000002	-1.9999999735414797	-1.9999999693626105	-1.9999999489424396	-2.000000000531998	-0.9999999744303872	-2	-2
161.4	-1.9999999745789117	-1.9999999705507794	-1.9999999509434596	-2.000000000505628	-0.999999975433843	-2	-2
161.60000000000002	-1.9999999755756919	-1.999999971690215	-1.9999999528574264	-2.0000000004751795	-0.9999999763990908	-2	-2
161.8	-1.9999999765333625	-1.999999972791429	-1.9999999546843397	-2.000000000444617	-0.9999999773261307	-2	-2
162.	-1.999999977453509	-1.9999999738544216	-1.9999999564241997	-2.0000000004162013	-0.9999999782149627	-2	-2
162.2	-1.9999999783375917	-1.9999999748791928	-1.9999999580770065	-2.0000000003898553	-0.9999999790655867	-2	-2
162.4	-1.999999979186974	-1.9999999758657425	-1.99999995964276	-2.0000000003655014	-0.9999999798780028	-2	-2
162.60000000000002	-1.999999980003061	-1.9999999768140708	-1.99999996112146	-2.000000000343061	-0.9999999806522111	-2	-2
162.8	-1.9999999807871625	-1.9999999777241775	-1.9999999625227767	-2.0000000003224576	-0.9999999813882113	-2	-2
163.	-1.999999981540524	-1.999999978596063	-1.9999999638804522	-2.0000000003036127	-0.9999999820860038	-2	-2
163.2	-1.9999999822643233	-1.9999999794297267	-1.9999999651973843	-2.000000000286449	-0.9999999827455883	-2	-2
163.4	-1.9999999829597448	-1.9999999802251691	-1.999999966473573	-2.0000000002708886	-0.9999999833685345	-2	-2
163.60000000000002	-1.9999999836279096	-1.99999998098239	-1.9999999677090186	-2.0000000002568545	-0.9999999839698449	-2	-2
163.8	-1.9999999842698473	-1.9999999817013894	-1.9999999689037207	-2.000000000244268	-0.9999999845532602	-2	-2
164.	-1.999999984886644	-1.9999999823821675	-1.9999999700576794	-2.0000000002330527	-0.9999999851187803	-2	-2
164.2	-1.9999999854792734	-1.999999983024724	-1.9999999711708947	-2.00000000022313	-0.9999999856664052	-2	-2
164.4	-1.999999986048646	-1.9999999836363151	-1.9999999722433666	-2.0000000002144227	-0.9999999861961351	-2	-2
164.60000000000002	-1.9999999865956557	-1.9999999842297609	-1.9999999732750953	-2.0000000002068528	-0.9999999867079696	-2	-2
164.8	-1.999999987121253	-1.999999984805305	-1.9999999742660806	-2.000000000200343	-0.9999999872019091	-2	-2
165.	-1.9999999876262646	-1.999999985362947	-1.9999999752163224	-2.000000000194815	-0.9999999876779534	-2	-2
165.2	-1.9999999881114428	-1.9999999859026878	-1.999999976125821	-2.000000000190192	-0.9999999881361025	-2	-2
165.4	-1.9999999885775712	-1.9999999864245266	-1.9999999769945762	-2.000000000186396	-0.9999999885763564	-2	-2
165.60000000000002	-1.9999999890254612	-1.9999999869284637	-1.9999999778232453	-2.0000000001833493	-0.9999999889987152	-2	-2
165.8	-1.9999999894557492	-1.9999999874144991	-1.9999999786242963	-2.000000000180974	-0.9999999894031788	-2	-2
166.	-1.9999999898692038	-1.999999987882633	-1.9999999794024748	-2.000000000179193	-0.9999999897897472	-2	-2
166.2	-1.999999990266475	-1.9999999883328647	-1.9999999801577806	-2.0000000001779283	-0.9999999901584218	-2	-2
166.4	-1.9999999906481203	-1.9999999887651951	-1.9999999808902138	-2.0000000001771023	-0.9999999905132586	-2	-2
166.60000000000002	-1.999999991014808	-1.9999999891796236	-1.9999999815997744	-2.0000000001766374	-0.9999999908580339	-2	-2
166.8	-1.9999999913671058	-1.9999999895761504	-1.9999999822864627	-2.0000000001764557	-0.9999999911927475	-2	-2
167.	-1.9999999917056448	-1.9999999899547756	-1.9999999829502781	-2.0000000001764797	-0.9999999915173996	-2	-2
167.2	-1.999999992030849	-1.999999990316365	-1.999999983591221	-2.000000000176632	-0.9999999918319901	-2	-2
167.4	-1.9999999923433083	-1.9999999906667885	-1.9999999842092915	-2.000000000176835	-0.9999999921365189	-2	-2
167.60000000000002	-1.999999992643542	-1.9999999910071466	-1.9999999848044892	-2.0000000001770104	-0.9999999924309863	-2	-2
167.8	-1.9999999929320027	-1.9999999913374393	-1.9999999853768142	-2.000000000177081	-0.9999999927153919	-2	-2
168.	-1.9999999932091523	-1.9999999916576665	-1.999999985926267	-2.000000000176969	-0.999999992989736	-2	-2
168.2	-1.9999999934754296	-1.999999991967828	-1.9999999864528468	-2.000000000176597	-0.9999999932540184	-2	-2
168.4	-1.9999999937312536	-1.9999999922679241	-1.9999999869565543	-2.0000000001758873	-0.9999999935082393	-2	-2
168.60000000000002	-1.9999999939770492	-1.9999999925579548	-1.9999999874408019	-2.0000000001747615	-0.9999999937523987	-2	-2
168.8	-1.9999999942131903	-1.99999999283792	-1.9999999879106278	-2.0000000001731433	-0.9999999939864963	-2	-2
169.	-1.9999999944401072	-1.9999999931078196	-1.9999999883660786	-2.000000000170954	-0.9999999942105324	-2	-2
169.2	-1.9999999946581588	-1.9999999933676538	-1.9999999888071536	-2.000000000168116	-0.99999999442528	-2	-2
169.4	-1.9999999948675964	-1.9999999936174224	-1.9999999892338534	-2.0000000001645524	-0.999999994633466	-2	-2
169.60000000000002	-1.9999999950688174	-1.9999999938571256	-1.9999999896461773	-2.0000000001601848	-0.9999999948353286	-2	-2
169.8	-1.99999999526218	-1.9999999940867632	-1.9999999900441259	-2.0000000001549356	-0.9999999950308677	-2	-2
170.	-1.999999995447956	-1.9999999943063522	-1.999999990427699	-2.0000000001487277	-0.9999999952200833	-2	-2
170.2	-1.9999999956264494	-1.9999999945180844	-1.9999999907968966	-2.000000000141483	-0.9999999954029755	-2	-2
170.4	-1.9999999957979397	-1.9999999947234905	-1.9999999911517186	-2.0000000001331246	-0.9999999955795441	-2	-2
170.60000000000002	-1.9999999959626962	-1.9999999949225706	-1.9999999914921651	-2.0000000001243414	-0.9999999957497894	-2	-2
170.8	-1.9999999961209813	-1.9999999951153251	-1.999999991818236	-2.0000000001157683	-0.999999995913711	-2	-2
171.	-1.999999996273096	-1.9999999953017535	-1.9999999921299316	-2.0000000001074034	-0.9999999960713093	-2	-2
171.2	-1.999999996419254	-1.999999995481856	-1.9999999924272516	-2.000000000099244	-0.9999999962225841	-2	-2
171.4	-1.9999999965596469	-1.9999999956556327	-1.9999999927109862	-2.0000000000912896	-0.9999999963675353	-2	-2
171.60000000000002	-1.9999999966945596	-1.9999999958230832	-1.9999999929854957	-2.0000000000835367	-0.9999999965061632	-2	-2
171.8	-1.99999999682415	-1.999999995984208	-1.9999999932514465	-2.0000000000759837	-0.9999999966384675	-2	-2
172.	-1.9999999969486888	-1.999999996139007	-1.999999993508839	-2.0000000000686287	-0.9999999967645404	-2	-2
172.2	-1.9999999970683247	-1.9999999962874797	-1.999999993757673	-2.000000000061469	-0.999999996886165	-2	-2
172.4	-1.9999999971832587	-1.9999999964296267	-1.9999999939979485	-2.000000000054503	-0.9999999970040273	-2	-2
172.60000000000002	-1.9999999972937155	-1.9999999965654478	-1.9999999942296653	-2.0000000000477285	-0.9999999971181273	-2	-2
172.8	-1.999999997399834	-1.9999999966949429	-1.9999999944528237	-2.0000000000411435	-0.9999999972284648	-2	-2
173.	-1.9999999975018008	-1.9999999968187765	-1.9999999946674236	-2.0000000000347455	-0.99999999733504	-2	-2
173.2	-1.9999999975997655	-1.9999999969387459	-1.999999994873465	-2.000000000028533	-0.9999999974378528	-2	-2
173.4	-1.9999999976938694	-1.9999999970549514	-1.999999995070948	-2.0000000000225038	-0.9999999975369033	-2	-2
173.60000000000002	-1.9999999977842982	-1.9999999971673932	-1.9999999952598724	-2.0000000000166556	-0.9999999976321914	-2	-2
173.8	-1.999999997871161	-1.9999999972760714	-1.9999999954402383	-2.000000000010986	-0.9999999977237172	-2	-2
174.	-1.999999997954638	-1.9999999973809857	-1.9999999956120456	-2.0000000000054934	-0.9999999978114805	-2	-2
174.20000000000002	-1.9999999980348666	-1.999999997482136	-1.9999999957753347	-2.000000000000176	-0.9999999978954816	-2	-2
174.4	-1.999999998111905	-1.9999999975795228	-1.9999999959324586	-1.9999999999950309	-0.9999999979757203	-2	-2
174.60000000000002	-1.9999999981859298	-1.9999999976731457	-1.9999999960847894	-1.9999999999900564	-0.9999999980521965	-2	-2
174.8	-1.9999999982570635	-1.9999999977630047	-1.9999999962323276	-1.9999999999852505	-0.9999999981249105	-2	-2
175.	-1.999999998325426	-1.9999999978491	-1.9999999963750725	-1.9999999999806108	-0.9999999981945225	-2	-2
175.20000000000002	-1.9999999983910592	-1.9999999979314318	-1.9999999965130248	-1.9999999999761355	-0.9999999982620184	-2	-2
175.4	-1.9999999984541696	-1.9999999980099994	-1.999999996646184	-1.9999999999718228	-0.9999999983274077	-2	-2
175.60000000000002	-1.999999998514767	-1.9999999980848036	-1.9999999967745505	-1.9999999999676699	-0.9999999983906905	-2	-2
175.8	-1.9999999985729908	-1.9999999981559424	-1.999999996898124	-1.999999999963675	-0.9999999984518668	-2	-2
176.	-1.9999999986289347	-1.9999999982246186	-1.9999999970169047	-1.9999999999598363	-0.9999999985109365	-2	-2
176.20000000000002	-1.999999998682753	-1.9999999982911876	-1.9999999971308924	-1.9999999999561513	-0.9999999985678997	-2	-2
176.4	-1.999999998734373	-1.9999999983556491	-1.999999997240087	-1.9999999999526181	-0.9999999986227562	-2	-2
176.60000000000002	-1.999999998784021	-1.9999999984180032	-1.9999999973444889	-1.9999999999492348	-0.9999999986755062	-2	-2
176.8	-1.9999999988316695	-1.9999999984782502	-1.9999999974440978	-1.999999999945999	-0.9999999987261496	-2	-2
177.	-1.9999999988774984	-1.9999999985363897	-1.999999997538914	-1.9999999999429086	-0.9999999987746865	-2	-2
177.20000000000002	-1.9999999989215131	-1.9999999985924217	-1.9999999976295633	-1.9999999999399618	-0.9999999988211168	-2	-2
177.4	-1.9999999989638022	-1.9999999986463466	-1.9999999977174698	-1.9999999999371563	-0.9999999988654406	-2	-2
177.60000000000002	-1.9999999990044213	-1.999999998698164	-1.9999999978026888	-1.99999999993449	-0.9999999989076577	-2	-2
177.8	-1.9999999990434716	-1.999999998747874	-1.99999999788522	-1.9999999999319609	-0.9999999989478925	-2	-2
178.	-1.9999999990809878	-1.9999999987954769	-1.9999999979650638	-1.9999999999295668	-0.9999999989868383	-2	-2
178.20000000000002	-1.9999999991170119	-1.9999999988409722	-1.9999999980422198	-1.9999999999273057	-0.9999999990246027	-2	-2
178.4	-1.9999999991516229	-1.9999999988843602	-1.9999999981166883	-1.9999999999251754	-0.9999999990611855	-2	-2
178.60000000000002	-1.9999999991848938	-1.999999998925641	-1.999999998188469	-1.9999999999231741	-0.999999999096587	-2	-2
178.8	-1.9999999992168482	-1.999999998965978	-1.9999999982575623	-1.9999999999212994	-0.9999999991308068	-2	-2
179.	-1.9999999992475541	-1.999999999006659	-1.9999999983239678	-1.9999999999195492	-0.9999999991638452	-2	-2
179.20000000000002	-1.9999999992770983	-1.9999999990476538	-1.9999999983876857	-1.9999999999179217	-0.999999999195702	-2	-2
179.4	-1.99999999930544	-1.99999999908893	-1.999999998448716	-1.9999999999164146	-0.9999999992263775	-2	-2
179.60000000000002	-1.9999999993326512	-1.999999999130456	-1.9999999985070587	-1.9999999999150258	-0.9999999992558714	-2	-2
179.8	-1.9999999993588133	-1.9999999991722	-1.999999998562714	-1.9999999999137534	-0.9999999992841837	-2	-2
180.	-1.999999999383965	-1.9999999992141302	-1.9999999986159227	-1.999999999912595	-0.9999999993113147	-2	-2
180.20000000000002	-1.9999999994081215	-1.999999999256215	-1.999999998668946	-1.9999999999115488	-0.999999999337264	-2	-2
180.4	-1.9999999994313133	-1.999999999298422	-1.9999999987223045	-1.9999999999106124	-0.9999999993620319	-2	-2
180.60000000000002	-1.9999999994536155	-1.9999999993407203	-1.999999998775955	-1.9999999999097842	-0.9999999993856326	-2	-2
180.8	-1.9999999994750188	-1.9999999993830775	-1.999999998829855	-1.9999999999090616	-0.9999999994089275	-2	-2
181.	-1.9999999994956144	-1.9999999994254618	-1.9999999988839616	-1.9999999999084428	-0.9999999994324122	-2	-2
181.20000000000002	-1.9999999995154238	-1.9999999994678415	-1.9999999989382322	-1.9999999999079254	-0.99999999945607	-2	-2
181.4	-1.9999999995344182	-1.9999999995101847	-1.999999998992624	-1.9999999999075078	-0.9999999994798839	-2	-2
181.60000000000002	-1.9999999995526772	-1.99999999955246	-1.9999999990470945	-1.9999999999071876	-0.9999999995038372	-2	-2
181.8	-1.9999999995701963	-1.9999999995946351	-1.9999999991016004	-1.9999999999069629	-0.9999999995279133	-2	-2
182.	-1.9999999995870588	-1.9999999996366784	-1.9999999991560993	-1.9999999999068312	-0.9999999995520951	-2	-2
182.20000000000002	-1.999999999603246	-1.9999999996785582	-1.9999999992105486	-1.9999999999067908	-0.999999999576366	-2	-2
182.4	-1.9999999996187994	-1.9999999997202427	-1.9999999992649051	-1.9999999999068394	-0.9999999996007093	-2	-2
182.60000000000002	-1.999999999633751	-1.9999999997616997	-1.9999999993191262	-1.9999999999069753	-0.999999999625108	-2	-2
182.8	-1.9999999996481204	-1.999999999802898	-1.9999999993731694	-1.9999999999071958	-0.9999999996495453	-2	-2
183.	-1.9999999996619344	-1.9999999998438054	-1.9999999994269917	-1.9999999999074993	-0.9999999996740048	-2	-2
183.20000000000002	-1.9999999996751856	-1.9999999998843903	-1.9999999994805506	-1.9999999999078835	-0.9999999996984692	-2	-2
183.4	-1.9999999996879139	-1.9999999999246205	-1.999999999533803	-1.9999999999083462	-0.9999999997229221	-2	-2
183.60000000000002	-1.9999999997001487	-1.9999999999644649	-1.9999999995867064	-1.9999999999088856	-0.9999999997473465	-2	-2
183.8	-1.9999999997118922	-2.000000000003891	-1.9999999996392177	-1.9999999999094993	-0.9999999997717257	-2	-2
184.	-1.9999999997231888	-2.0000000000428675	-1.9999999996912947	-1.9999999999101854	-0.999999999796043	-2	-2
184.20000000000002	-1.9999999997340827	-2.000000000081362	-1.999999999742894	-1.999999999910942	-0.9999999998202814	-2	-2
184.4	-1.9999999997444973	-2.0000000001193436	-1.9999999997939737	-1.9999999999117666	-0.9999999998444243	-2	-2
184.60000000000002	-1.9999999997544884	-2.0000000001567795	-1.9999999998444902	-1.9999999999126574	-0.9999999998684549	-2	-2
184.8	-1.999999999764118	-2.000000000193639	-1.9999999998944011	-1.9999999999136122	-0.9999999998923563	-2	-2
185.	-1.9999999997733853	-2.000000000229889	-1.9999999999436637	-1.9999999999146287	-0.9999999999161118	-2	-2
185.20000000000002	-1.999999999782265	-2.0000000002654987	-1.9999999999922353	-1.9999999999157052	-0.9999999999397046	-2	-2
185.4	-1.9999999997907998	-2.000000000300436	-2.000000000040073	-1.9999999999168396	-0.999999999963118	-2	-2
185.60000000000002	-1.9999999997990023	-2.000000000334669	-2.000000000087134	-1.9999999999180296	-0.9999999999863349	-2	-2
185.8	-1.9999999998068785	-2.0000000003681664	-2.0000000001333755	-1.999999999919273	-1.000000000009339	-2	-2
186.	-1.9999999998144558	-2.0000000004008958	-2.000000000178755	-1.999999999920568	-1.0000000000321132	-2	-2
186.20000000000002	-1.9999999998217575	-2.0000000004328253	-2.0000000002232294	-1.9999999999219122	-1.0000000000546405	-2	-2
186.4	-1.9999999998287314	-2.0000000004639236	-2.0000000002667564	-1.9999999999233038	-1.0000000000769047	-2	-2
186.60000000000002	-1.999999999835448	-2.0000000004941585	-2.0000000003092926	-1.9999999999247406	-1.0000000000988887	-2	-2
186.8	-1.9999999998418907	-2.0000000005234986	-2.0000000003507963	-1.9999999999262206	-1.0000000001205755	-2	-2
187.	-1.9999999998480864	-2.000000000551912	-2.0000000003912235	-1.9999999999277416	-1.0000000001419487	-2	-2
187.20000000000002	-1.9999999998540614	-2.0000000005793663	-2.0000000004305325	-1.9999999999293014	-1.0000000001629914	-2	-2
187.4	-1.999999999859761	-2.0000000006058305	-2.0000000004686798	-1.9999999999308982	-1.0000000001836866	-2	-2
187.60000000000002	-1.9999999998652755	-2.0000000006312724	-2.000000000505623	-1.9999999999325297	-1.000000000204018	-2	-2
187.8	-1.9999999998705575	-2.0000000006556604	-2.0000000005413194	-1.9999999999341938	-1.0000000002239682	-2	-2
188.	-1.9999999998756548	-2.0000000006789627	-2.000000000575726	-1.9999999999358886	-1.0000000002435208	-2	-2
188.20000000000002	-1.9999999998805196	-2.000000000701147	-2.0000000006088	-1.9999999999376117	-1.0000000002626588	-2	-2
188.4	-1.9999999998851978	-2.000000000722182	-2.000000000640499	-1.9999999999393614	-1.0000000002813658	-2	-2
188.60000000000002	-1.99999999988971	-2.0000000007420358	-2.0000000006707803	-1.9999999999411353	-1.0000000002996245	-2	-2
188.8	-1.9999999998940126	-2.000000000760677	-2.0000000006996004	-1.9999999999429314	-1.0000000003174185	-2	-2
189.	-1.9999999998981766	-2.0000000007780727	-2.0000000007269176	-1.9999999999447475	-1.000000000334731	-2	-2
189.20000000000002	-1.9999999999021878	-2.000000000794192	-2.000000000752688	-1.9999999999465818	-1.000000000351545	-2	-2
189.4	-1.9999999999060254	-2.0000000008090026	-2.00000000077687	-1.9999999999484321	-1.0000000003678438	-2	-2
189.60000000000002	-1.999999999909682	-2.0000000008224736	-2.00000000079942	-1.9999999999502962	-1.0000000003836107	-2	-2
189.8	-1.9999999999132263	-2.000000000834572	-2.000000000820296	-1.999999999952172	-1.0000000003988287	-2	-2
190.	-1.9999999999166576	-2.000000000845267	-2.0000000008394543	-1.9999999999540574	-1.0000000004134812	-2	-2
190.20000000000002	-1.999999999919922	-2.0000000008545262	-2.0000000008568524	-1.9999999999559506	-1.0000000004275515	-2	-2
190.4	-1.9999999999230393	-2.0000000008623178	-2.0000000008724483	-1.999999999957849	-1.0000000004410228	-2	-2
190.60000000000002	-1.9999999999260538	-2.00000000086861	-2.0000000008861987	-1.999999999959751	-1.000000000453878	-2	-2
190.8	-1.9999999999289422	-2.0000000008733716	-2.0000000008980603	-1.9999999999616545	-1.0000000004661005	-2	-2
191.	-1.9999999999317386	-2.0000000008765704	-2.0000000009079915	-1.999999999963557	-1.0000000004776737	-2	-2
191.20000000000002	-1.9999999999344527	-2.0000000008781744	-2.0000000009159487	-1.9999999999654565	-1.0000000004885805	-2	-2
191.4	-1.99999999993701	-2.0000000008781518	-2.0000000009218897	-1.9999999999673512	-1.0000000004988043	-2	-2
191.60000000000002	-1.9999999999394849	-2.000000000876471	-2.000000000925771	-1.999999999969239	-1.0000000005083285	-2	-2
191.8	-1.9999999999418547	-2.0000000008731003	-2.0000000009275505	-1.9999999999711175	-1.000000000517136	-2	-2
192.	-1.999999999944127	-2.000000000868008	-2.0000000009271854	-1.999999999972985	-1.00000000052521	-2	-2
192.20000000000002	-1.999999999946335	-2.0000000008611614	-2.000000000924633	-1.9999999999748388	-1.000000000532534	-2	-2
192.4	-1.9999999999484002	-2.0000000008525296	-2.00000000091985	-1.9999999999766773	-1.000000000539091	-2	-2
192.60000000000002	-1.999999999950443	-2.0000000008420806	-2.000000000912794	-1.9999999999784985	-1.0000000005448642	-2	-2
192.8	-1.9999999999523954	-2.000000000829783	-2.0000000009034222	-1.9999999999803	-1.0000000005498368	-2	-2
193.	-1.9999999999542766	-2.000000000815604	-2.0000000008916916	-1.99999999998208	-1.0000000005539922	-2	-2
193.20000000000002	-1.9999999999560705	-2.0000000007995125	-2.0000000008775602	-1.9999999999838358	-1.0000000005573135	-2	-2
193.4	-1.999999999957782	-2.0000000007814767	-2.0000000008609846	-1.9999999999855662	-1.000000000559784	-2	-2
193.60000000000002	-1.9999999999594427	-2.0000000007614642	-2.000000000841922	-1.9999999999872684	-1.0000000005613867	-2	-2
193.8	-1.9999999999610134	-2.000000000739444	-2.0000000008203305	-1.9999999999889406	-1.0000000005621053	-2	-2
194.	-1.9999999999625555	-2.0000000007153838	-2.0000000007961662	-1.9999999999905806	-1.0000000005619223	-2	-2
194.20000000000002	-1.9999999999640534	-2.000000000689252	-2.0000000007693868	-1.9999999999921867	-1.0000000005608214	-2	-2
194.4	-1.9999999999654434	-2.000000000662428	-2.0000000007401613	-1.999999999993756	-1.0000000005587857	-2	-2
194.60000000000002	-1.9999999999667801	-2.0000000006371037	-2.00000000071173	-1.9999999999952873	-1.0000000005557985	-2	-2
194.8	-1.9999999999680798	-2.0000000006132708	-2.000000000685168	-1.9999999999967781	-1.0000000005518428	-2	-2
195.	-1.9999999999693605	-2.0000000005908922	-2.000000000660426	-1.9999999999982263	-1.000000000546902	-2	-2
195.20000000000002	-1.9999999999705576	-2.000000000569932	-2.000000000637453	-1.9999999999996299	-1.0000000005409593	-2	-2
195.4	-1.9999999999717062	-2.0000000005503544	-2.0000000006162004	-2.0000000000009863	-1.0000000005339977	-2	-2
195.60000000000002	-1.9999999999728244	-2.0000000005321223	-2.000000000596618	-2.000000000002294	-1.0000000005260008	-2	-2
195.8	-1.9999999999738625	-2.0000000005151994	-2.0000000005786553	-2.0000000000035514	-1.0000000005169516	-2	-2
196.	-1.9999999999748945	-2.0000000004995497	-2.000000000562263	-2.0000000000047553	-1.0000000005068332	-2	-2
196.20000000000002	-1.999999999975902	-2.000000000485137	-2.0000000005473915	-2.000000000005904	-1.000000000495629	-2	-2
196.4	-1.9999999999768399	-2.000000000471924	-2.0000000005339906	-2.0000000000069957	-1.0000000004833223	-2	-2
196.60000000000002	-1.9999999999777438	-2.000000000459875	-2.00000000052201	-2.000000000008028	-1.0000000004698961	-2	-2
196.8	-1.999999999978607	-2.0000000004489538	-2.0000000005114007	-2.000000000008999	-1.0000000004553338	-2	-2
197.	-1.9999999999794582	-2.000000000439124	-2.000000000502112	-2.0000000000099063	-1.0000000004396181	-2	-2
197.20000000000002	-1.9999999999802762	-2.0000000004303486	-2.0000000004940945	-2.0000000000107483	-1.0000000004228278	-2	-2
197.4	-1.999999999981031	-2.000000000422592	-2.0000000004872986	-2.0000000000115223	-1.0000000004064222	-2	-2
197.60000000000002	-1.99999999998179	-2.0000000004158176	-2.000000000481674	-2.000000000012227	-1.000000000390889	-2	-2
197.8	-1.9999999999824976	-2.000000000409989	-2.0000000004771707	-2.0000000000128595	-1.0000000003762084	-2	-2
198.	-1.9999999999832054	-2.00000000040507	-2.0000000004737393	-2.0000000000134186	-1.0000000003623613	-2	-2
198.20000000000002	-1.9999999999838605	-2.000000000401024	-2.0000000004713296	-2.0000000000139013	-1.0000000003493277	-2	-2
198.4	-1.9999999999844922	-2.0000000003978147	-2.000000000469892	-2.000000000014306	-1.0000000003370884	-2	-2
198.60000000000002	-1.9999999999850924	-2.000000000395406	-2.0000000004693765	-2.00000000001463	-1.0000000003256235	-2	-2
198.8	-1.99999999998566	-2.0000000003937615	-2.000000000469733	-2.0000000000148725	-1.000000000314914	-2	-2
199.	-1.9999999999862395	-2.0000000003928444	-2.0000000004709126	-2.00000000001503	-1.0000000003049405	-2	-2
199.20000000000002	-1.999999999986803	-2.000000000392619	-2.000000000472864	-2.0000000000151017	-1.0000000002956828	-2	-2
199.4	-1.9999999999873148	-2.0000000003930483	-2.0000000004755387	-2.0000000000150844	-1.000000000287122	-2	-2
199.60000000000002	-1.9999999999877953	-2.0000000003940963	-2.000000000478886	-2.0000000000149765	-1.0000000002792384	-2	-2
199.8	-1.999999999988271	-2.0000000003957266	-2.000000000482856	-2.0000000000147757	-1.0000000002720126	-2	-2
200.	-1.9999999999887241	-2.0000000003979026	-2.0000000004873995	-2.0000000000144804	-1.0000000002654248	-2	-2
200.20000000000002	-1.9999999999891813	-2.0000000004005885	-2.0000000004924656	-2.0000000000140883	-1.0000000002594558	-2	-2
200.4	-1.9999999999895903	-2.0000000004037477	-2.0000000004980056	-2.0000000000135967	-1.0000000002540859	-2	-2
200.60000000000002	-1.9999999999900058	-2.0000000004073435	-2.0000000005039693	-2.0000000000130043	-1.0000000002492957	-2	-2
200.8	-1.9999999999903695	-2.0000000004113403	-2.0000000005103065	-2.000000000012309	-1.0000000002450657	-2	-2
201.	-1.9999999999907916	-2.000000000415701	-2.0000000005169674	-2.000000000011526	-1.0000000002413765	-2	-2
201.20000000000002	-1.9999999999911668	-2.0000000004203895	-2.000000000523902	-2.000000000010749	-1.0000000002382083	-2	-2
201.4	-1.9999999999915035	-2.000000000425369	-2.000000000531061	-2.0000000000099907	-1.000000000235542	-2	-2
201.60000000000002	-1.9999999999918288	-2.0000000004306044	-2.000000000538394	-2.000000000009251	-1.0000000002333576	-2	-2
201.8	-1.9999999999921334	-2.0000000004360583	-2.000000000545852	-2.000000000008529	-1.000000000231636	-2	-2
202.	-1.9999999999924363	-2.0000000004416947	-2.0000000005533836	-2.0000000000078257	-1.0000000002303577	-2	-2
202.20000000000002	-1.9999999999927565	-2.0000000004474767	-2.00000000056094	-2.0000000000071405	-1.0000000002295029	-2	-2
202.4	-1.99999999999302	-2.000000000453369	-2.000000000568472	-2.000000000006473	-1.0000000002290523	-2	-2
202.60000000000002	-1.999999999993313	-2.0000000004593343	-2.000000000575928	-2.0000000000058233	-1.0000000002289864	-2	-2
202.8	-1.9999999999935822	-2.0000000004653367	-2.0000000005832597	-2.000000000005191	-1.0000000002292855	-2	-2
203.	-1.9999999999938214	-2.00000000047134	-2.000000000590416	-2.0000000000045755	-1.0000000002299303	-2	-2
203.20000000000002	-1.9999999999940852	-2.000000000477307	-2.0000000005973484	-2.0000000000039773	-1.0000000002309013	-2	-2
203.4	-1.9999999999943041	-2.0000000004832024	-2.0000000006040057	-2.000000000003396	-1.0000000002321792	-2	-2
203.60000000000002	-1.9999999999945262	-2.0000000004889893	-2.000000000610339	-2.0000000000028315	-1.000000000233744	-2	-2
203.8	-1.9999999999947267	-2.000000000494631	-2.0000000006162977	-2.0000000000022835	-1.0000000002355762	-2	-2
204.	-1.9999999999949059	-2.000000000500092	-2.0000000006218324	-2.0000000000017515	-1.000000000237657	-2	-2
204.20000000000002	-1.9999999999951628	-2.0000000005053358	-2.000000000626893	-2.000000000001236	-1.000000000239966	-2	-2
204.4	-1.999999999995354	-2.000000000510325	-2.00000000063143	-2.000000000000736	-1.0000000002424845	-2	-2
204.60000000000002	-1.999999999995518	-2.000000000515025	-2.0000000006353935	-2.0000000000002522	-1.0000000002451925	-2	-2
204.8	-1.9999999999956937	-2.000000000519398	-2.000000000638733	-1.9999999999997835	-1.0000000002480707	-2	-2
205.	-1.999999999995855	-2.0000000005234075	-2.0000000006414	-1.9999999999993305	-1.0000000002510994	-2	-2
205.20000000000002	-1.99999999999604	-2.0000000005270184	-2.0000000006433427	-1.9999999999988927	-1.0000000002542593	-2	-2
205.4	-1.999999999996185	-2.0000000005301937	-2.000000000644513	-1.9999999999984697	-1.0000000002575307	-2	-2
205.60000000000002	-1.9999999999963372	-2.000000000532897	-2.0000000006448597	-1.9999999999980616	-1.0000000002608944	-2	-2
205.8	-1.999999999996458	-2.000000000535092	-2.000000000644334	-1.999999999997668	-1.0000000002643306	-2	-2
206.	-1.9999999999966307	-2.000000000536742	-2.0000000006428853	-1.999999999997289	-1.00000000026782	-2	-2
206.20000000000002	-1.9999999999967637	-2.0000000005378116	-2.0000000006404646	-1.9999999999969242	-1.000000000271343	-2	-2
206.4	-1.9999999999968825	-2.0000000005382637	-2.000000000637021	-1.9999999999965736	-1.00000000027488	-2	-2
206.60000000000002	-1.9999999999970086	-2.0000000005380616	-2.000000000632505	-1.9999999999962366	-1.0000000002784115	-2	-2
206.8	-1.9999999999971214	-2.00000000053717	-2.0000000006268674	-1.9999999999959135	-1.0000000002819183	-2	-2
207.	-1.9999999999972191	-2.0000000005355516	-2.0000000006200573	-1.9999999999956037	-1.0000000002853808	-2	-2
207.20000000000002	-1.9999999999973526	-2.0000000005331704	-2.0000000006120255	-1.9999999999953075	-1.0000000002887792	-2	-2
207.4	-1.9999999999974303	-2.0000000005299903	-2.0000000006027223	-1.9999999999950242	-1.0000000002920943	-2	-2
207.60000000000002	-1.9999999999975706	-2.000000000525975	-2.000000000592097	-1.999999999994754	-1.0000000002953064	-2	-2
207.8	-1.9999999999976446	-2.000000000521087	-2.000000000580101	-1.9999999999944964	-1.0000000002983962	-2	-2
208.	-1.9999999999977338	-2.0000000005152914	-2.0000000005666827	-1.9999999999942515	-1.0000000003013438	-2	-2
208.20000000000002	-1.9999999999978455	-2.0000000005085514	-2.000000000551794	-1.9999999999940188	-1.0000000003041303	-2	-2
208.4	-1.9999999999979117	-2.00000000050083	-2.000000000535384	-1.9999999999937983	-1.0000000003067357	-2	-2
208.60000000000002	-1.9999999999980018	-2.0000000004920917	-2.000000000517403	-1.99999999999359	-1.000000000309141	-2	-2
208.8	-1.9999999999980693	-2.0000000004823	-2.0000000004978564	-1.9999999999933933	-1.000000000311326	-2	-2
209.	-1.9999999999981215	-2.000000000471418	-2.0000000004783796	-1.9999999999932083	-1.0000000003132716	-2	-2
209.20000000000002	-1.999999999998252	-2.00000000045941	-2.00000000045974	-1.999999999993035	-1.0000000003149585	-2	-2
209.4	-1.9999999999983036	-2.0000000004462386	-2.0000000004419194	-1.9999999999928726	-1.0000000003163667	-2	-2
209.60000000000002	-1.9999999999983842	-2.0000000004318688	-2.0000000004248997	-1.9999999999927214	-1.0000000003174772	-2	-2
209.8	-1.9999999999984255	-2.0000000004162635	-2.000000000408663	-1.999999999992581	-1.00000000031827	-2	-2
210.	-1.9999999999984748	-2.0000000003999823	-2.0000000003931904	-1.9999999999924514	-1.0000000003187262	-2	-2
210.20000000000002	-1.9999999999985447	-2.0000000003842957	-2.0000000003784635	-1.9999999999923321	-1.0000000003188259	-2	-2
210.4	-1.999999999998601	-2.000000000369236	-2.000000000364464	-1.9999999999922233	-1.0000000003185494	-2	-2
210.60000000000002	-1.9999999999986584	-2.0000000003547904	-2.000000000351174	-1.9999999999921247	-1.0000000003178775	-2	-2
210.8	-1.9999999999986904	-2.0000000003409464	-2.0000000003385754	-1.999999999992036	-1.0000000003167908	-2	-2
211.	-1.9999999999987828	-2.000000000327691	-2.000000000326649	-1.9999999999919569	-1.0000000003152696	-2	-2
211.20000000000002	-1.999999999998835	-2.0000000003150125	-2.0000000003153766	-1.9999999999918876	-1.0000000003132945	-2	-2
211.4	-1.9999999999988656	-2.0000000003028973	-2.0000000003047402	-1.9999999999918274	-1.0000000003108458	-2	-2
211.60000000000002	-1.9999999999989149	-2.0000000002913336	-2.0000000002947216	-1.9999999999917766	-1.0000000003079041	-2	-2
211.8	-1.9999999999989542	-2.000000000280308	-2.000000000285302	-1.9999999999917348	-1.00000000030445	-2	-2
212.	-1.9999999999989688	-2.000000000269809	-2.0000000002764633	-1.9999999999917017	-1.000000000300464	-2	-2
212.20000000000002	-1.9999999999990488	-2.0000000002598237	-2.0000000002681873	-1.9999999999916773	-1.0000000002959264	-2	-2
212.4	-1.9999999999990616	-2.000000000250339	-2.0000000002604557	-1.9999999999916616	-1.000000000290818	-2	-2
212.60000000000002	-1.9999999999991382	-2.0000000002413425	-2.0000000002532494	-1.9999999999916538	-1.000000000285119	-2	-2
212.8	-1.99999999999915	-2.0000000002328218	-2.0000000002465512	-1.9999999999916542	-1.00000000027881	-2	-2
213.	-1.9999999999991722	-2.000000000224764	-2.0000000002403424	-1.9999999999916624	-1.0000000002718716	-2	-2
213.20000000000002	-1.9999999999992308	-2.0000000002171574	-2.0000000002346043	-1.9999999999916784	-1.0000000002642842	-2	-2
213.4	-1.9999999999992333	-2.0000000002099885	-2.0000000002293183	-1.999999999991702	-1.0000000002560283	-2	-2
213.60000000000002	-1.9999999999992768	-2.000000000203245	-2.000000000224467	-1.9999999999917328	-1.0000000002470844	-2	-2
213.8	-1.9999999999992968	-2.0000000001969145	-2.0000000002200315	-1.9999999999917708	-1.0000000002375475	-2	-2
214.	-1.9999999999992943	-2.000000000190984	-2.000000000215994	-1.9999999999918157	-1.0000000002282103	-2	-2
214.20000000000002	-1.9999999999993854	-2.0000000001854414	-2.0000000002123355	-1.9999999999918672	-1.0000000002192226	-2	-2
214.4	-1.9999999999993991	-2.0000000001802736	-2.0000000002090377	-1.9999999999919256	-1.000000000210578	-2	-2
214.60000000000002	-1.999999999999423	-2.0000000001754685	-2.0000000002060823	-1.9999999999919902	-1.0000000002022698	-2	-2
214.8	-1.9999999999994311	-2.0000000001710134	-2.0000000002034515	-1.999999999992061	-1.0000000001942917	-2	-2
215.	-1.999999999999441	-2.0000000001668954	-2.0000000002011267	-1.9999999999921378	-1.000000000186637	-2	-2
215.20000000000002	-1.999999999999491	-2.0000000001631024	-2.000000000199089	-1.9999999999922204	-1.0000000001792992	-2	-2
215.4	-1.999999999999493	-2.0000000001596216	-2.000000000197321	-1.9999999999923086	-1.000000000172272	-2	-2
215.60000000000002	-1.999999999999523	-2.0000000001564406	-2.000000000195804	-1.9999999999924025	-1.0000000001655487	-2	-2
215.8	-1.999999999999524	-2.0000000001535465	-2.000000000194519	-1.9999999999925016	-1.000000000159123	-2	-2
216.	-1.9999999999995774	-2.000000000150927	-2.0000000001934484	-1.9999999999926055	-1.000000000152988	-2	-2
216.20000000000002	-1.9999999999995923	-2.000000000148569	-2.000000000192574	-1.9999999999927145	-1.0000000001471379	-2	-2
216.4	-1.9999999999995952	-2.0000000001464606	-2.0000000001918767	-1.9999999999928282	-1.0000000001415654	-2	-2
216.60000000000002	-1.999999999999618	-2.000000000144589	-2.000000000191339	-1.9999999999929463	-1.0000000001362648	-2	-2
216.8	-1.9999999999996145	-2.000000000142941	-2.0000000001909424	-1.9999999999930689	-1.0000000001312288	-2	-2
217.	-1.9999999999996723	-2.000000000141505	-2.000000000190668	-1.9999999999931957	-1.0000000001264515	-2	-2
217.20000000000002	-1.9999999999996512	-2.0000000001402682	-2.000000000190498	-1.9999999999933262	-1.0000000001219262	-2	-2
217.4	-1.99999999999965	-2.0000000001392175	-2.000000000190414	-1.9999999999934606	-1.0000000001176463	-2	-2
217.60000000000002	-1.999999999999701	-2.000000000138341	-2.000000000190397	-1.9999999999935987	-1.0000000001136053	-2	-2
217.8	-1.9999999999997065	-2.000000000137625	-2.00000000019043	-1.99999999999374	-1.000000000109797	-2	-2
218.	-1.9999999999996623	-2.0000000001370584	-2.0000000001904934	-1.9999999999938844	-1.0000000001062146	-2	-2
218.20000000000002	-1.999999999999744	-2.000000000136627	-2.0000000001905693	-1.999999999994032	-1.0000000001028517	-2	-2
218.4	-1.999999999999744	-2.00000000013632	-2.00000000019064	-1.9999999999941824	-1.0000000000997018	-2	-2
218.60000000000002	-1.9999999999997575	-2.0000000001361236	-2.000000000190686	-1.9999999999943356	-1.0000000000967584	-2	-2
218.8	-1.9999999999997333	-2.0000000001360254	-2.00000000019069	-1.999999999994491	-1.0000000000940148	-2	-2
219.	-1.9999999999997256	-2.0000000001360134	-2.0000000001906333	-1.999999999994649	-1.000000000091465	-2	-2
219.20000000000002	-1.9999999999998006	-2.0000000001360743	-2.000000000190497	-1.9999999999948088	-1.000000000089102	-2	-2
219.4	-1.9999999999997922	-2.000000000136196	-2.000000000190264	-1.9999999999949705	-1.0000000000869196	-2	-2
219.60000000000002	-1.999999999999811	-2.000000000136365	-2.0000000001899143	-1.9999999999951341	-1.000000000084911	-2	-2
219.8	-1.9999999999997997	-2.0000000001365703	-2.000000000189431	-1.999999999995299	-1.00000000008307	-2	-2
220.	-1.9999999999998055	-2.000000000136798	-2.000000000188795	-1.9999999999954654	-1.00000000008139	-2	-2
220.20000000000002	-1.9999999999998328	-2.0000000001370366	-2.0000000001879887	-1.9999999999956328	-1.0000000000798646	-2	-2
220.4	-1.9999999999998115	-2.0000000001372724	-2.000000000186993	-1.9999999999958014	-1.000000000078487	-2	-2
220.60000000000002	-1.9999999999998217	-2.000000000137493	-2.00000000018579	-1.9999999999959706	-1.000000000077251	-2	-2
220.8	-1.9999999999998188	-2.0000000001376868	-2.0000000001843614	-1.9999999999961402	-1.00000000007615	-2	-2
221.	-1.999999999999863	-2.0000000001378404	-2.0000000001826885	-1.9999999999963105	-1.0000000000751774	-2	-2
221.20000000000002	-1.9999999999998732	-2.000000000137941	-2.000000000180753	-1.9999999999964808	-1.000000000074327	-2	-2
221.4	-1.9999999999998754	-2.000000000137977	-2.000000000178537	-1.9999999999966513	-1.000000000073592	-2	-2
221.60000000000002	-1.9999999999998739	-2.000000000137935	-2.000000000176022	-1.9999999999968217	-1.0000000000729659	-2	-2
221.8	-1.9999999999998725	-2.0000000001378027	-2.0000000001731895	-1.9999999999969915	-1.0000000000724423	-2	-2
222.	-1.9999999999999074	-2.0000000001375673	-2.000000000170021	-1.999999999997161	-1.0000000000720148	-2	-2
222.20000000000002	-1.9999999999999123	-2.0000000001372165	-2.0000000001664984	-1.9999999999973295	-1.0000000000716767	-2	-2
222.4	-1.999999999999869	-2.0000000001367373	-2.0000000001626037	-1.9999999999974973	-1.0000000000714215	-2	-2
222.60000000000002	-1.9999999999999198	-2.000000000136118	-2.000000000158318	-1.9999999999976639	-1.000000000071243	-2	-2
222.8	-1.9999999999998976	-2.000000000135345	-2.000000000153623	-1.9999999999978293	-1.0000000000711344	-2	-2
223.	-1.9999999999998637	-2.0000000001344063	-2.0000000001485008	-1.9999999999979932	-1.0000000000710894	-2	-2
223.20000000000002	-1.999999999999922	-2.0000000001332894	-2.0000000001429368	-1.9999999999981555	-1.0000000000711013	-2	-2
223.4	-1.9999999999999092	-2.0000000001319815	-2.000000000137272	-1.9999999999983158	-1.0000000000711637	-2	-2
223.60000000000002	-1.9999999999999254	-2.00000000013047	-2.0000000001317355	-1.999999999998474	-1.00000000007127	-2	-2
223.8	-1.999999999999914	-2.000000000128742	-2.000000000126326	-1.9999999999986302	-1.000000000071414	-2	-2
224.	-1.999999999999902	-2.0000000001267852	-2.0000000001210414	-1.9999999999987839	-1.000000000071589	-2	-2
224.20000000000002	-1.9999999999999525	-2.000000000124588	-2.0000000001158815	-1.999999999998935	-1.0000000000717884	-2	-2
224.4	-1.9999999999999392	-2.000000000122136	-2.0000000001108442	-1.9999999999990834	-1.0000000000720057	-2	-2
224.60000000000002	-1.999999999999946	-2.000000000119418	-2.0000000001059286	-1.9999999999992288	-1.0000000000722347	-2	-2
224.8	-1.9999999999999483	-2.0000000001164207	-2.0000000001011338	-1.999999999999371	-1.0000000000724685	-2	-2
225.	-1.9999999999999367	-2.0000000001131317	-2.0000000000964575	-1.99999999999951	-1.000000000072701	-2	-2
225.20000000000002	-1.999999999999954	-2.000000000109539	-2.0000000000918994	-1.9999999999996452	-1.0000000000729252	-2	-2
225.4	-1.9999999999999518	-2.0000000001056293	-2.000000000087458	-1.9999999999997768	-1.0000000000731353	-2	-2
225.60000000000002	-1.999999999999959	-2.000000000101493	-2.0000000000831313	-1.9999999999999045	-1.000000000073324	-2	-2
225.8	-1.9999999999999412	-2.00000000009743	-2.000000000078919	-2.000000000000028	-1.0000000000734854	-2	-2
226.	-1.999999999999972	-2.0000000000934595	-2.0000000000748197	-2.0000000000001474	-1.000000000073613	-2	-2
226.20000000000002	-1.9999999999999778	-2.000000000089581	-2.0000000000708313	-2.0000000000002625	-1.0000000000736997	-2	-2
226.4	-1.9999999999999691	-2.0000000000857927	-2.0000000000669536	-2.0000000000003726	-1.0000000000737397	-2	-2
226.60000000000002	-1.999999999999969	-2.000000000082094	-2.0000000000631846	-2.000000000000478	-1.000000000073726	-2	-2
226.8	-1.9999999999999571	-2.0000000000784843	-2.000000000059523	-2.000000000000578	-1.0000000000736524	-2	-2
227.	-2.0000000000000018	-2.0000000000749627	-2.000000000055968	-2.0000000000006732	-1.0000000000735123	-2	-2
227.20000000000002	-1.9999999999999793	-2.0000000000715277	-2.0000000000525184	-2.000000000000763	-1.0000000000732991	-2	-2
227.4	-1.9999999999999463	-2.000000000068179	-2.000000000049172	-2.0000000000008473	-1.0000000000730065	-2	-2
227.60000000000002	-1.999999999999994	-2.000000000064915	-2.0000000000459286	-2.0000000000009255	-1.000000000072628	-2	-2
227.8	-1.9999999999999771	-2.000000000061736	-2.0000000000427867	-2.000000000000998	-1.000000000072157	-2	-2
228.	-1.9999999999999303	-2.0000000000586393	-2.000000000039744	-2.000000000001064	-1.0000000000715867	-2	-2
228.20000000000002	-1.9999999999999973	-2.0000000000556257	-2.000000000036801	-2.000000000001124	-1.000000000070911	-2	-2
228.4	-1.9999999999999793	-2.000000000052693	-2.0000000000339546	-2.0000000000011773	-1.0000000000701235	-2	-2
228.60000000000002	-1.9999999999999867	-2.000000000049841	-2.000000000031205	-2.000000000001224	-1.0000000000692175	-2	-2
228.8	-1.9999999999999847	-2.0000000000470686	-2.00000000002855	-2.000000000001264	-1.0000000000681863	-2	-2
229.	-1.9999999999999518	-2.0000000000443747	-2.000000000025989	-2.0000000000012967	-1.0000000000670237	-2	-2
229.20000000000002	-2.0000000000000155	-2.000000000041758	-2.00000000002352	-2.000000000001322	-1.0000000000657232	-2	-2
229.4	-1.9999999999999931	-2.000000000039219	-2.000000000021142	-2.00000000000134	-1.0000000000642781	-2	-2
229.60000000000002	-2.0000000000000124	-2.0000000000367555	-2.0000000000188543	-2.00000000000135	-1.000000000062682	-2	-2
229.8	-1.999999999999989	-2.0000000000343667	-2.0000000000166547	-2.0000000000013527	-1.0000000000609284	-2	-2
230.	-1.9999999999999796	-2.000000000032052	-2.0000000000145426	-2.000000000001347	-1.0000000000590108	-2	-2
230.20000000000002	-1.9999999999999911	-2.0000000000298104	-2.0000000000125167	-2.000000000001333	-1.0000000000569227	-2	-2
230.4	-1.9999999999999862	-2.000000000027641	-2.000000000010575	-2.000000000001311	-1.000000000054702	-2	-2
230.60000000000002	-1.9999999999999918	-2.000000000025543	-2.000000000008717	-2.0000000000012803	-1.000000000052515	-2	-2
230.8	-1.9999999999999771	-2.000000000023515	-2.0000000000069416	-2.000000000001241	-1.0000000000503777	-2	-2
231.	-2.0000000000000147	-2.0000000000215565	-2.0000000000052465	-2.0000000000011924	-1.0000000000482898	-2	-2
231.20000000000002	-2.0000000000000178	-2.0000000000196665	-2.0000000000036313	-2.0000000000011346	-1.0000000000462506	-2	-2
231.4	-2.000000000000006	-2.000000000017844	-2.0000000000020943	-2.0000000000010676	-1.0000000000442595	-2	-2
231.60000000000002	-2.0000000000000027	-2.000000000016088	-2.0000000000006346	-2.000000000000997	-1.0000000000423162	-2	-2
231.8	-1.999999999999999	-2.000000000014398	-1.9999999999992508	-2.0000000000009286	-1.0000000000404203	-2	-2
232.	-2.000000000000029	-2.000000000012772	-1.9999999999979414	-2.000000000000861	-1.000000000038571	-2	-2
232.20000000000002	-2.0000000000000133	-2.0000000000112106	-1.9999999999967053	-2.000000000000796	-1.0000000000367681	-2	-2
232.4	-1.999999999999992	-2.000000000009712	-1.9999999999955411	-2.000000000000732	-1.0000000000350109	-2	-2
232.60000000000002	-2.000000000000036	-2.0000000000082747	-1.9999999999944478	-2.0000000000006697	-1.000000000033299	-2	-2
232.8	-1.9999999999999964	-2.000000000006899	-1.999999999993424	-2.0000000000006093	-1.0000000000316318	-2	-2
233.	-1.9999999999999596	-2.000000000005583	-1.999999999992468	-2.0000000000005502	-1.0000000000300089	-2	-2
233.20000000000002	-2.0000000000000195	-2.0000000000043268	-1.9999999999915792	-2.000000000000493	-1.0000000000284297	-2	-2
233.4	-2.000000000000006	-2.0000000000031286	-1.999999999990756	-2.000000000000437	-1.000000000026894	-2	-2
233.60000000000002	-2.0000000000000098	-2.0000000000019877	-1.9999999999899971	-2.000000000000383	-1.000000000025401	-2	-2
233.8	-1.9999999999999907	-2.0000000000009033	-1.9999999999893014	-2.00000000000033	-1.0000000000239502	-2	-2
234.	-1.9999999999999762	-1.999999999999874	-1.9999999999886675	-2.0000000000002784	-1.0000000000225413	-2	-2
234.20000000000002	-2.0000000000000213	-1.9999999999988998	-1.999999999988094	-2.0000000000002287	-1.0000000000211737	-2	-2
234.4	-2.000000000000012	-1.999999999997979	-1.99999999998758	-2.0000000000001803	-1.0000000000198468	-2	-2
234.60000000000002	-2.000000000000024	-1.999999999997111	-1.9999999999871239	-2.0000000000001337	-1.0000000000185603	-2	-2
234.8	-2.000000000000006	-1.9999999999962947	-1.9999999999867244	-2.000000000000088	-1.0000000000173135	-2	-2
235.	-1.9999999999999958	-1.9999999999955294	-1.9999999999863805	-2.000000000000044	-1.000000000016106	-2	-2
235.20000000000002	-2.000000000000023	-1.999999999994814	-1.9999999999860905	-2.0000000000000013	-1.0000000000149374	-2	-2
235.4	-2.0000000000000124	-1.9999999999941476	-1.9999999999858535	-1.99999999999996	-1.0000000000138072	-2	-2
235.60000000000002	-2.000000000000017	-1.9999999999935292	-1.9999999999856684	-1.9999999999999203	-1.0000000000127147	-2	-2
235.8	-1.9999999999999853	-1.999999999992958	-1.9999999999855336	-1.9999999999998817	-1.0000000000116593	-2	-2
236.	-2.0000000000000244	-1.9999999999924332	-1.9999999999854476	-1.9999999999998443	-1.000000000010641	-2	-2
236.20000000000002	-2.00000000000003	-1.9999999999919535	-1.9999999999854097	-1.9999999999998086	-1.000000000009659	-2	-2
236.4	-2.0000000000000173	-1.9999999999915183	-1.999999999985418	-1.999999999999774	-1.0000000000087128	-2	-2
236.60000000000002	-2.000000000000015	-1.9999999999911264	-1.9999999999854718	-1.9999999999997407	-1.000000000007802	-2	-2
236.8	-2.0000000000000107	-1.9999999999907774	-1.9999999999855698	-1.9999999999997087	-1.0000000000069258	-2	-2
237.	-2.000000000000033	-1.9999999999904696	-1.99999999998571	-1.9999999999996778	-1.000000000006084	-2	-2
237.20000000000002	-2.000000000000014	-1.9999999999902027	-1.9999999999858922	-1.9999999999996483	-1.0000000000052762	-2	-2
237.4	-1.9999999999999927	-1.9999999999899756	-1.9999999999861142	-1.9999999999996199	-1.0000000000045017	-2	-2
237.60000000000002	-2.00000000000004	-1.9999999999897873	-1.9999999999863751	-1.9999999999995928	-1.0000000000037599	-2	-2
237.8	-2.000000000000015	-1.999999999989637	-1.9999999999866738	-1.9999999999995668	-1.0000000000030504	-2	-2
238.	-1.999999999999968	-1.9999999999895235	-1.9999999999870088	-1.9999999999995421	-1.000000000002373	-2	-2
238.20000000000002	-2.0000000000000275	-1.9999999999894462	-1.9999999999873788	-1.9999999999995184	-1.0000000000017268	-2	-2
238.4	-2.000000000000022	-1.999999999989404	-1.9999999999877827	-1.999999999999496	-1.0000000000011116	-2	-2
238.60000000000002	-2.0000000000000204	-1.999999999989396	-1.999999999988219	-1.9999999999994746	-1.0000000000005265	-2	-2
238.8	-1.9999999999999984	-1.9999999999894214	-1.9999999999886868	-1.9999999999994542	-0.9999999999999715	-2	-2
239.	-1.9999999999999882	-1.9999999999894789	-1.9999999999891844	-1.9999999999994351	-0.9999999999994457	-2	-2
239.20000000000002	-2.0000000000000373	-1.999999999989568	-1.9999999999897107	-1.999999999999417	-0.9999999999989488	-2	-2
239.4	-2.000000000000032	-1.9999999999896876	-1.9999999999902645	-1.9999999999993998	-0.9999999999984803	-2	-2
239.60000000000002	-2.0000000000000204	-1.9999999999898368	-1.9999999999908444	-1.9999999999993838	-0.9999999999980397	-2	-2
239.8	-2.0000000000000027	-1.9999999999900147	-1.9999999999914493	-1.9999999999993687	-0.9999999999976263	-2	-2
240.	-2.0000000000000053	-1.9999999999902203	-1.9999999999920777	-1.9999999999993547	-0.99999999999724	-2	-2
240.20000000000002	-2.0000000000000258	-1.9999999999904525	-1.9999999999927285	-1.9999999999993416	-0.9999999999968799	-2	-2
240.4	-2.0000000000000044	-1.999999999990711	-1.9999999999934004	-1.9999999999993296	-0.9999999999965458	-2	-2
240.60000000000002	-2.0000000945183407	-1.999999999990994	-1.999999999994092	-1.9999999999993185	-0.999999999996237	-2	-2
240.8	-2.000000000000006	-1.9999999999913014	-1.9999999999948024	-1.9999999999993083	-0.9999999999959531	-2	-2
241.	-2.0000000000000395	-1.9999999999916318	-1.9999999999955298	-1.999999999999299	-0.9999999999956937	-2	-2
241.20000000000002	-2.0000000000000373	-1.9999999999919844	-1.9999999999962732	-1.9999999999992906	-0.9999999999954581	-2	-2
241.4	-2.0000000000000107	-1.9999999999923581	-1.9999999999970313	-1.999999999999283	-0.9999999999952458	-2	-2
241.60000000000002	-2.0000000000000258	-1.9999999999927522	-1.9999999999978029	-1.9999999999992764	-0.9999999999950565	-2	-2
241.8	-2.0000000000000098	-1.999999999993166	-1.9999999999985867	-1.9999999999992706	-0.9999999999948896	-2	-2
242.	-2.0000000000000444	-1.9999999999935978	-1.9999999999993814	-1.9999999999992657	-0.9999999999947446	-2	-2
242.20000000000002	-2.0000000000000333	-1.9999999999940474	-2.0000000000001856	-1.9999999999992615	-0.9999999999946211	-2	-2
242.4	-2.0000000000000018	-1.9999999999945137	-2.0000000000009983	-1.9999999999992581	-0.9999999999945184	-2	-2
242.60000000000002	-2.0000000000000444	-1.9999999999949956	-2.0000000000018177	-1.9999999999992557	-0.999999999994436	-2	-2
242.8	-2.000000000000024	-1.9999999999954923	-2.000000000002643	-1.999999999999254	-0.9999999999943737	-2	-2
243.	-1.9999999999999796	-1.999999999996003	-2.000000000003473	-1.9999999999992528	-0.9999999999943308	-2	-2
243.20000000000002	-2.0000000000000258	-1.9999999999965263	-2.0000000000043063	-1.9999999999992524	-0.9999999999943067	-2	-2
243.4	-2.000000000000014	-1.999999999997062	-2.0000000000051417	-1.9999999999992528	-0.9999999999943011	-2	-2
243.60000000000002	-2.0000000000000195	-1.9999999999976086	-2.0000000000059774	-1.999999999999254	-0.9999999999943133	-2	-2
243.8	-2.000000000000006	-1.9999999999981652	-2.0000000000068128	-1.9999999999992557	-0.9999999999943431	-2	-2
244.	-1.9999999999999907	-1.9999999999987312	-2.0000000000076463	-1.9999999999992581	-0.9999999999943898	-2	-2
244.20000000000002	-2.000000000000041	-1.9999999999993054	-2.0000000000084768	-1.9999999999992613	-0.9999999999944529	-2	-2
244.4	-2.0000000000000315	-1.9999999999998872	-2.000000000009303	-1.999999999999265	-0.9999999999945319	-2	-2
244.60000000000002	-2.0000000000000338	-2.000000000000475	-2.000000000010123	-1.9999999999992693	-0.9999999999946264	-2	-2
244.8	-2.000000000000016	-2.000000000001069	-2.0000000000109366	-1.9999999999992741	-0.9999999999947358	-2	-2
245.	-2.000000000000006	-2.000000000001667	-2.0000000000117417	-1.9999999999992797	-0.9999999999948597	-2	-2
245.20000000000002	-2.0000000000000284	-2.000000000002269	-2.000000000012537	-1.9999999999992857	-0.9999999999949974	-2	-2
245.4	-2.0000000000000044	-2.0000000000028737	-2.0000000000133222	-1.9999999999992923	-0.9999999999951487	-2	-2
245.60000000000002	-2.0000000000000124	-2.0000000000034803	-2.000000000014095	-1.9999999999992994	-0.9999999999953129	-2	-2
245.8	-1.9999999999999911	-2.0000000000040874	-2.000000000014855	-1.9999999999993072	-0.9999999999954896	-2	-2
246.	-2.00000000000003	-2.000000000004695	-2.0000000000156	-1.9999999999993154	-0.9999999999956781	-2	-2
246.20000000000002	-2.000000000000032	-2.0000000000053015	-2.0000000000163287	-1.9999999999993239	-0.9999999999958783	-2	-2
246.4	-2.00000000000003	-2.000000000005906	-2.000000000017041	-1.999999999999333	-0.9999999999960892	-2	-2
246.60000000000002	-2.0000000000000284	-2.0000000000065077	-2.0000000000177347	-1.9999999999993425	-0.9999999999963107	-2	-2
246.8	-2.000000000000006	-2.000000000007106	-2.000000000018409	-1.9999999999993525	-0.9999999999965422	-2	-2
247.	-2.0000000000000355	-2.000000000007699	-2.0000000000190616	-1.999999999999363	-0.9999999999967832	-2	-2
247.20000000000002	-2.0000000000000178	-2.0000000000082867	-2.0000000000196927	-1.9999999999993738	-0.9999999999970332	-2	-2
247.4	-1.999999999999993	-2.000000000008868	-2.0000000000202998	-1.999999999999385	-0.9999999999972915	-2	-2
247.60000000000002	-2.0000000000000364	-2.000000000009442	-2.0000000000208824	-1.9999999999993965	-0.9999999999975578	-2	-2
247.8	-2.000000000000027	-2.0000000000100076	-2.000000000021439	-1.9999999999994083	-0.9999999999978317	-2	-2
248.	-1.9999999999999787	-2.0000000000105636	-2.000000000021968	-1.9999999999994205	-0.9999999999981125	-2	-2
248.20000000000002	-2.0000000000000426	-2.00000000001111	-2.000000000022469	-1.9999999999994331	-0.9999999999983998	-2	-2
248.4	-2.000000000000017	-2.000000000011645	-2.00000000002294	-1.9999999999994458	-0.9999999999986932	-2	-2
248.60000000000002	-2.000000000000025	-2.0000000000121676	-2.0000000000233795	-1.9999999999994589	-0.999999999998992	-2	-2
248.8	-2.000000000000001	-2.0000000000126774	-2.0000000000237868	-1.9999999999994722	-0.9999999999992958	-2	-2
249.	-1.9999999999999902	-2.0000000000131735	-2.0000000000241602	-1.999999999999486	-0.9999999999996041	-2	-2
249.20000000000002	-2.0000000000000373	-2.0000000000136544	-2.000000000024499	-1.9999999999994997	-0.9999999999999164	-2	-2
249.4	-2.000000000000023	-2.00000000001412	-2.0000000000248015	-1.9999999999995137	-1.0000000000002323	-2	-2
249.60000000000002	-2.0000000000000284	-2.000000000014569	-2.0000000000250666	-1.999999999999528	-1.0000000000005511	-2	-2
249.8	-2.0000000000000173	-2.000000000015	-2.0000000000252927	-1.9999999999995424	-1.0000000000008724	-2	-2
250.	-2.0000000000000067	-2.0000000000154126	-2.0000000000254787	-1.999999999999557	-1.0000000000011957	-2	-2
250.20000000000002	-2.0000000000000187	-2.0000000000158056	-2.0000000000256235	-1.9999999999995717	-1.0000000000015206	-2	-2
250.4	-2.000000000000016	-2.000000000016178	-2.0000000000257256	-1.9999999999995866	-1.0000000000018465	-2	-2
250.60000000000002	-2.0000000000000226	-2.00000000001653	-2.0000000000257843	-1.9999999999996014	-1.000000000002173	-2	-2
250.8	-2.000000000000008	-2.000000000016859	-2.0000000000257976	-1.9999999999996165	-1.0000000000024993	-2	-2
251.	-2.0000000000000275	-2.000000000017165	-2.0000000000257643	-1.9999999999996316	-1.0000000000028253	-2	-2
251.20000000000002	-2.0000000000000293	-2.000000000017447	-2.0000000000256835	-1.9999999999996467	-1.0000000000031501	-2	-2
251.4	-2.0000000000000275	-2.000000000017704	-2.000000000025554	-1.999999999999662	-1.0000000000034737	-2	-2
251.60000000000002	-2.0000000000000235	-2.000000000017935	-2.000000000025374	-1.9999999999996771	-1.0000000000037952	-2	-2
251.8	-2.0000000000000093	-2.0000000000181393	-2.0000000000251426	-1.9999999999996925	-1.0000000000041143	-2	-2
252.	-2.000000000000038	-2.0000000000183156	-2.000000000024858	-1.9999999999997078	-1.0000000000044305	-2	-2
252.20000000000002	-2.000000000000034	-2.0000000000184635	-2.00000000002452	-1.999999999999723	-1.000000000004743	-2	-2
252.4	-2.0000000000000013	-2.0000000000185816	-2.000000000024126	-1.9999999999997382	-1.0000000000050517	-2	-2
252.60000000000002	-2.000000000000046	-2.000000000018669	-2.000000000023676	-1.9999999999997533	-1.000000000005356	-2	-2
252.8	-2.0000000000000115	-2.000000000018725	-2.0000000000231677	-1.9999999999997684	-1.0000000000056553	-2	-2
253.	-1.9999999999999751	-2.0000000000187486	-2.0000000000226006	-1.9999999999997833	-1.0000000000059492	-2	-2
253.20000000000002	-2.000000000000033	-2.000000000018739	-2.000000000021973	-1.9999999999997982	-1.000000000006237	-2	-2
253.4	-2.000000000000021	-2.000000000018695	-2.000000000021284	-1.999999999999813	-1.0000000000065186	-2	-2
253.60000000000002	-2.000000000000022	-2.0000000000186158	-2.0000000000205316	-1.9999999999998277	-1.000000000006793	-2	-2
253.8	-2.0000000000000036	-2.0000000000185003	-2.000000000019731	-1.9999999999998421	-1.0000000000070601	-2	-2
254.	-1.9999999999999751	-2.000000000018348	-2.0000000000189417	-1.9999999999998563	-1.0000000000073193	-2	-2
254.20000000000002	-2.000000000000034	-2.000000000018158	-2.000000000018171	-1.9999999999998703	-1.0000000000075702	-2	-2
254.4	-2.000000000000022	-2.0000000000179288	-2.0000000000174176	-1.9999999999998843	-1.000000000007812	-2	-2
254.60000000000002	-2.0000000000000355	-2.0000000000176597	-2.0000000000166818	-1.9999999999998979	-1.0000000000080442	-2	-2
254.8	-2.000000000000026	-2.00000000001735	-2.000000000015963	-1.9999999999999114	-1.0000000000082667	-2	-2
255.	-2.000000000000013	-2.000000000016999	-2.0000000000152607	-1.9999999999999245	-1.0000000000084788	-2	-2
255.20000000000002	-2.000000000000029	-2.000000000016605	-2.0000000000145755	-1.9999999999999374	-1.00000000000868	-2	-2
255.4	-2.000000000000017	-2.0000000000161675	-2.0000000000139067	-1.99999999999995	-1.0000000000088696	-2	-2
255.60000000000002	-2.000000000000014	-2.0000000000156852	-2.0000000000132543	-1.9999999999999623	-1.0000000000090474	-2	-2
255.8	-1.9999999999999871	-2.000000000015158	-2.0000000000126175	-1.9999999999999742	-1.0000000000092129	-2	-2
256.	-2.0000000000000258	-2.0000000000145857	-2.0000000000119966	-1.9999999999999858	-1.0000000000093654	-2	-2
256.20000000000005	-2.0000000000000444	-2.000000000014007	-2.000000000011391	-1.9999999999999971	-1.0000000000095044	-2	-2
256.40000000000003	-2.000000000000054	-2.0000000000134412	-2.0000000000108007	-2.000000000000008	-1.0000000000096296	-2	-2
256.6	-1.9999999999999984	-2.0000000000128884	-2.0000000000102256	-2.0000000000000187	-1.0000000000097404	-2	-2
256.8	-2.0000000000000133	-2.000000000012348	-2.000000000009665	-2.0000000000000284	-1.0000000000098364	-2	-2
257.	-2.000000000000031	-2.0000000000118203	-2.0000000000091194	-2.000000000000038	-1.0000000000099167	-2	-2
257.20000000000005	-2.000000000000018	-2.0000000000113047	-2.000000000008588	-2.0000000000000475	-1.0000000000099813	-2	-2
257.40000000000003	-2.000000000000014	-2.0000000000108016	-2.0000000000080704	-2.000000000000056	-1.0000000000100298	-2	-2
257.6	-2.0000000000000204	-2.00000000001031	-2.0000000000075664	-2.0000000000000644	-1.000000000010061	-2	-2
257.8	-2.0000000000000155	-2.0000000000098304	-2.0000000000070766	-2.0000000000000724	-1.000000000010075	-2	-2
258.	-1.9999999999999818	-2.0000000000093623	-2.0000000000066	-2.0000000000000795	-1.000000000010071	-2	-2
258.20000000000005	-2.0000000000000293	-2.0000000000089058	-2.0000000000061364	-2.000000000000086	-1.0000000000100489	-2	-2
258.40000000000003	-2.0000000000000338	-2.0000000000084603	-2.0000000000056857	-2.0000000000000924	-1.0000000000100076	-2	-2
258.6	-1.9999999999999851	-2.000000000008026	-2.0000000000052474	-2.000000000000098	-1.0000000000099472	-2	-2
258.8	-2.0000000000000004	-2.000000000007603	-2.000000000004822	-2.000000000000103	-1.0000000000098668	-2	-2
259.	-1.9999999999999927	-2.00000000000719	-2.0000000000044085	-2.0000000000001075	-1.000000000009766	-2	-2
259.20000000000005	-2.0000000000000373	-2.0000000000067875	-2.000000000004007	-2.0000000000001115	-1.0000000000096443	-2	-2
259.40000000000003	-2.0000000000000675	-2.0000000000063958	-2.000000000003617	-2.000000000000115	-1.0000000000095015	-2	-2
259.6	-2.000000000000006	-2.000000000006014	-2.000000000003239	-2.0000000000001172	-1.0000000000093365	-2	-2
259.8	-1.9999999999999967	-2.000000000005642	-2.000000000002872	-2.0000000000001195	-1.0000000000091493	-2	-2
260.	-2.000000000000004	-2.00000000000528	-2.0000000000025158	-2.000000000000121	-1.0000000000089393	-2	-2
260.20000000000005	-2.0000000000000178	-2.0000000000049276	-2.0000000000021707	-2.0000000000001212	-1.000000000008706	-2	-2
260.40000000000003	-2.0000000000000284	-2.0000000000045848	-2.000000000001836	-2.0000000000001212	-1.0000000000084488	-2	-2
260.6	-1.9999999999999896	-2.000000000004251	-2.0000000000015112	-2.0000000000001203	-1.0000000000081672	-2	-2
260.8	-1.9999999999999964	-2.000000000003926	-2.000000000001197	-2.0000000000001186	-1.000000000007861	-2	-2
261.	-2.0000000000000187	-2.0000000000036104	-2.000000000000892	-2.0000000000001164	-1.0000000000075515	-2	-2
261.20000000000005	-2.0000000000000457	-2.000000000003303	-2.0000000000005973	-2.0000000000001132	-1.000000000007252	-2	-2
261.40000000000003	-2.000000000000032	-2.0000000000030047	-2.0000000000003118	-2.0000000000001092	-1.0000000000069624	-2	-2
261.6	-2.000000000000006	-2.0000000000027143	-2.000000000000035	-2.0000000000001044	-1.0000000000066824	-2	-2
261.8	-2.000000000000008	-2.0000000000024323	-1.9999999999997675	-2.0000000000000986	-1.0000000000064124	-2	-2
262.	-2.000000000000038	-2.0000000000021583	-1.9999999999995084	-2.0000000000000924	-1.0000000000061515	-2	-2
262.20000000000005	-2.0000000000000284	-2.000000000001892	-1.9999999999992577	-2.000000000000086	-1.0000000000059002	-2	-2
262.40000000000003	-2.0000000000000218	-2.000000000001633	-1.9999999999990155	-2.0000000000000804	-1.000000000005658	-2	-2
262.6	-2.0000000000000195	-2.000000000001382	-1.9999999999987808	-2.0000000000000746	-1.0000000000054245	-2	-2
262.8	-2.0000000000000138	-2.0000000000011378	-1.999999999998554	-2.0000000000000693	-1.0000000000052003	-2	-2
263.	-1.99999999999999	-2.000000000000901	-1.9999999999983347	-2.000000000000064	-1.0000000000049845	-2	-2
263.20000000000005	-2.0000000000000284	-2.000000000000671	-1.9999999999981224	-2.000000000000059	-1.0000000000047773	-2	-2
263.40000000000003	-2.000000000000026	-2.0000000000004476	-1.9999999999979172	-2.000000000000054	-1.0000000000045783	-2	-2
263.6	-1.999999999999986	-2.000000000000231	-1.999999999997719	-2.0000000000000493	-1.0000000000043876	-2	-2
263.8	-2.000000000000007	-2.0000000000000204	-1.999999999997527	-2.000000000000045	-1.000000000004205	-2	-2
264.	-1.9999999999999876	-1.9999999999998161	-1.9999999999973415	-2.000000000000041	-1.0000000000040303	-2	-2
264.20000000000005	-2.000000000000031	-1.9999999999996179	-1.9999999999971618	-2.000000000000037	-1.0000000000038634	-2	-2
264.40000000000003	-2.000000000000039	-1.9999999999994253	-1.999999999996988	-2.000000000000033	-1.000000000003704	-2	-2
264.6	-2.	-1.9999999999992386	-1.9999999999968199	-2.0000000000000293	-1.000000000003552	-2	-2
264.8	-2.000000000000018	-1.9999999999990572	-1.999999999996657	-2.0000000000000258	-1.0000000000034073	-2	-2
265.	-2.0000000000000098	-1.9999999999988811	-1.9999999999964992	-2.000000000000022	-1.0000000000032696	-2	-2
265.20000000000005	-2.0000000000000395	-1.9999999999987101	-1.9999999999963463	-2.000000000000019	-1.000000000003139	-2	-2
265.40000000000003	-2.0000000000000244	-1.999999999998544	-1.9999999999961982	-2.000000000000016	-1.0000000000030151	-2	-2
265.6	-1.9999999999999905	-1.9999999999983826	-1.9999999999960543	-2.0000000000000133	-1.000000000002898	-2	-2
265.8	-1.9999999999999782	-1.9999999999982259	-1.9999999999959144	-2.0000000000000107	-1.0000000000027873	-2	-2
266.	-2.0000000000000315	-1.9999999999980735	-1.9999999999957787	-2.0000000000000084	-1.000000000002683	-2	-2
266.20000000000005	-2.00000000000002	-1.9999999999979252	-1.9999999999956466	-2.0000000000000058	-1.0000000000025846	-2	-2
266.40000000000003	-2.0000000000000417	-1.9999999999977809	-1.9999999999955178	-2.000000000000004	-1.0000000000024925	-2	-2
266.6	-2.000000000000005	-1.9999999999976406	-1.9999999999953924	-2.0000000000000018	-1.000000000002406	-2	-2
266.8	-2.0000000000000098	-1.9999999999975038	-1.9999999999952698	-1.9999999999999998	-1.0000000000023253	-2	-2
267.	-2.0000000000000413	-1.9999999999973705	-1.99999999999515	-1.9999999999999982	-1.0000000000022502	-2	-2
267.20000000000005	-2.000000000000018	-1.9999999999972404	-1.9999999999950329	-1.9999999999999964	-1.0000000000021805	-2	-2
267.40000000000003	-2.0000000000000213	-1.9999999999971136	-1.9999999999949178	-1.9999999999999951	-1.0000000000021159	-2	-2
267.6	-2.0000000000000036	-1.9999999999969895	-1.9999999999948048	-1.9999999999999938	-1.0000000000020564	-2	-2
267.8	-2.0000000000000204	-1.9999999999968683	-1.9999999999946936	-1.9999999999999927	-1.000000000002002	-2	-2
268.	-1.9999999999999873	-1.9999999999967497	-1.999999999994584	-1.9999999999999916	-1.000000000001952	-2	-2
268.20000000000005	-2.000000000000023	-1.9999999999966334	-1.9999999999944758	-1.9999999999999905	-1.000000000001907	-2	-2
268.40000000000003	-2.0000000000000253	-1.9999999999965195	-1.9999999999943685	-1.9999999999999898	-1.000000000001866	-2	-2
268.6	-1.999999999999986	-1.9999999999964073	-1.9999999999942621	-1.999999999999989	-1.0000000000018296	-2	-2
268.8	-1.999999999999999	-1.9999999999962972	-1.9999999999941562	-1.9999999999999885	-1.0000000000017972	-2	-2
269.	-2.000000000000008	-1.9999999999961886	-1.999999999994051	-1.9999999999999878	-1.0000000000017688	-2	-2
269.20000000000005	-2.0000000000000275	-1.9999999999960814	-1.9999999999939457	-1.9999999999999873	-1.0000000000017442	-2	-2
269.40000000000003	-2.0000000000000497	-1.9999999999959757	-1.9999999999938403	-1.9999999999999871	-1.0000000000017233	-2	-2
269.6	-2.000000000000006	-1.999999999995871	-1.9999999999937346	-1.999999999999987	-1.000000000001706	-2	-2
269.8	-2.0000000000000036	-1.9999999999957674	-1.9999999999936284	-1.9999999999999867	-1.0000000000016918	-2	-2
270.	-2.0000000000000027	-1.9999999999956644	-1.9999999999935214	-1.9999999999999867	-1.0000000000016809	-2	-2
270.20000000000005	-2.0000000000000346	-1.999999999995562	-1.9999999999934133	-1.9999999999999867	-1.0000000000016729	-2	-2
270.40000000000003	-2.000000000000028	-1.99999999999546	-1.999999999993304	-1.999999999999987	-1.000000000001668	-2	-2
270.6	-1.9999999999999851	-1.9999999999953584	-1.999999999993193	-1.9999999999999871	-1.0000000000016656	-2	-2
270.8	-2.000000000000001	-1.9999999999952565	-1.9999999999930804	-1.9999999999999873	-1.0000000000016658	-2	-2
271.	-2.000000000000017	-1.9999999999951548	-1.9999999999929658	-1.9999999999999878	-1.0000000000016684	-2	-2
271.20000000000005	-2.00000000000003	-1.9999999999950524	-1.9999999999928488	-1.9999999999999882	-1.0000000000016733	-2	-2
271.40000000000003	-2.000000000000036	-1.9999999999949498	-1.9999999999927296	-1.9999999999999887	-1.0000000000016802	-2	-2
271.6	-1.9999999999999956	-1.9999999999948463	-1.9999999999926077	-1.9999999999999891	-1.000000000001689	-2	-2
271.8	-2.000000000000006	-1.9999999999947422	-1.9999999999924827	-1.9999999999999898	-1.0000000000016998	-2	-2
272.	-2.0000000000000346	-1.999999999994637	-1.9999999999923546	-1.9999999999999905	-1.0000000000017122	-2	-2
272.20000000000005	-2.0000000000000107	-1.9999999999945304	-1.999999999992223	-1.9999999999999911	-1.0000000000017257	-2	-2
272.40000000000003	-2.000000000000015	-1.9999999999944225	-1.9999999999920879	-1.9999999999999918	-1.0000000000017408	-2	-2
272.6	-2.0000000000000058	-1.999999999994313	-1.9999999999919489	-1.9999999999999925	-1.000000000001757	-2	-2
272.8	-2.0000000000000027	-1.9999999999942017	-1.9999999999918059	-1.9999999999999933	-1.0000000000017741	-2	-2
273.	-1.9999999999999807	-1.9999999999940885	-1.9999999999916585	-1.9999999999999942	-1.0000000000017921	-2	-2
273.20000000000005	-2.0000000000000213	-1.999999999993973	-1.9999999999915063	-1.9999999999999951	-1.0000000000018106	-2	-2
273.40000000000003	-2.000000000000025	-1.9999999999938554	-1.9999999999913496	-1.999999999999996	-1.0000000000018299	-2	-2
273.6	-1.9999999999999971	-1.9999999999937352	-1.9999999999911875	-1.999999999999997	-1.0000000000018492	-2	-2
273.8	-2.0000000000000204	-1.9999999999936124	-1.9999999999910203	-1.9999999999999978	-1.000000000001869	-2	-2
274.	-2.000000000000003	-1.9999999999934868	-1.9999999999908475	-1.9999999999999987	-1.0000000000018887	-2	-2
274.20000000000005	-2.0000000000000284	-1.999999999993358	-1.999999999990669	-1.9999999999999998	-1.0000000000019083	-2	-2
274.40000000000003	-2.0000000000000657	-1.999999999993226	-1.9999999999904845	-2.0000000000000004	-1.0000000000019276	-2	-2
274.6	-1.9999999999999962	-1.9999999999930909	-1.9999999999902938	-2.0000000000000018	-1.0000000000019464	-2	-2
274.8	-2.0000000000000107	-1.9999999999929519	-1.9999999999900966	-2.0000000000000027	-1.0000000000019649	-2	-2
275.	-1.999999999999998	-1.9999999999928093	-1.9999999999898928	-2.0000000000000036	-1.0000000000019824	-2	-2
275.20000000000005	-2.0000000000000213	-1.9999999999926628	-1.9999999999896818	-2.0000000000000044	-1.000000000001999	-2	-2
275.40000000000003	-2.0000000000000178	-1.999999999992512	-1.9999999999894638	-2.0000000000000053	-1.0000000000020146	-2	-2
275.6	-2.0000000000000036	-1.999999999992357	-1.9999999999892384	-2.000000000000006	-1.000000000002029	-2	-2
275.8	-1.9999999999999778	-1.9999999999921976	-1.9999999999890052	-2.000000000000007	-1.0000000000020421	-2	-2
276.	-2.000000000000039	-1.9999999999920335	-1.999999999988764	-2.000000000000008	-1.0000000000020537	-2	-2
276.20000000000005	-2.000000000000031	-1.9999999999918645	-1.999999999988515	-2.000000000000009	-1.0000000000020635	-2	-2
276.40000000000003	-2.0000000000000497	-1.9999999999916904	-1.9999999999882576	-2.0000000000000098	-1.0000000000020712	-2	-2
276.6	-1.9999999999999993	-1.9999999999915112	-1.9999999999879914	-2.0000000000000107	-1.0000000000020772	-2	-2
276.8	-1.9999999999999862	-1.9999999999913267	-1.9999999999877165	-2.0000000000000115	-1.000000000002081	-2	-2
277.	-2.0000000000000284	-1.9999999999911366	-1.9999999999874387	-2.000000000000012	-1.0000000000020826	-2	-2
277.20000000000005	-2.000000000000023	-1.9999999999909408	-1.9999999999871707	-2.000000000000013	-1.0000000000020814	-2	-2
277.40000000000003	-2.000000000000032	-1.999999999990739	-1.9999999999869125	-2.0000000000000133	-1.000000000002078	-2	-2
277.6	-2.0000000000000226	-1.9999999999905311	-1.999999999986664	-2.000000000000014	-1.0000000000020715	-2	-2
277.8	-2.000000000000029	-1.999999999990317	-1.999999999986425	-2.0000000000000147	-1.0000000000020621	-2	-2
278.	-1.9999999999999793	-1.9999999999900966	-1.9999999999861957	-2.000000000000015	-1.0000000000020497	-2	-2
278.20000000000005	-2.0000000000000284	-1.999999999989878	-1.9999999999859757	-2.0000000000000155	-1.000000000002034	-2	-2
278.40000000000003	-2.0000000000000306	-1.9999999999896678	-1.999999999985765	-2.000000000000016	-1.0000000000020148	-2	-2
278.6	-1.9999999999999714	-1.9999999999894653	-1.999999999985563	-2.000000000000016	-1.000000000001992	-2	-2
278.8	-1.9999999999999956	-1.9999999999892708	-1.9999999999853704	-2.0000000000000164	-1.0000000000019655	-2	-2
279.	-1.9999999999999851	-1.999999999989084	-1.9999999999851863	-2.0000000000000164	-1.0000000000019353	-2	-2
279.20000000000005	-2.0000000000000413	-1.9999999999889049	-1.999999999985011	-2.0000000000000164	-1.000000000001901	-2	-2
279.40000000000003	-2.0000000000000346	-1.9999999999887332	-1.9999999999848443	-2.0000000000000164	-1.0000000000018623	-2	-2
279.6	-2.000000000000022	-1.9999999999885691	-1.999999999984686	-2.0000000000000164	-1.0000000000018194	-2	-2
279.8	-2.000000000000008	-1.9999999999884122	-1.9999999999845361	-2.000000000000016	-1.000000000001772	-2	-2
280.	-2.0000000000000266	-1.9999999999882625	-1.9999999999843943	-2.0000000000000155	-1.0000000000017197	-2	-2
280.20000000000005	-2.0000000000000195	-1.9999999999881197	-1.9999999999842604	-2.0000000000000155	-1.000000000001663	-2	-2
280.40000000000003	-2.0000000000000364	-1.999999999987984	-1.9999999999841345	-2.0000000000000147	-1.000000000001601	-2	-2
280.6	-1.999999999999989	-1.999999999987855	-1.9999999999840163	-2.000000000000014	-1.0000000000015379	-2	-2
280.8	-1.9999999999999796	-1.999999999987733	-1.999999999983906	-2.0000000000000133	-1.0000000000014768	-2	-2
281.	-2.00000000000002	-1.9999999999876175	-1.999999999983803	-2.0000000000000124	-1.000000000001418	-2	-2
281.20000000000005	-2.0000000000000218	-1.9999999999875084	-1.9999999999837075	-2.000000000000012	-1.000000000001361	-2	-2
281.40000000000003	-2.000000000000055	-1.9999999999874059	-1.999999999983619	-2.000000000000011	-1.000000000001306	-2	-2
281.6	-1.999999999999987	-1.9999999999873095	-1.9999999999835378	-2.00000000000001	-1.0000000000012528	-2	-2
281.8	-2.000000000000011	-1.9999999999872193	-1.9999999999834637	-2.0000000000000093	-1.0000000000012017	-2	-2
282.	-2.00000000000003	-1.9999999999871352	-1.9999999999833962	-2.000000000000009	-1.0000000000011524	-2	-2
282.20000000000005	-2.0000000000000213	-1.999999999987057	-1.9999999999833356	-2.000000000000008	-1.000000000001105	-2	-2
282.40000000000003	-2.0000000000000084	-1.9999999999869849	-1.9999999999832816	-2.0000000000000075	-1.0000000000010592	-2	-2
282.6	-2.0000000000000027	-1.9999999999869182	-1.999999999983234	-2.0000000000000067	-1.0000000000010152	-2	-2
282.8	-2.000000000000008	-1.9999999999868572	-1.9999999999831928	-2.000000000000006	-1.000000000000973	-2	-2
283.	-1.9999999999999805	-1.999999999986802	-1.9999999999831577	-2.0000000000000053	-1.0000000000009326	-2	-2
283.20000000000005	-2.0000000000000413	-1.9999999999867517	-1.9999999999831288	-2.000000000000005	-1.0000000000008937	-2	-2
283.40000000000003	-2.0000000000000115	-1.999999999986707	-1.9999999999831057	-2.0000000000000044	-1.0000000000008564	-2	-2
283.6	-2.000000000000002	-1.9999999999866673	-1.9999999999830886	-2.000000000000004	-1.000000000000821	-2	-2
283.8	-1.9999999999999905	-1.999999999986633	-1.999999999983077	-2.0000000000000036	-1.000000000000787	-2	-2
284.	-1.9999999999999978	-1.9999999999866032	-1.999999999983071	-2.000000000000003	-1.0000000000007545	-2	-2
284.20000000000005	-2.000000000000039	-1.9999999999865785	-1.9999999999830704	-2.0000000000000027	-1.0000000000007234	-2	-2
284.40000000000003	-2.0000000000000524	-1.9999999999865585	-1.999999999983075	-2.000000000000002	-1.000000000000694	-2	-2
284.6	-2.000000000000006	-1.999999999986543	-1.999999999983085	-2.0000000000000018	-1.000000000000666	-2	-2
284.8	-2.0000000000000075	-1.999999999986532	-1.9999999999831	-2.0000000000000013	-1.0000000000006393	-2	-2
285.	-2.000000000000009	-1.9999999999865257	-1.9999999999831197	-2.000000000000001	-1.000000000000614	-2	-2
285.20000000000005	-2.0000000000000124	-1.9999999999865234	-1.9999999999831444	-2.000000000000001	-1.0000000000005902	-2	-2
285.40000000000003	-2.0000000000000213	-1.9999999999865252	-1.9999999999831735	-2.0000000000000004	-1.0000000000005675	-2	-2
285.6	-1.9999999999999751	-1.9999999999865312	-1.9999999999832072	-2.	-1.0000000000005462	-2	-2
285.8	-1.9999999999999902	-1.9999999999865412	-1.9999999999832454	-2.	-1.0000000000005262	-2	-2
286.	-2.000000000000017	-1.9999999999865548	-1.9999999999832876	-1.9999999999999998	-1.0000000000005074	-2	-2
286.20000000000005	-2.000000000000023	-1.9999999999865723	-1.999999999983334	-1.9999999999999996	-1.0000000000004898	-2	-2
286.40000000000003	-2.000000000000032	-1.9999999999865934	-1.9999999999833844	-1.9999999999999993	-1.0000000000004734	-2	-2
286.6	-1.999999999999993	-1.999999999986618	-1.9999999999834388	-1.9999999999999991	-1.000000000000458	-2	-2
286.8	-2.0000000000000107	-1.9999999999866458	-1.9999999999834968	-1.999999999999999	-1.0000000000004439	-2	-2
287.	-2.0000000000000124	-1.999999999986677	-1.9999999999835583	-1.9999999999999987	-1.0000000000004305	-2	-2
287.20000000000005	-2.000000000000021	-1.9999999999867115	-1.9999999999836233	-1.9999999999999987	-1.0000000000004186	-2	-2
287.40000000000003	-2.000000000000009	-1.9999999999867488	-1.9999999999836915	-1.9999999999999984	-1.0000000000004075	-2	-2
287.6	-2.000000000000015	-1.9999999999867892	-1.999999999983763	-1.9999999999999984	-1.0000000000003972	-2	-2
287.8	-2.000000000000016	-1.9999999999868325	-1.9999999999838376	-1.9999999999999982	-1.000000000000388	-2	-2
288.	-1.9999999999999891	-1.9999999999868783	-1.999999999983915	-1.9999999999999982	-1.0000000000003797	-2	-2
288.20000000000005	-2.000000000000022	-1.999999999986927	-1.9999999999839955	-1.9999999999999982	-1.0000000000003721	-2	-2
288.40000000000003	-2.000000000000034	-1.999999999986978	-1.9999999999840785	-1.9999999999999982	-1.0000000000003655	-2	-2
288.6	-1.9999999999999853	-1.9999999999870313	-1.999999999984164	-1.999999999999998	-1.0000000000003597	-2	-2
288.8	-1.9999999999999918	-1.9999999999870868	-1.999999999984252	-1.999999999999998	-1.0000000000003546	-2	-2
289.	-1.999999999999995	-1.9999999999871447	-1.999999999984342	-1.999999999999998	-1.0000000000003504	-2	-2
289.20000000000005	-2.000000000000023	-1.9999999999872045	-1.9999999999844345	-1.999999999999998	-1.0000000000003468	-2	-2
289.40000000000003	-2.000000000000047	-1.9999999999872662	-1.9999999999845288	-1.999999999999998	-1.000000000000344	-2	-2
289.6	-2.0000000000000013	-1.99999999998733	-1.9999999999846252	-1.9999999999999982	-1.0000000000003415	-2	-2
289.8	-2.0000000000000058	-1.9999999999873952	-1.999999999984723	-1.9999999999999982	-1.00000000000034	-2	-2
290.	-2.000000000000009	-1.999999999987462	-1.9999999999848228	-1.9999999999999982	-1.0000000000003388	-2	-2
290.20000000000005	-2.0000000000000364	-1.9999999999875304	-1.9999999999849238	-1.9999999999999982	-1.0000000000003384	-2	-2
290.40000000000003	-2.000000000000023	-1.9999999999876001	-1.9999999999850264	-1.9999999999999984	-1.0000000000003384	-2	-2
290.6	-1.9999999999999898	-1.9999999999876712	-1.9999999999851301	-1.9999999999999984	-1.0000000000003388	-2	-2
290.8	-1.999999999999989	-1.9999999999877434	-1.999999999985235	-1.9999999999999984	-1.00000000000034	-2	-2
291.	-2.000000000000015	-1.9999999999878166	-1.9999999999853408	-1.9999999999999987	-1.0000000000003413	-2	-2
291.20000000000005	-2.0000000000000373	-1.9999999999878908	-1.9999999999854474	-1.9999999999999987	-1.000000000000343	-2	-2
291.40000000000003	-2.000000000000047	-1.9999999999879656	-1.9999999999855547	-1.9999999999999987	-1.0000000000003453	-2	-2
291.6	-2.000000000000001	-1.9999999999880413	-1.9999999999856626	-1.999999999999999	-1.0000000000003477	-2	-2
291.8	-2.000000000000009	-1.9999999999881175	-1.999999999985771	-1.999999999999999	-1.0000000000003504	-2	-2
292.	-2.0000000000000226	-1.9999999999881943	-1.9999999999858795	-1.9999999999999991	-1.0000000000003535	-2	-2
292.20000000000005	-2.000000000000003	-1.9999999999882714	-1.9999999999859885	-1.9999999999999993	-1.0000000000003568	-2	-2
292.40000000000003	-2.0000000000000115	-1.9999999999883489	-1.9999999999860973	-1.9999999999999993	-1.0000000000003602	-2	-2
292.6	-2.0000000000000013	-1.9999999999884264	-1.9999999999862061	-1.9999999999999996	-1.000000000000364	-2	-2
292.8	-2.000000000000004	-1.9999999999885039	-1.9999999999863147	-1.9999999999999996	-1.0000000000003677	-2	-2
293.	-1.9999999999999833	-1.9999999999885814	-1.999999999986423	-1.9999999999999998	-1.0000000000003715	-2	-2
293.20000000000005	-2.0000000000000324	-1.9999999999886586	-1.9999999999865308	-1.9999999999999998	-1.0000000000003755	-2	-2
293.40000000000003	-2.0000000000000266	-1.9999999999887355	-1.999999999986638	-2.	-1.0000000000003795	-2	-2
293.6	-1.9999999999999818	-1.999999999988812	-1.9999999999867444	-2.	-1.0000000000003835	-2	-2
293.8	-2.0000000000000053	-1.999999999988888	-1.99999999998685	-2.0000000000000004	-1.0000000000003875	-2	-2
294.	-1.9999999999999911	-1.9999999999889635	-1.9999999999869547	-2.0000000000000004	-1.0000000000003915	-2	-2
294.20000000000005	-2.0000000000000275	-1.999999999989038	-1.9999999999870581	-2.0000000000000004	-1.0000000000003952	-2	-2
294.40000000000003	-2.0000000000000586	-1.9999999999891118	-1.9999999999871603	-2.000000000000001	-1.000000000000399	-2	-2
294.6	-2.0000000000000067	-1.9999999999891847	-1.9999999999872613	-2.000000000000001	-1.0000000000004026	-2	-2
294.8	-2.000000000000009	-1.9999999999892564	-1.9999999999873606	-2.000000000000001	-1.000000000000406	-2	-2
295.	-2.0000000000000053	-1.999999999989327	-1.9999999999874583	-2.000000000000001	-1.000000000000409	-2	-2
295.20000000000005	-2.000000000000014	-1.9999999999893963	-1.999999999987554	-2.0000000000000013	-1.0000000000004121	-2	-2
295.40000000000003	-2.0000000000000298	-1.999999999989464	-1.999999999987648	-2.0000000000000013	-1.0000000000004148	-2	-2
295.6	-1.9999999999999845	-1.9999999999895302	-1.99999999998774	-2.0000000000000013	-1.000000000000417	-2	-2
295.8	-1.9999999999999833	-1.9999999999895948	-1.9999999999878297	-2.0000000000000013	-1.000000000000419	-2	-2
296.	-2.0000000000000115	-1.9999999999896578	-1.9999999999879172	-2.0000000000000018	-1.0000000000004208	-2	-2
296.20000000000005	-2.000000000000025	-1.9999999999897187	-1.9999999999880023	-2.0000000000000018	-1.0000000000004219	-2	-2
296.40000000000003	-2.0000000000000346	-1.9999999999897777	-1.9999999999880846	-2.0000000000000018	-1.0000000000004228	-2	-2
296.6	-2.0000000000000004	-1.9999999999898348	-1.9999999999881644	-2.0000000000000018	-1.000000000000423	-2	-2
296.8	-2.000000000000006	-1.9999999999898894	-1.9999999999882414	-2.0000000000000018	-1.0000000000004228	-2	-2
297.	-2.0000000000000346	-1.999999999989942	-1.9999999999883153	-2.000000000000002	-1.000000000000422	-2	-2
297.20000000000005	-2.0000000000000293	-1.999999999989992	-1.9999999999883862	-2.000000000000002	-1.000000000000421	-2	-2
297.40000000000003	-2.0000000000000218	-1.9999999999900395	-1.999999999988454	-2.000000000000002	-1.000000000000419	-2	-2
297.6	-2.000000000000015	-1.9999999999900844	-1.999999999988518	-2.000000000000002	-1.0000000000004166	-2	-2
297.8	-1.999999999999995	-1.9999999999901263	-1.999999999988579	-2.000000000000002	-1.0000000000004134	-2	-2
298.	-1.9999999999999731	-1.9999999999901656	-1.9999999999886362	-2.000000000000002	-1.0000000000004095	-2	-2
298.20000000000005	-2.0000000000000293	-1.9999999999902018	-1.9999999999886897	-2.000000000000002	-1.000000000000405	-2	-2
298.40000000000003	-2.0000000000000266	-1.999999999990235	-1.9999999999887392	-2.000000000000002	-1.0000000000003997	-2	-2
298.6	-1.9999999999999898	-1.999999999990265	-1.9999999999887847	-2.000000000000002	-1.0000000000003935	-2	-2
298.8	-1.999999999999997	-1.9999999999902915	-1.9999999999888263	-2.000000000000002	-1.0000000000003866	-2	-2
299.	-2.000000000000001	-1.9999999999903146	-1.9999999999888636	-2.000000000000002	-1.0000000000003788	-2	-2
299.20000000000005	-2.0000000000000293	-1.9999999999903344	-1.9999999999888962	-2.000000000000002	-1.0000000000003701	-2	-2
299.40000000000003	-2.000000000000048	-1.9999999999903504	-1.9999999999889244	-2.000000000000002	-1.0000000000003606	-2	-2
299.6	-1.9999999999999931	-1.9999999999903626	-1.9999999999889482	-2.0000000000000018	-1.00000000000035	-2	-2
299.8	-2.000000000000023	-1.9999999999903708	-1.9999999999889668	-2.0000000000000018	-1.0000000000003384	-2	-2
300.	-2.000000000000014	-1.9999999999903753	-1.9999999999889808	-2.0000000000000018	-1.000000000000326	-2	-2